615,Thenthuk,Thenthuk,थेन्थुक,Thenthuk (Thenthuk - थेन्थुक),Prepared Meal,Tibetan-Nepali hand-pulled noodle soup,per 100 g edible portion,171.6,6.353,1.321,2.006,2.036,23.32,2.258,6.557,2.538,17.07,403.4,60.68,62.06,0.096,32.0,0.211,0.079,1.35,0.379,0.165,5.33,0.1,0.597,5.286,32.87,0.136,1.357,27.61,0.33,108.9,212.4,5.688,0.931,44.19,"Approximate; raw foods reference-style, prepared foods recipe estimate"
616,Sha Phaley,Sha Phaley,शा फाले,Sha Phaley (Sha Phaley - शा फाले),Snack,Tibetan-style fried meat pie,per 100 g edible portion,293.0,13.82,2.01,3.669,4.513,29.79,3.535,6.112,3.259,5.412,463.6,41.36,22.7,0.129,27.94,0.056,0.083,1.52,0.317,0.165,3.956,0,1.158,5.389,35.89,0.167,1.661,46.29,0.559,109.9,245.2,4.523,0.967,47.22,"Approximate; raw foods reference-style, prepared foods recipe estimate"
617,Tingmo,Tingmo,टिङ्मो,Tingmo (Tingmo - टिङ्मो),Bread,Steamed Tibetan bread,per 100 g edible portion,246.7,5.337,1.063,1.467,2.075,44.17,2.987,7.703,4.097,0,292.7,29.81,3.591,0.187,31.13,0,0.085,2.57,0.381,0.166,0,0,0.541,1.844,27.07,0.182,2.058,60.56,0.913,195.1,172.8,14.81,1.325,56.87,"Approximate; raw foods reference-style, prepared foods recipe estimate"
618,Gyuma,Gyuma,ग्युमा,Gyuma (Gyuma - ग्युमा),Meat,Tibetan blood sausage style dish,per 100 g edible portion,235.2,14.26,5.012,4.964,1.46,2.303,0.708,26.13,0.177,83.24,441.8,52.77,14.66,0.11,7.103,2.007,0.16,5.963,0.777,0.344,0.992,0.191,0.469,2.65,19.42,0.112,2.294,26.06,0.044,178.4,329.7,20.09,3.283,100,"Approximate; raw foods reference-style, prepared foods recipe estimate"
619,Shabalay Veg,Veg Shabalay,भेज शाबाले,Shabalay Veg (Veg Shabalay - भेज शाबाले),Snack,Fried vegetable stuffed bread,per 100 g edible portion,330.4,14.28,2.07,4.063,4.483,30.86,4.353,6.073,2.713,6.408,439.8,44.05,22.59,0.121,27.28,0.046,0.078,1.466,0.275,0.133,4.226,0,1.116,5.592,32.99,0.182,1.896,46.42,0.559,132.4,217.0,4.922,0.909,44.11,"Approximate; raw foods reference-style, prepared foods recipe estimate"
620,Shabalay Buff,Buff Shabalay,बफ शाबाले,Shabalay Buff (Buff Shabalay - बफ शाबाले),Snack,Fried buffalo stuffed bread,per 100 g edible portion,329.2,16.5,2.103,3.876,4.964,28.34,3.785,5.908,2.943,5.548,512.1,38.35,21.65,0.108,26.73,0.052,0.073,1.575,0.29,0.151,4.439,0,1.042,4.739,35.37,0.198,1.663,42.69,0.565,126.7,240.2,5.304,0.906,44.29,"Approximate; raw foods reference-style, prepared foods recipe estimate"
621,Khapse,Khapse,खाप्से,Khapse (Khapse - खाप्से),Snack,Tibetan fried pastry,per 100 g edible portion,296.7,16.12,2.407,3.543,4.103,29.95,4.006,5.397,3.332,5.823,509.7,44.42,19.71,0.131,32.29,0.055,0.085,1.613,0.332,0.166,3.877,0,1.13,4.708,31.22,0.188,1.612,43.0,0.604,130.7,258.8,4.812,1.059,44.65,"Approximate; raw foods reference-style, prepared foods recipe estimate"
622,Tsampa,Tsampa,त्साम्पा,Tsampa (Tsampa - त्साम्पा),Staple,Roasted barley flour,per 100 g edible portion,276.0,2.731,0.475,0.652,0.919,46.51,1.042,7.682,3.778,0,9.039,37.59,2.005,0.195,29.22,0,0.078,2.293,0.556,0.187,0,0,0.538,2.054,23.89,0.23,2.261,66.06,1.349,207.7,221.5,11.51,1.739,56.09,"Approximate; raw foods reference-style, prepared foods recipe estimate"
623,Tsampa Porridge,Tsampa Lito,त्साम्पा लिटो,Tsampa Porridge (Tsampa Lito - त्साम्पा लिटो),Staple,Tsampa porridge,per 100 g edible portion,268.0,2.463,0.51,0.665,0.905,44.45,0.98,6.779,3.599,0,8.046,35.29,2.09,0.204,27.43,0,0.087,2.591,0.459,0.215,0,0,0.481,2.041,26.67,0.263,2.048,72.93,1.305,218.0,230.7,11.96,1.546,52.42,"Approximate; raw foods reference-style, prepared foods recipe estimate"
624,Sherpa Stew,Sherpa Stew,शेर्पा स्ट्यु,Sherpa Stew (Sherpa Stew - शेर्पा स्ट्यु),Prepared Meal,Mixed vegetable and meat stew,per 100 g edible portion,173.9,6.56,1.361,2.114,2.11,24.76,2.299,7.818,2.243,17.86,416.9,60.85,62.89,0.096,33.04,0.198,0.09,1.362,0.318,0.153,5.469,0.105,0.67,6.369,29.3,0.132,1.272,30.89,0.374,104.2,179.2,6.095,0.931,46.66,"Approximate; raw foods reference-style, prepared foods recipe estimate"
625,Rildok,Rildok,रिल्डोक,Rildok (Rildok - रिल्डोक),Prepared Meal,Sherpa potato dumpling soup,per 100 g edible portion,173.6,6.551,1.395,2.214,1.925,23.45,2.229,7.582,2.37,19.41,334.3,53.3,57.73,0.098,29.98,0.181,0.079,1.582,0.332,0.143,6.244,0.101,0.565,5.358,31.43,0.128,1.241,29.12,0.365,105.7,182.2,6.192,0.982,46.57,"Approximate; raw foods reference-style, prepared foods recipe estimate"
626,Aloo Roti,Aalu Roti,आलु रोटी,Aloo Roti (Aalu Roti - आलु रोटी),Bread,Potato flatbread,per 100 g edible portion,270.9,4.873,0.911,1.586,2.16,46.72,3.256,8.117,3.887,0,283.1,34.28,4.508,0.162,34.19,0,0.085,2.377,0.328,0.155,0,0,0.59,1.751,30.62,0.189,1.856,57.17,0.974,161.3,181.1,16.42,1.488,56.59,"Approximate; raw foods reference-style, prepared foods recipe estimate"
627,Kanchemba,Kanchemba,कान्छेम्बा,Kanchemba (Kanchemba - कान्छेम्बा),Prepared Meal,Traditional fermented millet dish,per 100 g edible portion,167.0,6.238,1.303,2.011,1.826,21.67,2.552,6.929,2.356,17.48,398.6,53.18,61.71,0.099,37.73,0.198,0.087,1.618,0.347,0.157,5.958,0.096,0.614,5.572,32.37,0.134,1.332,30.42,0.37,123.2,217.4,5.99,1.003,44.91,"Approximate; raw foods reference-style, prepared foods recipe estimate"
628,Kinema Curry,Kinema Tarkari,किनेमा तरकारी,Kinema Curry (Kinema Tarkari - किनेमा तरकारी),Prepared Meal,Fermented soybean curry,per 100 g edible portion,156.0,5.325,1.198,2.05,1.89,22.47,2.252,7.112,2.395,18.63,382.9,57.31,59.13,0.083,35.69,0.186,0.083,1.538,0.374,0.146,6.109,0.108,0.582,6.764,28.87,0.147,1.551,31.81,0.34,102.9,206.7,5.559,0.935,46.06,"Approximate; raw foods reference-style, prepared foods recipe estimate"
629,Kinema Achar,Kinema Achar,किनेमा अचार,Kinema Achar (Kinema Achar - किनेमा अचार),Pickle/Side,Fermented soybean pickle,per 100 g edible portion,75.48,3.728,0.636,1.12,1.502,7.098,3.342,1.351,2.311,0,806.6,88.05,55.52,0.048,22.66,0,0.046,0.631,0.267,0.13,11.57,0,0.665,10.71,37.09,0.13,0.876,23.97,0.228,44.04,201.8,0.818,0.486,25.37,"Approximate; raw foods reference-style, prepared foods recipe estimate"
630,Wachipa,Wachipa,वाचिपा,Wachipa (Wachipa - वाचिपा),Prepared Meal,Rai traditional rice-chicken dish,per 100 g edible portion,160.8,5.993,1.383,1.946,1.908,21.84,2.762,6.68,2.449,19.56,327.0,59.87,56.33,0.086,37.47,0.176,0.073,1.337,0.372,0.147,6.19,0.11,0.655,6.445,28.98,0.126,1.522,28.31,0.355,116.4,207.9,6.68,1.093,44.59,"Approximate; raw foods reference-style, prepared foods recipe estimate"
631,Wamik,Wamik,वामिक,Wamik (Wamik - वामिक),Prepared Meal,Rai-style fermented greens dish,per 100 g edible portion,169.2,6.213,1.169,2.318,1.915,21.74,2.304,7.083,2.533,17.33,356.7,55.92,54.13,0.09,32.68,0.192,0.082,1.529,0.363,0.162,6.259,0.089,0.605,6.016,26.42,0.154,1.37,27.31,0.357,111.7,189.5,6.412,0.926,45.64,"Approximate; raw foods reference-style, prepared foods recipe estimate"
632,Sargemba,Sargemba,सार्गेम्बा,Sargemba (Sargemba - सार्गेम्बा),Prepared Meal,Limbu traditional blood sausage dish,per 100 g edible portion,178.9,5.726,1.451,1.985,2.04,23.76,2.542,6.444,2.415,17.94,341.2,61.51,59.32,0.098,39.46,0.18,0.073,1.332,0.319,0.144,5.725,0.096,0.623,5.136,26.54,0.125,1.453,26.7,0.319,103.7,199.7,5.886,1.003,43.05,"Approximate; raw foods reference-style, prepared foods recipe estimate"
633,Yangben Curry,Yangben Tarkari,याङ्बेन तरकारी,Yangben Curry (Yangben Tarkari - याङ्बेन तरकारी),Prepared Meal,"Lichen curry, Limbu style",per 100 g edible portion,170.5,6.247,1.191,2.028,1.912,21.76,2.667,6.275,2.317,18.29,341.7,52.81,50.9,0.088,34.14,0.17,0.077,1.461,0.369,0.137,6.603,0.097,0.551,5.141,31.7,0.131,1.256,29.13,0.32,107.5,208.5,5.949,0.884,42.25,"Approximate; raw foods reference-style, prepared foods recipe estimate"
634,Yangben Achar,Yangben Achar,याङ्बेन अचार,Yangben Achar (Yangben Achar - याङ्बेन अचार),Pickle/Side,Lichen pickle,per 100 g edible portion,77.32,3.415,0.576,1.241,1.557,7.466,2.724,1.499,2.52,0,726.2,71.67,60.13,0.045,23.16,0,0.048,0.743,0.227,0.116,10.67,0,0.666,9.55,42.47,0.133,0.821,25.66,0.261,40.63,243.4,0.853,0.468,27.33,"Approximate; raw foods reference-style, prepared foods recipe estimate"
635,Tongba Millet Base,Tongba Kodo,तोङ्बा कोदो,Tongba Millet Base (Tongba Kodo - तोङ्बा कोदो),Beverage,"Fermented millet base, non-distilled",per 100 g edible portion,40.7,1.598,0.871,0.386,0.102,6.492,6.273,1.132,0.095,4.529,26.21,94.71,15.11,0.021,3.344,0.186,0.062,0.111,0.219,0.018,1.978,0.045,0.05,0.185,40.26,0.009,0.054,6.22,0.03,35.11,68.76,0.97,0.206,7.92,"Approximate; raw foods reference-style, prepared foods recipe estimate"
636,Chyang Rice Base,Chyang Chamal,छ्याङ चामल,Chyang Rice Base (Chyang Chamal - छ्याङ चामल),Beverage,Fermented rice beverage base,per 100 g edible portion,47.09,1.402,0.985,0.378,0.104,6.941,5.316,1.189,0.111,4.609,25.61,92.31,13.86,0.02,2.787,0.201,0.069,0.095,0.202,0.018,1.961,0.047,0.051,0.208,46.56,0.011,0.049,6.202,0.032,36.73,58.22,0.938,0.195,8.35,"Approximate; raw foods reference-style, prepared foods recipe estimate"
637,Jand Millet Base,Jand Kodo,जाँड कोदो,Jand Millet Base (Jand Kodo - जाँड कोदो),Beverage,Fermented millet beverage base,per 100 g edible portion,49.86,1.384,0.858,0.43,0.1,7.159,6.563,1.123,0.105,5.393,22.6,98.9,15.81,0.022,3.308,0.179,0.077,0.098,0.211,0.019,2.072,0.05,0.049,0.178,49.15,0.011,0.054,6.439,0.029,38.85,71.97,0.891,0.192,8.41,"Approximate; raw foods reference-style, prepared foods recipe estimate"
638,Kodo ko Raksi Mash,Kodo Raksi Mash,कोदो रक्सी म्यास,Kodo ko Raksi Mash (Kodo Raksi Mash - कोदो रक्सी म्यास),Prepared Meal,Cooked fermented millet mash,per 100 g edible portion,159.7,6.036,1.178,1.95,1.872,25.82,2.622,7.418,2.507,19.67,414.5,67.03,51.57,0.086,33.04,0.218,0.083,1.577,0.387,0.142,5.824,0.093,0.659,5.249,32.57,0.129,1.519,33.02,0.346,99.0,188.7,6.415,1.106,47.53,"Approximate; raw foods reference-style, prepared foods recipe estimate"
639,Newari Aloo Tama,Newari Aalu Tama,नेवारी आलु तामा,Newari Aloo Tama (Newari Aalu Tama - नेवारी आलु तामा),Prepared Meal,Newari-style potato bamboo shoot curry,per 100 g edible portion,182.0,5.322,1.185,2.218,1.935,26.73,2.522,7.837,2.308,19.16,431.2,67.02,50.93,0.09,39.74,0.17,0.082,1.566,0.373,0.153,6.208,0.105,0.598,5.574,29.94,0.137,1.36,29.22,0.385,119.6,213.5,6.532,1.042,47.72,"Approximate; raw foods reference-style, prepared foods recipe estimate"
640,Kachila,Kachila,कचिला,Kachila (Kachila - कचिला),Meat,Newari spiced minced raw/cooked meat,per 100 g edible portion,214.9,12.9,5.009,4.415,1.608,2.277,0.691,22.26,0.201,86.01,374.1,55.11,14.44,0.122,8.401,2.288,0.183,5.455,0.75,0.371,0.972,0.212,0.461,2.883,17.67,0.133,2.402,21.7,0.039,195.8,307.7,18.95,3.641,89.06,"Approximate; raw foods reference-style, prepared foods recipe estimate"
641,Sapu Mhicha,Sapu Mhicha,सापु म्हिचा,Sapu Mhicha (Sapu Mhicha - सापु म्हिचा),Meat,Newari buffalo leaf tripe dish,per 100 g edible portion,217.1,13.58,4.013,5.09,1.522,2.237,0.713,25.06,0.219,83.36,438.6,53.09,14.74,0.11,8.257,2.193,0.171,5.644,0.839,0.366,0.949,0.197,0.495,3.337,21.75,0.125,2.574,25.94,0.04,176.7,344.2,19.41,3.629,100,"Approximate; raw foods reference-style, prepared foods recipe estimate"
642,Bhutan,Bhutan,भुटन,Bhutan (Bhutan - भुटन),Meat,Spiced fried goat/buff offal,per 100 g edible portion,264.6,16.02,4.996,4.636,1.609,2.563,0.62,26.23,0.214,83.35,420.5,65.08,13.7,0.13,7.59,1.882,0.188,5.042,0.809,0.381,1.104,0.193,0.524,3.008,21.45,0.12,2.372,25.71,0.037,183.0,275.3,21.27,3.128,100,"Approximate; raw foods reference-style, prepared foods recipe estimate"
643,Pangra Fry,Pangra Fry,पाँग्रा फ्राइ,Pangra Fry (Pangra Fry - पाँग्रा फ्राइ),Meat,Fried gizzard dish,per 100 g edible portion,283.2,15.36,4.047,5.496,1.765,2.766,0.778,21.24,0.196,83.71,409.6,60.82,12.81,0.13,7.597,1.725,0.175,6.098,0.883,0.31,0.938,0.184,0.545,2.608,21.72,0.119,2.438,26.75,0.039,203.4,293.7,17.74,3.333,85.36,"Approximate; raw foods reference-style, prepared foods recipe estimate"
644,Kalejo Fry,Kalejo Fry,कलेजो फ्राइ,Kalejo Fry (Kalejo Fry - कलेजो फ्राइ),Organ Meat,Fried liver,per 100 g edible portion,210.8,8.178,2.392,2.267,1.414,3.146,0.498,24.09,0,339.9,136.0,59.74,4123.0,0.202,265.0,32.12,2.237,11.26,6.092,0.746,17.75,0.861,0.663,3.35,15.66,4.352,7.32,24.28,0.273,281.8,302.7,40.48,4.213,100,"Approximate; raw foods reference-style, prepared foods recipe estimate"
645,Bara Buff,Buff Bara,बफ बारा,Bara Buff (Buff Bara - बफ बारा),Prepared Meal,Lentil pancake with buffalo topping,per 100 g edible portion,165.5,5.755,1.368,2.226,2.183,24.69,2.677,7.626,2.24,18.81,368.4,61.13,53.12,0.095,30.75,0.209,0.072,1.508,0.383,0.164,5.546,0.105,0.651,5.596,27.09,0.136,1.487,33.13,0.356,115.6,200.0,5.806,0.959,46.76,"Approximate; raw foods reference-style, prepared foods recipe estimate"
646,Bara Chicken,Chicken Bara,चिकेन बारा,Bara Chicken (Chicken Bara - चिकेन बारा),Prepared Meal,Lentil pancake with chicken topping,per 100 g edible portion,185.8,5.77,1.339,2.219,1.878,26.64,2.661,6.28,2.542,18.79,396.7,56.13,47.73,0.097,37.72,0.174,0.074,1.5,0.391,0.138,6.7,0.093,0.57,6.024,28.33,0.129,1.304,31.47,0.361,100.4,208.6,6.531,1.0,43.41,"Approximate; raw foods reference-style, prepared foods recipe estimate"
647,Chatamari Veg,Veg Chatamari,भेज चटामरी,Chatamari Veg (Veg Chatamari - भेज चटामरी),Prepared Meal,Vegetable topped rice crepe,per 100 g edible portion,192.2,6.435,1.181,2.131,1.908,26.19,2.621,7.071,2.588,19.11,344.3,62.81,53.07,0.081,39.77,0.229,0.079,1.537,0.358,0.158,5.934,0.112,0.612,5.843,31.08,0.138,1.254,29.91,0.33,114.4,194.1,6.372,1.096,45.93,"Approximate; raw foods reference-style, prepared foods recipe estimate"
648,Chatamari Buff,Buff Chatamari,बफ चटामरी,Chatamari Buff (Buff Chatamari - बफ चटामरी),Prepared Meal,Buffalo topped rice crepe,per 100 g edible portion,188.3,5.771,1.214,1.869,1.869,26.09,2.355,6.253,2.229,18.96,359.5,62.15,60.15,0.087,38.2,0.207,0.082,1.665,0.381,0.142,5.827,0.091,0.532,6.834,33.46,0.145,1.268,26.53,0.336,101.0,185.8,6.388,1.06,41.28,"Approximate; raw foods reference-style, prepared foods recipe estimate"
649,Wo,Wo,वो,Wo (Wo - वो),Prepared Meal,Newari lentil pancake,per 100 g edible portion,181.1,6.131,1.162,2.271,2.231,22.81,2.318,6.44,2.466,18.04,386.1,58.0,62.83,0.085,39.96,0.205,0.079,1.526,0.356,0.165,6.138,0.096,0.607,5.37,29.13,0.13,1.557,31.71,0.377,120.2,210.9,6.318,0.974,44.15,"Approximate; raw foods reference-style, prepared foods recipe estimate"
650,Yomari Chaku,Chaku Yomari,चाकु योमरी,Yomari Chaku (Chaku Yomari - चाकु योमरी),Sweet,Yomari filled with molasses,per 100 g edible portion,376.5,11.05,4.117,3.21,1.764,60.08,46.08,4.457,1.02,11.48,88.21,20.99,20.66,0.044,8.814,0.135,0.067,0.557,0.182,0.045,0,0.054,0.509,1.042,42.17,0.078,0.742,17.51,0.133,73.31,88.12,2.819,0.448,23.63,"Approximate; raw foods reference-style, prepared foods recipe estimate"
651,Yomari Khuwa,Khuwa Yomari,खुवा योमरी,Yomari Khuwa (Khuwa Yomari - खुवा योमरी),Sweet,Yomari filled with milk solids,per 100 g edible portion,376.0,10.2,3.535,3.233,1.771,53.35,44.78,3.602,1.013,10.64,81.38,22.44,19.26,0.052,6.829,0.171,0.077,0.55,0.214,0.05,0,0.048,0.494,1.106,44.67,0.072,0.792,16.37,0.139,82.19,100.7,2.803,0.556,20.96,"Approximate; raw foods reference-style, prepared foods recipe estimate"
652,Lakhamari,Lakhamari,लाखामरी,Lakhamari (Lakhamari - लाखामरी),Sweet,Newari ceremonial fried sweet,per 100 g edible portion,432.0,15.65,3.919,3.245,2.139,62.14,44.2,4.171,1.051,11.32,99.51,24.6,18.47,0.056,9.118,0.142,0.069,0.471,0.2,0.044,0,0.053,0.529,1.112,45.19,0.074,0.839,17.7,0.148,78.7,94.57,3.037,0.472,22.3,"Approximate; raw foods reference-style, prepared foods recipe estimate"
653,Anarsa,Anarsa,अनरसा,Anarsa (Anarsa - अनरसा),Sweet,Rice-sesame jaggery sweet,per 100 g edible portion,362.6,11.93,3.947,3.335,2.154,52.59,46.07,4.184,1.089,13.0,89.72,24.4,20.42,0.051,8.638,0.157,0.066,0.555,0.178,0.048,0,0.049,0.516,1.147,45.81,0.078,0.789,16.0,0.141,79.17,108.9,3.189,0.508,23.66,"Approximate; raw foods reference-style, prepared foods recipe estimate"
654,Fini Roti,Fini Roti,फिनी रोटी,Fini Roti (Fini Roti - फिनी रोटी),Sweet,Layered fried festival bread,per 100 g edible portion,442.7,15.19,3.631,3.491,2.162,55.28,38.04,4.47,0.896,12.1,95.84,24.39,21.84,0.049,7.649,0.135,0.078,0.558,0.18,0.049,0,0.047,0.466,0.871,46.25,0.077,0.715,17.77,0.14,75.06,110.0,3.147,0.509,22.39,"Approximate; raw foods reference-style, prepared foods recipe estimate"
655,Malpua,Malpua,मालपुवा,Malpua (Malpua - मालपुवा),Sweet,Fried sweet pancake,per 100 g edible portion,374.2,15.84,3.824,3.886,1.858,54.05,44.16,3.695,0.971,12.22,91.87,20.02,20.36,0.055,8.006,0.165,0.07,0.544,0.19,0.053,0,0.055,0.477,0.883,44.34,0.077,0.794,17.44,0.161,69.51,108.9,2.959,0.523,21.27,"Approximate; raw foods reference-style, prepared foods recipe estimate"
656,Puwa with Banana,Kera Puwa,केरा पुवा,Puwa with Banana (Kera Puwa - केरा पुवा),Sweet,Banana sweet fritter,per 100 g edible portion,380.3,10.45,3.923,3.109,2.143,55.29,40.33,3.709,1.056,11.81,81.49,20.26,20.49,0.047,6.837,0.163,0.071,0.474,0.218,0.053,0,0.054,0.49,1.146,43.43,0.071,0.83,17.45,0.151,66.21,100.2,3.024,0.448,21.54,"Approximate; raw foods reference-style, prepared foods recipe estimate"
657,Rice Pua,Chamal Puwa,चामल पुवा,Rice Pua (Chamal Puwa - चामल पुवा),Sweet,Rice flour sweet fritter,per 100 g edible portion,391.0,9.783,3.734,3.341,1.867,57.18,46.04,4.152,1.001,12.84,89.1,22.84,18.1,0.047,7.885,0.167,0.071,0.503,0.185,0.053,0,0.048,0.548,0.969,43.3,0.084,0.826,17.95,0.141,74.51,93.88,2.98,0.547,22.58,"Approximate; raw foods reference-style, prepared foods recipe estimate"
658,Gundpak,Gundpak,गुन्दपाक,Gundpak (Gundpak - गुन्दपाक),Sweet,Milk-solid nut sweet,per 100 g edible portion,344.9,11.53,3.692,3.248,2.091,61.98,42.07,3.536,1.081,11.11,89.79,20.31,18.24,0.046,9.036,0.171,0.076,0.507,0.218,0.046,0,0.044,0.459,1.06,46.59,0.076,0.854,15.84,0.168,82.91,99.69,3.018,0.522,21.75,"Approximate; raw foods reference-style, prepared foods recipe estimate"
659,Pustakari,Pustakari,पुस्तकारी,Pustakari (Pustakari - पुस्तकारी),Sweet,Milk caramel sweet,per 100 g edible portion,370.1,11.51,3.939,3.456,2.159,55.07,46.68,4.013,0.899,11.04,101.5,20.62,21.55,0.047,6.813,0.143,0.076,0.55,0.186,0.05,0,0.049,0.539,0.873,49.25,0.083,0.763,17.05,0.144,73.74,98.87,2.967,0.542,22.12,"Approximate; raw foods reference-style, prepared foods recipe estimate"
660,Lalmohan,Lalmohan,लालमोहन,Lalmohan (Lalmohan - लालमोहन),Sweet,Syrup-soaked milk sweet,per 100 g edible portion,334.4,11.15,3.943,3.318,2.126,64.74,37.81,3.972,1.004,11.37,80.97,22.4,20.33,0.051,6.86,0.132,0.068,0.492,0.178,0.053,0,0.054,0.536,0.955,45.48,0.082,0.769,16.62,0.154,70.9,100.4,2.709,0.505,22.89,"Approximate; raw foods reference-style, prepared foods recipe estimate"
661,Barfi,Barfi,बर्फी,Barfi (Barfi - बर्फी),Sweet,Milk-based fudge,per 100 g edible portion,387.5,10.84,4.047,3.253,1.973,58.46,45.9,3.822,1.027,11.61,81.63,24.44,22.21,0.048,7.052,0.169,0.072,0.538,0.192,0.055,0,0.051,0.511,1.142,48.3,0.072,0.726,16.53,0.14,68.23,103.2,2.89,0.494,21.65,"Approximate; raw foods reference-style, prepared foods recipe estimate"
662,Kaju Katli,Kaju Katli,काजु कतली,Kaju Katli (Kaju Katli - काजु कतली),Sweet,Cashew sweet,per 100 g edible portion,341.6,9.763,3.873,3.217,1.845,63.27,37.49,4.079,0.919,11.98,93.16,21.79,21.82,0.047,7.315,0.17,0.073,0.54,0.204,0.05,0,0.046,0.512,1.009,47.7,0.076,0.806,19.17,0.157,71.83,100.7,3.223,0.493,23.08,"Approximate; raw foods reference-style, prepared foods recipe estimate"
663,Soan Papdi,Soan Papdi,सोअन पापडी,Soan Papdi (Soan Papdi - सोअन पापडी),Sweet,Flaky gram-flour sweet,per 100 g edible portion,320.6,10.74,3.768,3.302,1.881,60.8,36.94,4.037,1.116,13.23,89.4,22.16,22.46,0.055,8.957,0.138,0.076,0.468,0.219,0.05,0,0.046,0.47,1.047,41.7,0.086,0.851,19.96,0.151,73.37,111.3,3.316,0.54,24.19,"Approximate; raw foods reference-style, prepared foods recipe estimate"
664,Milk Cake,Milk Cake,मिल्क केक,Milk Cake (Milk Cake - मिल्क केक),Sweet,Reduced milk sweet,per 100 g edible portion,378.1,11.04,3.835,3.115,2.02,59.15,39.67,4.405,0.887,13.23,94.86,23.96,22.44,0.047,7.563,0.153,0.076,0.477,0.196,0.052,0,0.048,0.46,0.875,49.38,0.075,0.798,19.33,0.166,83.74,111.1,3.086,0.505,23.64,"Approximate; raw foods reference-style, prepared foods recipe estimate"
665,Chhena Poda,Chhena Poda,छेना पोडा,Chhena Poda (Chhena Poda - छेना पोडा),Sweet,Baked cheese sweet,per 100 g edible portion,331.9,10.63,3.548,3.697,2.013,62.5,39.18,3.934,0.934,11.71,98.05,21.07,18.03,0.049,7.318,0.167,0.067,0.492,0.179,0.056,0,0.054,0.519,0.957,46.52,0.075,0.813,17.56,0.167,71.97,92.83,3.057,0.481,22.59,"Approximate; raw foods reference-style, prepared foods recipe estimate"
666,Chhena Jalebi,Chhena Jeri,छेना जेरी,Chhena Jalebi (Chhena Jeri - छेना जेरी),Sweet,Cheese-based syrup sweet,per 100 g edible portion,366.1,10.7,3.652,3.71,1.871,51.8,44.4,3.983,0.905,12.53,95.58,21.47,19.48,0.048,7.506,0.157,0.065,0.545,0.207,0.052,0,0.049,0.554,1.02,41.55,0.076,0.725,16.28,0.162,70.56,106.3,2.923,0.52,21.7,"Approximate; raw foods reference-style, prepared foods recipe estimate"
667,Mohanthal,Mohanthal,मोहनथाल,Mohanthal (Mohanthal - मोहनथाल),Sweet,Gram flour fudge,per 100 g edible portion,362.3,11.43,3.572,3.712,2.099,62.61,37.4,3.581,1.025,11.95,106.9,24.2,20.11,0.052,6.897,0.148,0.064,0.525,0.197,0.055,0,0.049,0.55,0.913,49.93,0.072,0.86,17.61,0.138,74.15,105.8,3.341,0.529,21.7,"Approximate; raw foods reference-style, prepared foods recipe estimate"
668,Besan Ladoo,Besan Laddu,बेसन लड्डु,Besan Ladoo (Besan Laddu - बेसन लड्डु),Sweet,Gram flour sweet ball,per 100 g edible portion,369.6,10.98,4.11,3.499,2.221,58.8,42.41,4.224,0.947,11.17,90.38,23.37,18.54,0.049,6.957,0.16,0.069,0.538,0.191,0.051,0,0.045,0.531,1.097,46.08,0.072,0.776,16.66,0.157,72.41,102.7,3.132,0.455,22.98,"Approximate; raw foods reference-style, prepared foods recipe estimate"
669,Boondi Ladoo,Boondi Laddu,बुन्दी लड्डु,Boondi Ladoo (Boondi Laddu - बुन्दी लड्डु),Sweet,Fried gram pearl sweet,per 100 g edible portion,373.1,13.01,3.816,3.588,1.809,57.73,41.78,3.548,0.941,13.41,85.78,23.53,20.48,0.05,7.279,0.137,0.068,0.457,0.183,0.045,0,0.052,0.517,0.961,41.02,0.084,0.736,18.17,0.156,72.56,109.8,3.066,0.55,20.41,"Approximate; raw foods reference-style, prepared foods recipe estimate"
670,Coconut Ladoo,Nariwal Laddu,नरिवल लड्डु,Coconut Ladoo (Nariwal Laddu - नरिवल लड्डु),Sweet,Coconut sweet ball,per 100 g edible portion,346.3,10.06,3.976,3.476,2.072,55.84,40.16,4.3,1.075,11.31,101.3,19.88,19.63,0.044,6.986,0.15,0.077,0.542,0.193,0.053,0,0.052,0.458,0.974,44.52,0.082,0.745,19.41,0.136,71.12,99.29,2.866,0.459,24.19,"Approximate; raw foods reference-style, prepared foods recipe estimate"
671,Dry Fruit Ladoo,Dry Fruit Laddu,ड्राइफ्रुट लड्डु,Dry Fruit Ladoo (Dry Fruit Laddu - ड्राइफ्रुट लड्डु),Sweet,Mixed nut sweet ball,per 100 g edible portion,337.0,11.69,4.18,3.546,2.114,63.29,44.86,3.892,0.931,13.07,94.53,24.53,18.91,0.052,7.074,0.159,0.076,0.547,0.201,0.054,0,0.051,0.497,1.122,49.92,0.081,0.846,19.14,0.145,75.3,98.57,3.269,0.556,22.73,"Approximate; raw foods reference-style, prepared foods recipe estimate"
672,Makhana Kheer,Makhana Khir,मखाना खीर,Makhana Kheer (Makhana Khir - मखाना खीर),Sweet,Fox nut milk pudding,per 100 g edible portion,356.4,11.77,3.567,3.387,1.831,58.85,39.06,3.897,1.031,11.16,106.5,24.5,19.43,0.047,9.089,0.139,0.062,0.483,0.223,0.055,0,0.053,0.491,0.902,46.19,0.071,0.822,19.82,0.134,74.49,105.1,2.772,0.489,22.78,"Approximate; raw foods reference-style, prepared foods recipe estimate"
673,Carrot Halwa,Gajar Haluwa,गाजर हलुवा,Carrot Halwa (Gajar Haluwa - गाजर हलुवा),Sweet,Carrot milk halwa,per 100 g edible portion,370.9,11.19,3.541,3.545,1.78,60.89,43.11,4.318,1.111,12.4,108.9,19.9,19.45,0.055,6.881,0.142,0.074,0.47,0.223,0.044,0,0.05,0.499,0.964,49.72,0.074,0.856,17.67,0.143,74.99,98.73,3.327,0.546,24.4,"Approximate; raw foods reference-style, prepared foods recipe estimate"
674,Pumpkin Halwa,Farsi Haluwa,फर्सी हलुवा,Pumpkin Halwa (Farsi Haluwa - फर्सी हलुवा),Sweet,Pumpkin halwa,per 100 g edible portion,310.8,11.3,4.449,3.738,1.868,59.96,46.15,4.438,1.115,12.52,92.01,19.42,18.91,0.056,7.738,0.16,0.075,0.466,0.216,0.052,0,0.048,0.502,0.999,44.16,0.075,0.87,16.02,0.141,67.02,95.26,3.21,0.482,25.48,"Approximate; raw foods reference-style, prepared foods recipe estimate"
675,Zucchini,Zucchini,जुकीनी,Zucchini (Zucchini - जुकीनी),Vegetable,Cooked zucchini,per 100 g edible portion,37.75,0.472,0.072,0.093,0.195,8.273,2.797,2.164,2.85,0,17.75,83.88,99.05,0.058,39.69,0,0.067,0.678,0.266,0.131,16.39,0,0.458,24.36,31.24,0.098,0.827,21.9,0.255,46.33,232.4,0.669,0.406,31.61,"Approximate; raw foods reference-style, prepared foods recipe estimate"
676,Zucchini Curry,Zucchini Tarkari,जुकीनी तरकारी,Zucchini Curry (Zucchini Tarkari - जुकीनी तरकारी),Vegetable,Zucchini curry,per 100 g edible portion,42.43,0.537,0.08,0.109,0.214,7.085,3.086,1.972,2.544,0,15.38,92.9,87.34,0.061,38.79,0,0.066,0.657,0.297,0.132,15.98,0,0.515,22.36,38.63,0.09,0.736,24.38,0.23,47.91,242.0,0.728,0.427,29.83,"Approximate; raw foods reference-style, prepared foods recipe estimate"
677,Red Bell Pepper,Rato Bhende Khursani,रातो भेडे खुर्सानी,Red Bell Pepper (Rato Bhende Khursani - रातो भेडे खुर्सानी),Vegetable,Raw red bell pepper,per 100 g edible portion,43.61,0.554,0.074,0.09,0.205,7.564,3.082,1.888,2.541,0,15.76,88.61,80.0,0.058,34.88,0,0.068,0.647,0.315,0.129,19.46,0,0.494,22.65,36.84,0.094,0.85,23.99,0.264,47.87,236.4,0.669,0.401,30.43,"Approximate; raw foods reference-style, prepared foods recipe estimate"
678,Yellow Bell Pepper,Pahelo Bhende Khursani,पहेंलो भेडे खुर्सानी,Yellow Bell Pepper (Pahelo Bhende Khursani - पहेंलो भेडे खुर्सानी),Vegetable,Raw yellow bell pepper,per 100 g edible portion,42.76,0.491,0.085,0.109,0.218,8.525,2.996,1.878,2.525,0,20.65,92.58,92.39,0.06,31.27,0,0.066,0.679,0.289,0.14,17.96,0,0.516,26.04,35.5,0.089,0.873,23.64,0.266,47.96,256.2,0.624,0.399,30.17,"Approximate; raw foods reference-style, prepared foods recipe estimate"
679,Green Bell Pepper,Hariyo Bhende Khursani,हरियो भेडे खुर्सानी,Green Bell Pepper (Hariyo Bhende Khursani - हरियो भेडे खुर्सानी),Vegetable,Raw green bell pepper,per 100 g edible portion,37.35,0.554,0.089,0.109,0.203,7.774,2.999,1.846,2.583,0,19.79,89.89,95.08,0.053,31.68,0,0.067,0.723,0.327,0.12,16.99,0,0.494,23.13,34.12,0.104,0.852,20.42,0.261,40.6,244.5,0.759,0.419,29.67,"Approximate; raw foods reference-style, prepared foods recipe estimate"
680,Red Cabbage,Rato Banda,रातो बन्दा,Red Cabbage (Rato Banda - रातो बन्दा),Vegetable,Raw red cabbage,per 100 g edible portion,40.88,0.445,0.079,0.101,0.218,7.164,2.825,2.172,2.559,0,17.36,81.68,102.1,0.059,33.02,0,0.075,0.671,0.29,0.139,19.67,0,0.5,25.18,35.22,0.097,0.744,20.13,0.227,43.4,236.9,0.714,0.37,31.0,"Approximate; raw foods reference-style, prepared foods recipe estimate"
681,Chinese Cabbage,Chinese Banda,चाइनिज बन्दा,Chinese Cabbage (Chinese Banda - चाइनिज बन्दा),Vegetable,Cooked napa cabbage,per 100 g edible portion,39.83,0.45,0.077,0.098,0.194,7.432,2.818,1.768,2.851,0,19.52,85.52,89.96,0.062,31.85,0,0.062,0.757,0.318,0.141,17.64,0,0.533,23.15,37.15,0.093,0.745,24.23,0.25,46.18,250.2,0.631,0.361,30.97,"Approximate; raw foods reference-style, prepared foods recipe estimate"
682,Bok Choy,Bok Choy,बोक चोय,Bok Choy (Bok Choy - बोक चोय),Leafy Vegetable,Cooked bok choy,per 100 g edible portion,38.62,0.582,0.1,0.093,0.244,5.483,1.067,3.351,3.67,0,48.62,84.09,349.2,0.072,106.3,0,0.148,0.998,0.333,0.182,26.5,0,1.191,232.9,100.7,0.19,2.184,51.89,0.742,64.75,372.3,0.909,0.665,51.46,"Approximate; raw foods reference-style, prepared foods recipe estimate"
683,Kohlrabi,Gaanth Gobi,गाँठ गोभी,Kohlrabi (Gaanth Gobi - गाँठ गोभी),Vegetable,Cooked kohlrabi,per 100 g edible portion,42.98,0.506,0.075,0.09,0.191,7.37,2.817,2.125,2.966,0,15.48,82.48,86.84,0.067,38.16,0,0.074,0.743,0.333,0.14,16.73,0,0.546,24.27,36.97,0.109,0.748,22.4,0.228,41.65,279.3,0.755,0.4,32.74,"Approximate; raw foods reference-style, prepared foods recipe estimate"
684,Kohlrabi Curry,Gaanth Gobi Tarkari,गाँठ गोभी तरकारी,Kohlrabi Curry (Gaanth Gobi Tarkari - गाँठ गोभी तरकारी),Vegetable,Kohlrabi curry,per 100 g edible portion,37.26,0.532,0.076,0.102,0.177,8.588,2.77,2.166,2.443,0,17.08,90.65,79.28,0.058,33.46,0,0.07,0.712,0.316,0.132,19.4,0,0.487,21.95,38.94,0.092,0.852,22.93,0.264,49.2,250.6,0.639,0.364,31.12,"Approximate; raw foods reference-style, prepared foods recipe estimate"
685,Brussels Sprouts,Brussels Sprouts,ब्रसेल्स स्प्राउट्स,Brussels Sprouts (Brussels Sprouts - ब्रसेल्स स्प्राउट्स),Vegetable,Cooked Brussels sprouts,per 100 g edible portion,37.92,0.513,0.078,0.108,0.206,7.4,2.784,1.936,2.568,0,20.68,84.9,86.52,0.056,31.76,0,0.077,0.703,0.284,0.134,19.51,0,0.558,22.26,31.98,0.103,0.866,21.63,0.256,42.31,252.7,0.675,0.434,30.59,"Approximate; raw foods reference-style, prepared foods recipe estimate"
686,Artichoke,Artichoke,आर्टिचोक,Artichoke (Artichoke - आर्टिचोक),Vegetable,Cooked artichoke,per 100 g edible portion,42.69,0.515,0.079,0.09,0.188,8.09,3.193,1.973,2.526,0,19.83,87.07,86.89,0.061,40.14,0,0.078,0.656,0.316,0.145,16.76,0,0.48,28.54,33.02,0.102,0.852,24.12,0.227,40.21,243.5,0.655,0.435,29.95,"Approximate; raw foods reference-style, prepared foods recipe estimate"
687,Green Asparagus,Hariyo Kurilo,हरियो कुरिलो,Green Asparagus (Hariyo Kurilo - हरियो कुरिलो),Vegetable,Steamed green asparagus,per 100 g edible portion,39.45,0.453,0.085,0.111,0.18,7.952,3.144,2.211,2.618,0,17.18,80.21,88.92,0.058,32.6,0,0.078,0.777,0.276,0.141,19.62,0,0.518,21.58,39.1,0.088,0.715,23.32,0.257,42.81,272.1,0.719,0.4,32.1,"Approximate; raw foods reference-style, prepared foods recipe estimate"
688,White Radish,Seto Mula,सेतो मूला,White Radish (Seto Mula - सेतो मूला),Vegetable,Raw white radish,per 100 g edible portion,39.89,0.454,0.087,0.11,0.217,8.915,2.875,1.884,2.561,0,19.17,81.83,85.8,0.061,33.4,0,0.078,0.66,0.326,0.138,17.14,0,0.444,26.63,37.44,0.11,0.879,23.65,0.23,48.28,227.0,0.619,0.377,29.94,"Approximate; raw foods reference-style, prepared foods recipe estimate"
689,Red Radish,Rato Mula,रातो मूला,Red Radish (Rato Mula - रातो मूला),Vegetable,Raw red radish,per 100 g edible portion,43.35,0.489,0.085,0.095,0.195,8.703,2.887,1.848,2.778,0,17.52,93.61,90.72,0.058,30.41,0,0.078,0.721,0.286,0.117,18.52,0,0.528,26.65,33.57,0.1,0.743,19.48,0.259,46.72,244.0,0.746,0.355,30.59,"Approximate; raw foods reference-style, prepared foods recipe estimate"
690,Daikon Pickle,Seto Mula Achar,सेतो मूला अचार,Daikon Pickle (Seto Mula Achar - सेतो मूला अचार),Pickle/Side,Daikon pickle,per 100 g edible portion,70.81,3.128,0.641,1.083,1.27,8.15,3.238,1.521,2.131,0,929.7,80.39,62.3,0.052,19.05,0,0.05,0.7,0.234,0.124,13.15,0,0.698,9.884,39.85,0.111,0.764,26.83,0.242,47.09,225.3,0.767,0.418,25.8,"Approximate; raw foods reference-style, prepared foods recipe estimate"
691,Baby Corn,Baby Makai,बेबी मकै,Baby Corn (Baby Makai - बेबी मकै),Vegetable,Cooked baby corn,per 100 g edible portion,41.36,0.51,0.087,0.093,0.202,8.049,3.04,1.972,2.865,0,19.75,82.06,80.04,0.062,35.35,0,0.075,0.734,0.287,0.119,20.04,0,0.462,26.41,35.26,0.104,0.819,20.71,0.253,48.06,266.2,0.712,0.374,32.35,"Approximate; raw foods reference-style, prepared foods recipe estimate"
692,Corn Curry,Makai Tarkari,मकै तरकारी,Corn Curry (Makai Tarkari - मकै तरकारी),Vegetable,Corn kernel curry,per 100 g edible portion,35.35,0.538,0.073,0.105,0.182,7.467,3.271,2.018,2.403,0,16.41,94.27,100.0,0.054,31.11,0,0.077,0.678,0.325,0.125,19.69,0,0.519,27.22,34.7,0.093,0.776,22.36,0.236,46.92,237.8,0.664,0.371,29.95,"Approximate; raw foods reference-style, prepared foods recipe estimate"
693,Green Soybean,Edamame,एडामामे,Green Soybean (Edamame - एडामामे),Pulse,Boiled green soybeans,per 100 g edible portion,167.3,2.103,0.288,0.455,0.843,21.93,1.768,10.01,7.385,0,10.05,69.16,5.288,0.153,129.6,0,0.074,1.266,0.436,0.19,1.78,0,0.324,3.244,48.23,0.284,3.059,53.03,0.749,152.6,387.8,2.921,1.416,85.68,"Approximate; raw foods reference-style, prepared foods recipe estimate"
694,Pea Shoots,Kerau ko Munta,केराउको मुन्टा,Pea Shoots (Kerau ko Munta - केराउको मुन्टा),Leafy Vegetable,Cooked pea shoots,per 100 g edible portion,31.84,0.656,0.102,0.107,0.249,4.816,1.079,2.875,3.482,0,52.24,98.11,374.7,0.071,91.93,0,0.168,1.009,0.319,0.219,22.01,0,1.381,274.8,99.52,0.2,2.318,49.33,0.628,55.45,387.7,0.888,0.623,48.2,"Approximate; raw foods reference-style, prepared foods recipe estimate"
695,Mustard Flower,Tori ko Phool,तोरीको फूल,Mustard Flower (Tori ko Phool - तोरीको फूल),Vegetable,Cooked mustard flowers,per 100 g edible portion,38.43,0.522,0.08,0.092,0.181,7.527,3.118,1.808,2.749,0,18.72,84.96,99.34,0.064,31.79,0,0.066,0.771,0.328,0.135,18.21,0,0.549,27.52,34.68,0.099,0.857,23.56,0.224,42.49,253.7,0.686,0.397,30.91,"Approximate; raw foods reference-style, prepared foods recipe estimate"
696,Pumpkin Flower,Farsi ko Phool,फर्सीको फूल,Pumpkin Flower (Farsi ko Phool - फर्सीको फूल),Vegetable,Cooked pumpkin flowers,per 100 g edible portion,37.28,0.448,0.08,0.105,0.209,8.931,2.812,2.115,2.79,0,18.66,93.6,87.32,0.058,35.18,0,0.078,0.697,0.32,0.126,17.54,0,0.527,22.68,36.67,0.09,0.737,21.81,0.265,46.9,275.1,0.763,0.365,31.96,"Approximate; raw foods reference-style, prepared foods recipe estimate"
697,Pumpkin Flower Pakora,Farsi Phool Pakoda,फर्सी फूल पकौडा,Pumpkin Flower Pakora (Farsi Phool Pakoda - फर्सी फूल पकौडा),Snack,Pumpkin flower fritter,per 100 g edible portion,283.4,16.05,2.037,3.611,4.28,29.97,3.87,5.56,3.013,5.514,400.7,36.25,18.34,0.124,28.72,0.043,0.077,1.54,0.335,0.15,4.197,0,1.084,4.91,35.06,0.183,2.013,45.03,0.605,129.5,251.4,4.721,0.956,45.17,"Approximate; raw foods reference-style, prepared foods recipe estimate"
698,Banana Flower,Kera ko Phool,केराको फूल,Banana Flower (Kera ko Phool - केराको फूल),Vegetable,Cooked banana blossom,per 100 g edible portion,42.51,0.522,0.087,0.09,0.2,7.431,3.147,1.927,2.898,0,19.32,84.4,99.11,0.058,31.11,0,0.064,0.778,0.332,0.125,17.71,0,0.537,21.44,32.65,0.091,0.894,22.31,0.255,47.62,230.3,0.691,0.375,31.54,"Approximate; raw foods reference-style, prepared foods recipe estimate"
699,Banana Flower Curry,Kera Phool Tarkari,केरा फूल तरकारी,Banana Flower Curry (Kera Phool Tarkari - केरा फूल तरकारी),Vegetable,Banana blossom curry,per 100 g edible portion,44.21,0.456,0.088,0.106,0.2,7.086,2.778,1.855,2.655,0,19.95,95.41,84.47,0.061,36.24,0,0.065,0.73,0.316,0.139,16.44,0,0.538,27.23,33.95,0.104,0.712,24.57,0.261,41.99,272.9,0.669,0.363,30.14,"Approximate; raw foods reference-style, prepared foods recipe estimate"
700,Raw Mango,Kacho Aap,काँचो आँप,Raw Mango (Kacho Aap - काँचो आँप),Fruit,Raw green mango,per 100 g edible portion,61.02,0.439,0.075,0.075,0.149,15.7,10.22,0.87,2.47,0,2.228,92.4,28.5,0.04,18.76,0,0.036,0.377,0.2,0.088,26.81,0,0.358,2.762,18.52,0.073,0.369,14.89,0.126,21.83,191.5,0.309,0.144,25.29,"Approximate; raw foods reference-style, prepared foods recipe estimate"
701,Green Mango Salad,Kacho Aap Salad,काँचो आँप सलाद,Green Mango Salad (Kacho Aap Salad - काँचो आँप सलाद),Snack,Green mango salad,per 100 g edible portion,203.2,6.406,2.033,4.091,4.3,32.12,4.195,6.298,3.33,6.247,445.0,85,21.07,0.133,29.0,0.044,0.078,1.772,0.306,0.159,4.15,0,1.104,5.573,37.78,0.178,1.915,41.16,0.508,134.2,215.7,4.412,1.096,48.99,"Approximate; raw foods reference-style, prepared foods recipe estimate"
702,Raw Papaya Salad,Kacho Mewa Salad,काँचो मेवा सलाद,Raw Papaya Salad (Kacho Mewa Salad - काँचो मेवा सलाद),Snack,Green papaya salad,per 100 g edible portion,211.9,6.377,2.078,4.391,4.436,32.7,4.469,6.325,3.345,6.673,526.9,85,21.15,0.113,25.55,0.044,0.073,1.559,0.283,0.165,4.21,0,1.161,4.776,35.73,0.177,1.687,37.68,0.568,130.7,259.0,4.555,1.033,48.84,"Approximate; raw foods reference-style, prepared foods recipe estimate"
703,Pineapple Salad,Bhuikatahar Salad,भुइँकटहर सलाद,Pineapple Salad (Bhuikatahar Salad - भुइँकटहर सलाद),Snack,Fresh pineapple salad,per 100 g edible portion,200.6,6.622,1.989,4.02,4.821,29.05,4.035,5.377,2.793,5.996,518.0,85,22.42,0.134,30.36,0.047,0.082,1.503,0.272,0.144,4.342,0,1.127,5.237,34.91,0.19,1.861,42.23,0.529,129.8,236.8,4.74,0.947,43.44,"Approximate; raw foods reference-style, prepared foods recipe estimate"
704,Fruit Salad,Falful Salad,फलफूल सलाद,Fruit Salad (Falful Salad - फलफूल सलाद),Snack,Mixed fresh fruit salad,per 100 g edible portion,174.2,7.471,2.025,3.845,4.485,31.82,4.316,6.672,2.647,5.283,415.6,85,19.19,0.117,31.12,0.05,0.083,1.495,0.318,0.136,3.806,0,1.191,5.38,33.12,0.164,1.805,37.16,0.524,113.3,223.1,4.592,1.118,46.45,"Approximate; raw foods reference-style, prepared foods recipe estimate"
705,Lychee Juice,Lichi Juice,लिची जुस,Lychee Juice (Lichi Juice - लिची जुस),Beverage,Fresh lychee juice,per 100 g edible portion,48.64,1.497,1.007,0.422,0.109,7.701,5.632,1.218,0.104,4.823,23.94,89.06,15.75,0.018,2.955,0.177,0.073,0.097,0.209,0.019,2.175,0.051,0.054,0.173,49.77,0.011,0.053,6.46,0.031,36.66,65.19,0.895,0.204,8.71,"Approximate; raw foods reference-style, prepared foods recipe estimate"
706,Mango Juice,Aap ko Juice,आँपको जुस,Mango Juice (Aap ko Juice - आँपको जुस),Beverage,Fresh mango juice,per 100 g edible portion,49.38,1.64,0.994,0.41,0.109,7.109,6.179,1.146,0.101,4.5,27.47,85,17.23,0.021,3.388,0.187,0.07,0.091,0.2,0.018,1.955,0.048,0.047,0.192,40.43,0.011,0.052,6.481,0.03,36.42,72.13,1.086,0.186,8.05,"Approximate; raw foods reference-style, prepared foods recipe estimate"
707,Orange Juice,Suntala ko Juice,सुन्तलाको जुस,Orange Juice (Suntala ko Juice - सुन्तलाको जुस),Beverage,Fresh orange juice,per 100 g edible portion,39.69,1.496,0.926,0.363,0.108,7.569,5.586,1.118,0.092,4.701,26.58,97.39,13.45,0.019,2.976,0.175,0.069,0.089,0.209,0.021,1.916,0.05,0.054,0.177,43.22,0.01,0.053,6.182,0.033,33.7,57.5,0.94,0.193,7.85,"Approximate; raw foods reference-style, prepared foods recipe estimate"
708,Pomegranate Juice,Anar ko Juice,अनारको जुस,Pomegranate Juice (Anar ko Juice - अनारको जुस),Beverage,Fresh pomegranate juice,per 100 g edible portion,45.08,1.556,0.834,0.448,0.099,6.707,5.503,1.08,0.1,4.745,23.02,85,15.74,0.021,2.629,0.178,0.078,0.098,0.212,0.018,2.168,0.047,0.055,0.204,50.35,0.009,0.047,7.026,0.028,32.84,62.98,0.964,0.213,8.24,"Approximate; raw foods reference-style, prepared foods recipe estimate"
709,Watermelon Juice,Kharbuja Juice,खरबुजा जुस,Watermelon Juice (Kharbuja Juice - खरबुजा जुस),Beverage,Fresh watermelon juice,per 100 g edible portion,43.33,1.506,0.86,0.383,0.095,6.177,6.103,1.125,0.102,4.728,25.75,90.8,14.55,0.02,2.714,0.175,0.073,0.09,0.198,0.021,1.949,0.052,0.044,0.202,47.02,0.01,0.052,6.319,0.032,37.76,61.62,0.991,0.196,8.15,"Approximate; raw foods reference-style, prepared foods recipe estimate"
710,Sugarcane Lemon Juice,Ukhu Kagati Ras,उखु कागती रस,Sugarcane Lemon Juice (Ukhu Kagati Ras - उखु कागती रस),Beverage,Sugarcane juice with lemon,per 100 g edible portion,50.31,1.488,0.998,0.365,0.101,6.404,6.336,1.111,0.101,4.826,26.39,87.08,14.42,0.019,3.173,0.173,0.078,0.098,0.205,0.02,1.911,0.05,0.048,0.205,44.05,0.01,0.054,7.498,0.03,39.1,61.48,0.907,0.199,8.03,"Approximate; raw foods reference-style, prepared foods recipe estimate"
711,Amla Juice,Amala ko Juice,अमलाको जुस,Amla Juice (Amala ko Juice - अमलाको जुस),Beverage,Indian gooseberry juice,per 100 g edible portion,42.9,1.569,0.974,0.353,0.094,6.485,5.94,1.145,0.107,4.453,25.15,91.95,14.04,0.021,2.737,0.183,0.065,0.111,0.2,0.021,2.028,0.044,0.044,0.192,42.39,0.009,0.054,7.108,0.033,35.77,64.91,0.91,0.195,8.14,"Approximate; raw foods reference-style, prepared foods recipe estimate"
712,Bael Pulp,Bel ko Gudi,बेलको गुदी,Bael Pulp (Bel ko Gudi - बेलको गुदी),Fruit,Bael fruit pulp,per 100 g edible portion,56.59,0.359,0.083,0.078,0.163,13.82,10.84,0.708,2.748,0,1.929,82.24,26.98,0.037,19.12,0,0.035,0.386,0.194,0.081,22.89,0,0.363,3.0,19.07,0.071,0.311,14.91,0.118,24.3,174.4,0.27,0.157,24.8,"Approximate; raw foods reference-style, prepared foods recipe estimate"
713,Tamarillo,Rukh Golbheda,रुख गोलभेँडा,Tamarillo (Rukh Golbheda - रुख गोलभेँडा),Fruit,Raw tamarillo,per 100 g edible portion,66.26,0.368,0.086,0.074,0.143,14.46,11.53,0.849,2.584,0,1.896,74.67,23.74,0.045,18.78,0,0.039,0.379,0.198,0.071,23.96,0,0.417,2.971,19.58,0.076,0.346,16.51,0.123,21.34,172.5,0.312,0.14,24.96,"Approximate; raw foods reference-style, prepared foods recipe estimate"
714,Cape Gooseberry,Rasbhari,रसभरी,Cape Gooseberry (Rasbhari - रसभरी),Fruit,Raw cape gooseberry,per 100 g edible portion,56.29,0.369,0.087,0.085,0.138,13.35,9.705,0.755,2.577,0,2.19,88.58,22.13,0.044,19.4,0,0.039,0.435,0.213,0.088,22.01,0,0.403,2.604,18.35,0.087,0.336,13.42,0.109,23.6,190.7,0.318,0.152,24.1,"Approximate; raw foods reference-style, prepared foods recipe estimate"
715,Hog Plum,Lapsi,लप्सी,Hog Plum (Lapsi - लप्सी),Fruit,Raw hog plum,per 100 g edible portion,64.11,0.38,0.071,0.071,0.142,14.24,12.21,0.894,2.459,0,1.998,76.56,27.99,0.044,17.04,0,0.036,0.388,0.178,0.073,27.97,0,0.388,3.295,16.96,0.084,0.371,15.97,0.121,21.3,177.9,0.319,0.167,25.42,"Approximate; raw foods reference-style, prepared foods recipe estimate"
716,Lapsi Candy,Lapsi Candy,लप्सी क्यान्डी,Lapsi Candy (Lapsi Candy - लप्सी क्यान्डी),Sweet,Sweetened hog plum candy,per 100 g edible portion,336.6,9.697,4.225,3.605,1.983,56.32,41.84,4.151,1.006,13.35,86.35,24.53,17.45,0.05,6.845,0.143,0.075,0.53,0.181,0.048,0,0.055,0.548,1.053,48.89,0.089,0.865,15.94,0.153,66.07,108.8,2.87,0.442,23.91,"Approximate; raw foods reference-style, prepared foods recipe estimate"
717,Lapsi Achar,Lapsi ko Achar,लप्सीको अचार,Lapsi Achar (Lapsi ko Achar - लप्सीको अचार),Pickle/Side,Hog plum pickle,per 100 g edible portion,63.61,3.105,0.604,1.215,1.505,7.701,3.246,1.469,2.189,0,892.4,88.72,51.17,0.055,21.39,0,0.054,0.734,0.222,0.119,10.87,0,0.684,8.825,44.53,0.133,0.89,23.36,0.236,42.11,222.0,0.774,0.492,25.63,"Approximate; raw foods reference-style, prepared foods recipe estimate"
718,Lapsi Chutney,Lapsi Chutney,लप्सी चट्नी,Lapsi Chutney (Lapsi Chutney - लप्सी चट्नी),Condiment,Hog plum chutney,per 100 g edible portion,106.2,4.959,0.756,1.934,2.202,10.86,4.367,2.306,2.419,0,441.7,76.79,69.64,0.069,27.55,0,0.054,0.992,0.284,0.144,10.63,0,0.864,12.31,48.37,0.26,1.122,42.51,0.429,75.31,267.0,1.21,0.728,31.85,"Approximate; raw foods reference-style, prepared foods recipe estimate"
719,Nepali Hog Plum Powder,Lapsi Dhulo,लप्सी धुलो,Nepali Hog Plum Powder (Lapsi Dhulo - लप्सी धुलो),Condiment,Dried hog plum powder,per 100 g edible portion,110.4,5.535,0.852,1.757,1.933,10.99,3.665,2.686,2.792,0,474.0,75.65,79.44,0.069,26.37,0,0.063,0.884,0.284,0.146,11.65,0,0.713,13.79,49.14,0.243,1.266,38.4,0.409,77.61,258.7,1.121,0.71,35.15,"Approximate; raw foods reference-style, prepared foods recipe estimate"
720,Wild Berry,Aiselu,ऐँसेलु,Wild Berry (Aiselu - ऐँसेलु),Fruit,Raw Himalayan raspberry,per 100 g edible portion,55.4,0.391,0.074,0.073,0.154,15.6,11.72,0.848,2.748,0,1.751,81.98,23.75,0.045,19.02,0,0.037,0.418,0.212,0.081,25.24,0,0.389,2.96,17.61,0.077,0.341,14.28,0.112,20.66,176.5,0.3,0.168,25.81,"Approximate; raw foods reference-style, prepared foods recipe estimate"
721,Barberry,Chutro,चुत्रो,Barberry (Chutro - चुत्रो),Fruit,Raw barberry,per 100 g edible portion,53.2,0.385,0.081,0.074,0.16,16.15,11.95,0.76,2.531,0,1.984,84.82,24.59,0.038,19.66,0,0.037,0.399,0.187,0.088,24.93,0,0.409,3.416,18.65,0.079,0.313,14.59,0.106,21.48,187.8,0.325,0.143,24.57,"Approximate; raw foods reference-style, prepared foods recipe estimate"
722,Sea Buckthorn Berry,Sea Buckthorn,सी बकथोर्न,Sea Buckthorn Berry (Sea Buckthorn - सी बकथोर्न),Fruit,Raw sea buckthorn berry,per 100 g edible portion,63.51,0.374,0.082,0.087,0.14,15.25,11.95,0.768,2.372,0,2.057,75.5,28.08,0.036,19.08,0,0.038,0.392,0.195,0.075,22.7,0,0.448,3.402,17.29,0.071,0.315,16.56,0.119,24.26,198.2,0.266,0.166,23.53,"Approximate; raw foods reference-style, prepared foods recipe estimate"
723,Sea Buckthorn Juice,Sea Buckthorn Juice,सी बकथोर्न जुस,Sea Buckthorn Juice (Sea Buckthorn Juice - सी बकथोर्न जुस),Beverage,Sea buckthorn juice,per 100 g edible portion,42.31,1.484,0.808,0.394,0.093,7.824,5.989,1.082,0.101,4.806,23.83,97.31,13.18,0.02,3.356,0.183,0.076,0.098,0.209,0.022,1.888,0.051,0.045,0.225,42.35,0.011,0.05,6.494,0.031,30.84,65.09,1.115,0.21,7.82,"Approximate; raw foods reference-style, prepared foods recipe estimate"
724,Rhododendron Juice,Laligurans Juice,लालीगुराँस जुस,Rhododendron Juice (Laligurans Juice - लालीगुराँस जुस),Beverage,Rhododendron flower drink,per 100 g edible portion,47.91,1.61,0.862,0.432,0.091,6.351,6.02,1.065,0.098,4.748,21.51,85,14.42,0.02,3.254,0.22,0.064,0.107,0.205,0.018,1.964,0.046,0.047,0.176,43.97,0.01,0.044,7.821,0.029,36.7,71.86,1.055,0.182,7.98,"Approximate; raw foods reference-style, prepared foods recipe estimate"
725,Rhododendron Squash,Laligurans Squash,लालीगुराँस स्क्वास,Rhododendron Squash (Laligurans Squash - लालीगुराँस स्क्वास),Beverage,Sweetened rhododendron drink,per 100 g edible portion,39.93,1.553,0.965,0.353,0.093,6.849,6.678,1.239,0.105,5.37,23.53,87.28,15.32,0.02,2.833,0.193,0.074,0.1,0.178,0.02,2.154,0.052,0.054,0.19,40.83,0.011,0.049,7.626,0.034,34.09,57.96,0.991,0.187,8.35,"Approximate; raw foods reference-style, prepared foods recipe estimate"
726,Mulberry Juice,Kimbu Juice,किम्बु जुस,Mulberry Juice (Kimbu Juice - किम्बु जुस),Beverage,Fresh mulberry juice,per 100 g edible portion,49.51,1.361,0.836,0.442,0.098,6.253,6.176,1.132,0.112,4.695,25.34,86.95,15.09,0.02,2.776,0.174,0.075,0.105,0.221,0.019,2.131,0.05,0.054,0.21,46.36,0.009,0.05,7.11,0.029,36.74,69.12,0.979,0.196,8.36,"Approximate; raw foods reference-style, prepared foods recipe estimate"
727,Wood Apple Drink,Bel Pana,बेल पना,Wood Apple Drink (Bel Pana - बेल पना),Beverage,Wood apple drink,per 100 g edible portion,44.89,1.498,0.859,0.372,0.107,6.422,6.322,1.334,0.092,4.681,26.92,100.1,16.84,0.022,2.618,0.186,0.07,0.095,0.198,0.022,2.209,0.051,0.055,0.2,41.32,0.009,0.053,6.234,0.03,32.2,65.08,0.936,0.196,8.66,"Approximate; raw foods reference-style, prepared foods recipe estimate"
728,Cucumber Lemon Drink,Kakro Kagati Pani,काँक्रो कागती पानी,Cucumber Lemon Drink (Kakro Kagati Pani - काँक्रो कागती पानी),Beverage,Cucumber lemon drink,per 100 g edible portion,49.79,1.402,0.819,0.438,0.093,6.994,5.991,1.086,0.106,4.945,21.68,93.4,13.99,0.02,2.738,0.177,0.075,0.11,0.194,0.019,1.775,0.045,0.054,0.213,39.96,0.011,0.054,6.975,0.028,36.57,59.98,1.09,0.188,7.69,"Approximate; raw foods reference-style, prepared foods recipe estimate"
729,Mint Lemon Drink,Pudina Kagati Pani,पुदिना कागती पानी,Mint Lemon Drink (Pudina Kagati Pani - पुदिना कागती पानी),Beverage,Mint lemon drink,per 100 g edible portion,46.01,1.418,0.896,0.371,0.088,6.644,5.428,1.251,0.098,5.574,28.43,85,15.08,0.022,2.9,0.199,0.076,0.106,0.178,0.018,2.082,0.051,0.05,0.196,41.78,0.011,0.053,6.663,0.032,36.32,69.99,1.054,0.211,8.48,"Approximate; raw foods reference-style, prepared foods recipe estimate"
730,Veg Sandwich,Veg Sandwich,भेज स्यान्डविच,Veg Sandwich (Veg Sandwich - भेज स्यान्डविच),Snack,Vegetable sandwich,per 100 g edible portion,304.7,13.21,2.082,3.725,4.588,32.34,4.337,5.684,2.76,6.219,496.2,35.83,22.99,0.128,34.14,0.053,0.071,1.701,0.277,0.145,4.03,0,0.983,4.795,34.21,0.194,1.88,42.84,0.594,127.2,236.4,5.383,1.028,43.4,"Approximate; raw foods reference-style, prepared foods recipe estimate"
731,Chicken Sandwich,Chicken Sandwich,चिकेन स्यान्डविच,Chicken Sandwich (Chicken Sandwich - चिकेन स्यान्डविच),Snack,Chicken sandwich,per 100 g edible portion,252.4,12.98,2.367,3.814,4.864,32.2,4.074,6.542,3.105,5.488,468.4,43.12,19.61,0.129,29.93,0.051,0.086,1.715,0.282,0.16,3.982,0,0.997,4.78,35.96,0.18,1.859,44.52,0.584,127.2,233.8,4.586,1.036,48.9,"Approximate; raw foods reference-style, prepared foods recipe estimate"
732,Egg Sandwich,Anda Sandwich,अण्डा स्यान्डविच,Egg Sandwich (Anda Sandwich - अण्डा स्यान्डविच),Snack,Egg sandwich,per 100 g edible portion,292.4,11.12,2.029,4.098,4.657,33.57,4.402,6.384,3.109,6.47,585.7,39.61,19.08,0.114,27.17,0.051,0.074,1.592,0.329,0.16,4.165,0,1.17,4.808,31.22,0.188,1.754,40.34,0.57,105.9,267.8,4.628,0.932,47.45,"Approximate; raw foods reference-style, prepared foods recipe estimate"
733,Cheese Sandwich,Cheese Sandwich,चिज स्यान्डविच,Cheese Sandwich (Cheese Sandwich - चिज स्यान्डविच),Snack,Cheese sandwich,per 100 g edible portion,264.2,11.31,2.312,3.728,4.846,32.25,4.332,5.702,3.061,6.599,615.5,43.77,21.92,0.122,31.93,0.045,0.078,1.46,0.296,0.136,3.997,0,1.002,4.881,33.5,0.169,1.9,45.88,0.596,111.7,235.2,5.259,0.952,45.69,"Approximate; raw foods reference-style, prepared foods recipe estimate"
734,Veg Burger,Veg Burger,भेज बर्गर,Veg Burger (Veg Burger - भेज बर्गर),Snack,Vegetable burger,per 100 g edible portion,260.8,11.97,2.304,4.026,4.673,32.68,3.654,5.976,2.731,5.917,462.0,38.53,19.72,0.116,28.53,0.045,0.089,1.573,0.284,0.149,3.636,0,1.154,5.274,34.64,0.162,1.983,39.21,0.494,107.3,232.3,5.213,0.924,44.92,"Approximate; raw foods reference-style, prepared foods recipe estimate"
735,Chicken Burger,Chicken Burger,चिकेन बर्गर,Chicken Burger (Chicken Burger - चिकेन बर्गर),Snack,Chicken burger,per 100 g edible portion,314.1,12.29,2.229,3.699,4.707,31.4,4.357,6.641,2.946,6.369,564.0,38.84,18.71,0.107,29.54,0.052,0.084,1.411,0.333,0.133,4.474,0,1.198,5.468,32.39,0.178,1.813,38.21,0.601,113.3,252.2,4.768,1.084,47.18,"Approximate; raw foods reference-style, prepared foods recipe estimate"
736,Buff Burger,Buff Burger,बफ बर्गर,Buff Burger (Buff Burger - बफ बर्गर),Snack,Buffalo burger,per 100 g edible portion,259.5,12.81,2.424,4.187,4.201,29.65,3.761,6.251,2.941,5.394,484.6,41.74,21.46,0.108,31.86,0.043,0.083,1.474,0.29,0.155,3.752,0,1.219,5.243,36.96,0.159,1.748,42.36,0.598,117.9,267.6,5.389,1.11,47.03,"Approximate; raw foods reference-style, prepared foods recipe estimate"
737,French Fries,French Fries,फ्रेन्च फ्राइज,French Fries (French Fries - फ्रेन्च फ्राइज),Snack,Deep-fried potato,per 100 g edible portion,327.7,16.08,2.275,4.325,4.379,29.38,3.649,5.862,3.06,6.129,445.7,37.79,22.83,0.128,28.74,0.043,0.072,1.634,0.285,0.135,4.329,0,1.003,5.746,31.69,0.164,1.723,38.99,0.55,134.1,264.0,4.876,1.102,44.7,"Approximate; raw foods reference-style, prepared foods recipe estimate"
738,Potato Wedges,Aalu Wedges,आलु वेजेस,Potato Wedges (Aalu Wedges - आलु वेजेस),Snack,Baked/fried potato wedges,per 100 g edible portion,279.2,17.32,2.188,4.253,4.106,32.51,4.328,5.9,3.238,6.412,538.2,35.84,17.78,0.129,27.65,0.049,0.082,1.651,0.292,0.154,4.413,0,1.076,4.79,32.7,0.168,1.941,40.95,0.601,110.2,267.9,4.862,0.921,47.18,"Approximate; raw foods reference-style, prepared foods recipe estimate"
739,Masala Fries,Masala Fries,मसला फ्राइज,Masala Fries (Masala Fries - मसला फ्राइज),Snack,Seasoned fries,per 100 g edible portion,305.2,16.31,2.448,3.999,4.284,32.35,3.535,5.53,3.175,5.457,533.5,40.85,22.75,0.114,30.01,0.056,0.087,1.433,0.302,0.137,4.048,0,1.0,4.797,39.18,0.162,1.898,45.48,0.557,119.0,218.7,5.424,1.021,45.0,"Approximate; raw foods reference-style, prepared foods recipe estimate"
740,Veg Pizza,Veg Pizza,भेज पिज्जा,Veg Pizza (Veg Pizza - भेज पिज्जा),Prepared Meal,Vegetable pizza,per 100 g edible portion,202.1,7.888,1.236,2.34,1.837,22.41,2.497,7.302,2.294,19.81,522.6,61.17,47.9,0.084,38.31,0.193,0.082,1.431,0.382,0.16,5.355,0.096,0.64,6.662,33.41,0.157,1.489,30.0,0.372,109.0,178.5,6.13,1.103,45.72,"Approximate; raw foods reference-style, prepared foods recipe estimate"
741,Chicken Pizza,Chicken Pizza,चिकेन पिज्जा,Chicken Pizza (Chicken Pizza - चिकेन पिज्जा),Prepared Meal,Chicken pizza,per 100 g edible portion,205.1,7.123,1.32,2.207,2.039,22.41,2.681,6.802,2.373,18.68,470.5,62.52,62.05,0.083,38.66,0.187,0.089,1.337,0.359,0.155,5.558,0.098,0.558,5.593,31.8,0.13,1.248,32.1,0.36,120.3,212.4,5.842,1.026,44.28,"Approximate; raw foods reference-style, prepared foods recipe estimate"
742,Paneer Pizza,Paneer Pizza,पनीर पिज्जा,Paneer Pizza (Paneer Pizza - पनीर पिज्जा),Prepared Meal,Paneer pizza,per 100 g edible portion,173.7,6.87,1.21,2.167,2.003,26.18,2.352,7.006,2.198,18.51,527.0,52.85,58.08,0.089,39.08,0.195,0.083,1.386,0.39,0.153,6.054,0.106,0.615,6.159,30.99,0.152,1.249,31.55,0.348,97.22,200.6,6.687,0.974,44.1,"Approximate; raw foods reference-style, prepared foods recipe estimate"
743,Cheese Pizza,Cheese Pizza,चिज पिज्जा,Cheese Pizza (Cheese Pizza - चिज पिज्जा),Prepared Meal,Cheese pizza,per 100 g edible portion,181.8,6.636,1.445,2.239,2.032,23.82,2.455,7.694,2.572,19.26,508.7,53.21,58.01,0.1,35.44,0.189,0.083,1.594,0.371,0.167,5.463,0.107,0.554,5.864,26.87,0.147,1.405,26.9,0.33,104.2,180.4,5.387,0.935,47.72,"Approximate; raw foods reference-style, prepared foods recipe estimate"
744,Veg Pasta,Veg Pasta,भेज पास्ता,Veg Pasta (Veg Pasta - भेज पास्ता),Prepared Meal,Vegetable pasta,per 100 g edible portion,165.2,5.745,1.414,2.293,1.768,25.63,2.545,6.167,2.192,17.77,390.4,63.46,52.17,0.1,38.0,0.185,0.085,1.592,0.381,0.164,5.312,0.106,0.582,5.333,27.58,0.125,1.297,26.48,0.361,99.19,202.5,5.29,0.998,40.68,"Approximate; raw foods reference-style, prepared foods recipe estimate"
745,Chicken Pasta,Chicken Pasta,चिकेन पास्ता,Chicken Pasta (Chicken Pasta - चिकेन पास्ता),Prepared Meal,Chicken pasta,per 100 g edible portion,186.1,5.727,1.33,1.865,1.878,24.43,2.508,7.487,2.18,18.52,372.4,63.93,52.76,0.098,32.28,0.189,0.081,1.335,0.38,0.145,6.542,0.105,0.542,6.62,26.96,0.148,1.468,28.06,0.378,118.8,179.0,5.563,1.077,45.65,"Approximate; raw foods reference-style, prepared foods recipe estimate"
746,White Sauce Pasta,White Sauce Pasta,ह्वाइट सस पास्ता,White Sauce Pasta (White Sauce Pasta - ह्वाइट सस पास्ता),Prepared Meal,Creamy white sauce pasta,per 100 g edible portion,194.9,5.489,1.165,1.896,1.973,25.07,2.608,7.239,2.684,19.76,432.8,66.5,57.48,0.098,31.59,0.212,0.083,1.327,0.336,0.142,6.297,0.096,0.625,5.762,29.65,0.151,1.517,32.74,0.331,112.9,203.1,6.447,0.934,47.84,"Approximate; raw foods reference-style, prepared foods recipe estimate"
747,Red Sauce Pasta,Red Sauce Pasta,रेड सस पास्ता,Red Sauce Pasta (Red Sauce Pasta - रेड सस पास्ता),Prepared Meal,Tomato sauce pasta,per 100 g edible portion,190.8,5.885,1.43,2.15,2.188,22.48,2.568,6.81,2.551,20.05,358.6,60.58,60.86,0.09,39.72,0.196,0.073,1.378,0.313,0.158,5.33,0.112,0.569,6.153,27.57,0.149,1.327,32.6,0.324,114.7,203.8,6.694,1.035,44.99,"Approximate; raw foods reference-style, prepared foods recipe estimate"
748,Macaroni Veg,Veg Macaroni,भेज म्याकरोनी,Macaroni Veg (Veg Macaroni - भेज म्याकरोनी),Prepared Meal,Vegetable macaroni,per 100 g edible portion,157.1,5.552,1.149,1.948,2.216,23.39,2.711,6.273,2.214,19.85,420.4,55.17,54.95,0.095,34.94,0.197,0.088,1.383,0.317,0.134,6.695,0.099,0.606,6.021,30.27,0.149,1.242,28.11,0.369,109.1,199.8,6.69,0.898,41.53,"Approximate; raw foods reference-style, prepared foods recipe estimate"
749,Macaroni Chicken,Chicken Macaroni,चिकेन म्याकरोनी,Macaroni Chicken (Chicken Macaroni - चिकेन म्याकरोनी),Prepared Meal,Chicken macaroni,per 100 g edible portion,194.4,6.528,1.255,2.325,2.149,26.29,2.455,6.423,2.324,16.16,364.9,65.07,50.91,0.088,38.33,0.179,0.078,1.328,0.344,0.163,6.1,0.099,0.592,5.518,30.31,0.125,1.567,28.95,0.343,109.8,219.5,5.594,0.974,43.44,"Approximate; raw foods reference-style, prepared foods recipe estimate"
750,Veg Roll,Veg Roll,भेज रोल,Veg Roll (Veg Roll - भेज रोल),Snack,Flatbread vegetable roll,per 100 g edible portion,258.2,11.18,1.971,4.124,4.596,29.57,3.77,5.511,2.697,5.482,573.8,36.44,17.78,0.13,27.09,0.047,0.071,1.572,0.281,0.156,4.455,0,1.074,5.711,39.07,0.183,1.901,41.17,0.522,109.8,212.1,5.159,0.896,43.29,"Approximate; raw foods reference-style, prepared foods recipe estimate"
751,Chicken Roll,Chicken Roll,चिकेन रोल,Chicken Roll (Chicken Roll - चिकेन रोल),Snack,Flatbread chicken roll,per 100 g edible portion,261.2,12.43,1.983,3.644,4.639,29.9,4.445,6.316,3.045,6.343,517.5,42.83,18.22,0.129,25.54,0.057,0.079,1.585,0.285,0.136,4.114,0,1.133,4.834,39.0,0.184,1.909,43.03,0.557,113.4,266.2,4.766,0.945,48.27,"Approximate; raw foods reference-style, prepared foods recipe estimate"
752,Egg Roll,Egg Roll,अण्डा रोल,Egg Roll (Egg Roll - अण्डा रोल),Snack,Flatbread egg roll,per 100 g edible portion,262.7,11.77,2.051,3.602,4.201,34.99,4.316,6.53,2.812,6.465,460.1,36.31,19.4,0.133,33.59,0.052,0.081,1.438,0.282,0.166,3.536,0,1.199,5.606,37.37,0.191,1.847,43.39,0.559,134.1,247.1,5.307,1.06,47.37,"Approximate; raw foods reference-style, prepared foods recipe estimate"
753,Paneer Roll,Paneer Roll,पनीर रोल,Paneer Roll (Paneer Roll - पनीर रोल),Snack,Flatbread paneer roll,per 100 g edible portion,253.2,13.3,2.058,4.045,4.385,29.2,4.379,6.53,3.005,6.548,606.2,36.57,17.96,0.124,25.55,0.055,0.079,1.568,0.306,0.159,4.459,0,1.172,4.31,38.19,0.197,1.811,38.81,0.488,127.3,252.7,5.152,0.909,48.38,"Approximate; raw foods reference-style, prepared foods recipe estimate"
754,Buff Roll,Buff Roll,बफ रोल,Buff Roll (Buff Roll - बफ रोल),Snack,Flatbread buffalo roll,per 100 g edible portion,250.4,12.74,2.162,3.586,4.519,34.21,3.723,5.388,3.327,5.496,597.4,43.89,21.66,0.122,30.0,0.055,0.071,1.622,0.271,0.145,4.239,0,1.106,4.469,33.17,0.184,1.911,42.58,0.541,119.9,236.8,4.767,1.022,45.95,"Approximate; raw foods reference-style, prepared foods recipe estimate"
755,Veg Cutlet,Veg Cutlet,भेज कटलेट,Veg Cutlet (Veg Cutlet - भेज कटलेट),Snack,Vegetable cutlet,per 100 g edible portion,237.3,11.71,2.146,4.058,4.022,34.24,3.907,5.294,3.247,5.323,513.7,37.01,22.26,0.122,31.02,0.056,0.079,1.73,0.276,0.148,4.112,0,1.15,5.203,32.18,0.161,1.665,41.6,0.594,131.7,227.4,4.915,1.042,44.46,"Approximate; raw foods reference-style, prepared foods recipe estimate"
756,Chicken Cutlet,Chicken Cutlet,चिकेन कटलेट,Chicken Cutlet (Chicken Cutlet - चिकेन कटलेट),Snack,Chicken cutlet,per 100 g edible portion,237.8,12.08,2.189,3.869,4.041,28.81,4.4,5.694,2.847,6.676,488.5,36.69,19.42,0.107,27.36,0.048,0.071,1.421,0.333,0.154,4.107,0,1.029,4.693,39.13,0.169,1.607,44.08,0.551,128.9,259.7,5.383,1.116,44.7,"Approximate; raw foods reference-style, prepared foods recipe estimate"
757,Fish Cutlet,Fish Cutlet,फिस कटलेट,Fish Cutlet (Fish Cutlet - फिस कटलेट),Snack,Fish cutlet,per 100 g edible portion,282.7,11.01,2.262,3.719,4.789,32.3,3.702,5.287,2.708,6.683,523.0,39.19,17.46,0.115,32.85,0.044,0.074,1.737,0.307,0.158,3.914,0,1.054,5.747,31.79,0.184,1.918,44.85,0.532,130.5,261.6,5.078,0.947,42.52,"Approximate; raw foods reference-style, prepared foods recipe estimate"
758,Aloo Tikki,Aalu Tikki,आलु टिक्की,Aloo Tikki (Aalu Tikki - आलु टिक्की),Snack,Spiced potato patty,per 100 g edible portion,229.7,10.9,1.972,3.792,4.232,28.9,4.004,6.203,2.809,5.79,532.2,44.72,22.35,0.12,28.97,0.051,0.086,1.466,0.33,0.14,4.122,0,1.179,4.434,35.47,0.201,1.804,46.97,0.544,110.0,220.6,4.526,1.052,46.29,"Approximate; raw foods reference-style, prepared foods recipe estimate"
759,Chana Chaat,Chana Chaat,चना चाट,Chana Chaat (Chana Chaat - चना चाट),Snack,Spiced chickpea salad,per 100 g edible portion,272.7,11.06,2.005,3.76,4.984,30.29,3.95,6.661,2.764,5.307,510.0,35.82,18.94,0.126,28.05,0.052,0.075,1.578,0.306,0.144,4.219,0,0.993,4.589,33.97,0.193,1.758,45.72,0.548,132.6,246.9,5.512,1.067,47.36,"Approximate; raw foods reference-style, prepared foods recipe estimate"
760,Fruit Chaat,Falful Chaat,फलफूल चाट,Fruit Chaat (Falful Chaat - फलफूल चाट),Snack,Spiced fruit mix,per 100 g edible portion,232.0,11.63,2.059,3.663,4.412,33.11,3.7,6.132,3.302,5.738,531.1,44.24,19.11,0.132,26.12,0.048,0.088,1.79,0.323,0.143,4.435,0,1.171,4.814,38.7,0.198,1.956,44.29,0.538,114.9,256.7,4.779,0.99,49.14,"Approximate; raw foods reference-style, prepared foods recipe estimate"
761,Papdi Chaat,Papdi Chaat,पापडी चाट,Papdi Chaat (Papdi Chaat - पापडी चाट),Snack,Crisp chaat with yogurt/chutney,per 100 g edible portion,279.3,12.65,2.117,4.256,4.298,29.59,3.75,5.681,3.021,6.642,436.3,44.54,20.55,0.117,26.67,0.052,0.088,1.443,0.322,0.151,3.885,0,1.193,4.916,35.3,0.195,1.704,47.03,0.594,105.6,218.6,5.217,0.923,44.66,"Approximate; raw foods reference-style, prepared foods recipe estimate"
762,Dahi Vada,Dahi Bara,दही बारा,Dahi Vada (Dahi Bara - दही बारा),Snack,Lentil fritter in yogurt,per 100 g edible portion,283.1,13.93,2.393,3.937,4.197,30.53,4.461,6.101,3.257,6.443,464.1,36.37,21.38,0.113,27.31,0.048,0.081,1.539,0.318,0.134,3.716,0,1.196,5.106,31.5,0.164,1.793,43.61,0.553,107.8,237.1,4.784,1.111,47.14,"Approximate; raw foods reference-style, prepared foods recipe estimate"
763,Vada Pav,Vada Pav,वडा पाव,Vada Pav (Vada Pav - वडा पाव),Snack,Potato fritter bun,per 100 g edible portion,319.9,15.9,2.456,3.77,4.025,32.04,3.965,6.142,2.665,6.024,456.1,37.77,17.77,0.106,26.74,0.044,0.083,1.507,0.33,0.163,3.663,0,1.181,4.854,31.54,0.193,1.956,39.62,0.569,108.7,217.1,4.609,1.038,43.85,"Approximate; raw foods reference-style, prepared foods recipe estimate"
764,Pav Bhaji,Pav Bhaji,पाव भाजी,Pav Bhaji (Pav Bhaji - पाव भाजी),Prepared Meal,Spiced vegetable mash with bread,per 100 g edible portion,166.6,5.948,1.386,2.09,2.053,21.22,2.575,6.592,2.237,19.16,388.9,63.84,49.26,0.097,38.96,0.201,0.087,1.444,0.38,0.147,5.475,0.111,0.572,6.706,28.6,0.147,1.271,30.22,0.331,103.5,190.7,6.012,0.945,42.46,"Approximate; raw foods reference-style, prepared foods recipe estimate"
765,Chole Bhature,Chole Bhature,छोले भटुरे,Chole Bhature (Chole Bhature - छोले भटुरे),Prepared Meal,Chickpea curry with fried bread,per 100 g edible portion,187.8,7.01,1.41,2.312,2.182,23.22,2.372,6.699,2.63,18.33,434.2,63.25,51.23,0.097,36.24,0.207,0.083,1.409,0.344,0.167,5.523,0.107,0.611,5.8,33.4,0.145,1.42,30.86,0.338,117.5,212.8,5.556,1.022,45.5,"Approximate; raw foods reference-style, prepared foods recipe estimate"
766,Chole Kulche,Chole Kulche,छोले कुल्चे,Chole Kulche (Chole Kulche - छोले कुल्चे),Prepared Meal,Chickpea curry with kulcha,per 100 g edible portion,155.5,6.292,1.428,2.173,2.08,22.93,2.325,7.098,2.459,16.65,422.6,60.2,60.36,0.085,35.23,0.212,0.086,1.651,0.338,0.148,5.886,0.096,0.573,5.533,27.52,0.129,1.466,28.09,0.35,119.7,205.7,6.356,0.889,45.77,"Approximate; raw foods reference-style, prepared foods recipe estimate"
767,Rajma Rice,Rajma Bhat,राजमा भात,Rajma Rice (Rajma Bhat - राजमा भात),Prepared Meal,Kidney bean curry with rice,per 100 g edible portion,164.8,6.123,1.294,1.938,2.025,24.55,2.644,7.059,2.411,17.36,391.2,63.18,57.53,0.098,40.07,0.203,0.075,1.673,0.391,0.157,5.461,0.093,0.529,5.605,26.55,0.135,1.562,32.28,0.389,118.0,199.7,6.623,0.948,45.67,"Approximate; raw foods reference-style, prepared foods recipe estimate"
768,Chana Rice,Chana Bhat,चना भात,Chana Rice (Chana Bhat - चना भात),Prepared Meal,Chickpea curry with rice,per 100 g edible portion,186.1,6.241,1.151,2.222,2.114,25.83,2.62,7.509,2.172,18.15,339.5,61.8,62.87,0.092,32.71,0.21,0.071,1.54,0.39,0.155,6.366,0.097,0.629,5.801,26.78,0.134,1.277,32.57,0.339,102.0,216.7,5.281,1.007,45.89,"Approximate; raw foods reference-style, prepared foods recipe estimate"
769,Egg Fried Rice,Anda Fried Rice,अण्डा फ्राइड राइस,Egg Fried Rice (Anda Fried Rice - अण्डा फ्राइड राइस),Prepared Meal,Egg fried rice,per 100 g edible portion,181.5,7.173,1.41,2.079,1.973,25.64,2.262,6.314,2.398,19.37,386.6,56.6,59.43,0.084,38.53,0.194,0.077,1.523,0.391,0.143,6.11,0.106,0.63,6.554,28.85,0.148,1.329,31.52,0.368,117.4,189.6,6.483,1.005,42.6,"Approximate; raw foods reference-style, prepared foods recipe estimate"
770,Chicken Fried Rice,Chicken Fried Rice,चिकेन फ्राइड राइस,Chicken Fried Rice (Chicken Fried Rice - चिकेन फ्राइड राइस),Prepared Meal,Chicken fried rice,per 100 g edible portion,206.0,8.223,1.33,2.227,2.15,26.25,2.293,6.442,2.524,19.59,361.5,64.36,46.84,0.084,34.71,0.187,0.081,1.559,0.319,0.139,5.494,0.104,0.58,5.572,33.23,0.147,1.358,27.14,0.356,120.0,204.4,5.693,1.069,43.66,"Approximate; raw foods reference-style, prepared foods recipe estimate"
771,Buff Fried Rice,Buff Fried Rice,बफ फ्राइड राइस,Buff Fried Rice (Buff Fried Rice - बफ फ्राइड राइस),Prepared Meal,Buffalo fried rice,per 100 g edible portion,186.7,7.35,1.148,2.149,1.892,23.07,2.345,6.238,2.371,19.35,372.3,64.26,58.45,0.089,38.55,0.201,0.079,1.588,0.354,0.162,6.206,0.097,0.541,6.378,26.94,0.124,1.389,33.18,0.358,96.99,210.5,6.225,1.087,42.62,"Approximate; raw foods reference-style, prepared foods recipe estimate"
772,Veg Fried Rice,Veg Fried Rice,भेज फ्राइड राइस,Veg Fried Rice (Veg Fried Rice - भेज फ्राइड राइस),Prepared Meal,Vegetable fried rice,per 100 g edible portion,208.0,7.624,1.158,2.313,1.76,23.67,2.267,6.887,2.653,18.82,431.7,55.06,49.16,0.081,35.85,0.183,0.073,1.555,0.367,0.168,6.127,0.109,0.616,6.498,30.5,0.134,1.316,30.38,0.314,118.2,205.5,6.493,0.96,45.91,"Approximate; raw foods reference-style, prepared foods recipe estimate"
773,Mixed Fried Rice,Mixed Fried Rice,मिक्स फ्राइड राइस,Mixed Fried Rice (Mixed Fried Rice - मिक्स फ्राइड राइस),Prepared Meal,Mixed meat/veg fried rice,per 100 g edible portion,221.2,8.581,1.251,2.333,2.123,23.95,2.311,6.606,2.132,16.12,417.8,54.69,51.19,0.098,33.18,0.205,0.079,1.61,0.313,0.144,6.569,0.111,0.597,6.547,26.92,0.151,1.525,29.2,0.332,120.1,206.9,5.389,0.984,42.91,"Approximate; raw foods reference-style, prepared foods recipe estimate"
774,Schezwan Fried Rice,Schezwan Fried Rice,सेजवान फ्राइड राइस,Schezwan Fried Rice (Schezwan Fried Rice - सेजवान फ्राइड राइस),Prepared Meal,Spicy Schezwan fried rice,per 100 g edible portion,220.8,6.905,1.254,2.075,1.921,21.12,2.546,7.324,2.395,19.12,395.9,54.38,56.16,0.096,33.23,0.217,0.083,1.511,0.34,0.153,6.164,0.108,0.629,6.112,30.0,0.142,1.501,31.14,0.337,100.3,201.9,6.217,0.943,46.65,"Approximate; raw foods reference-style, prepared foods recipe estimate"
775,Schezwan Noodles,Schezwan Noodles,सेजवान नुडल्स,Schezwan Noodles (Schezwan Noodles - सेजवान नुडल्स),Prepared Meal,Spicy Schezwan noodles,per 100 g edible portion,192.2,5.721,1.144,1.955,2.03,25.18,2.374,6.311,2.219,18.22,416.5,58.29,49.93,0.084,34.13,0.18,0.071,1.431,0.309,0.151,5.874,0.094,0.556,5.692,28.68,0.141,1.372,32.22,0.367,112.2,191.4,6.146,1.116,41.86,"Approximate; raw foods reference-style, prepared foods recipe estimate"
776,Chili Paneer,Chilli Paneer,चिल्ली पनीर,Chili Paneer (Chilli Paneer - चिल्ली पनीर),Prepared Meal,Paneer in chili sauce,per 100 g edible portion,154.2,5.901,1.296,2.296,2.198,24.03,2.361,7.469,2.52,16.83,396.4,54.0,52.3,0.086,34.47,0.176,0.075,1.624,0.311,0.151,5.575,0.101,0.647,5.831,29.31,0.126,1.352,29.11,0.378,97.09,207.5,6.202,1.043,47.16,"Approximate; raw foods reference-style, prepared foods recipe estimate"
777,Chili Chicken,Chilli Chicken,चिल्ली चिकेन,Chili Chicken (Chilli Chicken - चिल्ली चिकेन),Prepared Meal,Chicken in chili sauce,per 100 g edible portion,168.7,5.959,1.313,1.933,1.935,22.3,2.24,6.957,2.261,19.31,410.0,66.45,62.2,0.098,30.33,0.185,0.082,1.581,0.322,0.147,6.048,0.098,0.632,5.147,27.73,0.132,1.459,26.43,0.326,122.9,178.7,6.57,1.046,44.0,"Approximate; raw foods reference-style, prepared foods recipe estimate"
778,Chili Buff,Chilli Buff,चिल्ली बफ,Chili Buff (Chilli Buff - चिल्ली बफ),Prepared Meal,Buffalo in chili sauce,per 100 g edible portion,194.5,6.528,1.319,2.271,1.954,23.65,2.405,7.0,2.679,16.26,330.4,62.32,62.45,0.101,30.74,0.215,0.077,1.323,0.363,0.168,6.247,0.099,0.533,6.875,29.5,0.127,1.277,31.94,0.339,105.6,193.6,5.895,0.93,46.27,"Approximate; raw foods reference-style, prepared foods recipe estimate"
779,Manchurian Veg,Veg Manchurian,भेज मन्चुरियन,Manchurian Veg (Veg Manchurian - भेज मन्चुरियन),Prepared Meal,Vegetable balls in sauce,per 100 g edible portion,174.4,5.701,1.275,2.065,1.849,23.88,2.211,7.627,2.148,19.04,391.2,55.23,53.22,0.096,39.67,0.214,0.077,1.349,0.317,0.16,5.287,0.09,0.545,6.435,27.31,0.143,1.232,29.24,0.371,98.21,214.9,6.558,0.961,45.65,"Approximate; raw foods reference-style, prepared foods recipe estimate"
780,Manchurian Chicken,Chicken Manchurian,चिकेन मन्चुरियन,Manchurian Chicken (Chicken Manchurian - चिकेन मन्चुरियन),Prepared Meal,Chicken in Manchurian sauce,per 100 g edible portion,167.0,6.647,1.256,2.284,2.17,25.0,2.323,6.887,2.216,19.88,376.9,64.31,63.08,0.093,37.13,0.188,0.087,1.646,0.331,0.136,6.41,0.104,0.637,6.855,28.05,0.135,1.356,33.51,0.347,122.5,216.8,5.668,0.928,44.26,"Approximate; raw foods reference-style, prepared foods recipe estimate"
781,Hot and Sour Soup Veg,Veg Hot Sour Soup,भेज हट सावर सूप,Hot and Sour Soup Veg (Veg Hot Sour Soup - भेज हट सावर सूप),Prepared Meal,Vegetable hot and sour soup,per 100 g edible portion,102.7,5.804,1.257,2.258,2.166,21.99,2.284,7.531,2.272,18.09,414.7,82,57.32,0.097,37.2,0.222,0.073,1.56,0.326,0.16,6.413,0.103,0.636,6.864,30.6,0.133,1.355,32.7,0.334,103.9,195.2,5.85,1.089,46.56,"Approximate; raw foods reference-style, prepared foods recipe estimate"
782,Hot and Sour Soup Chicken,Chicken Hot Sour Soup,चिकेन हट सावर सूप,Hot and Sour Soup Chicken (Chicken Hot Sour Soup - चिकेन हट सावर सूप),Prepared Meal,Chicken hot and sour soup,per 100 g edible portion,126.4,6.588,1.176,1.97,1.976,23.45,2.537,6.51,2.512,19.68,380.5,82,56.63,0.088,34.2,0.204,0.078,1.596,0.351,0.135,5.581,0.097,0.613,6.43,32.83,0.124,1.488,32.22,0.364,115.7,199.2,5.949,0.885,44.37,"Approximate; raw foods reference-style, prepared foods recipe estimate"
783,Sweet Corn Soup Veg,Veg Sweet Corn Soup,भेज स्वीट कर्न सूप,Sweet Corn Soup Veg (Veg Sweet Corn Soup - भेज स्वीट कर्न सूप),Prepared Meal,Vegetable sweet corn soup,per 100 g edible portion,116.1,6.428,1.267,2.271,1.818,22.37,2.644,6.194,2.497,17.02,391.5,82,55.3,0.094,39.43,0.222,0.072,1.348,0.361,0.157,6.513,0.097,0.667,5.992,27.91,0.136,1.535,28.47,0.364,120.0,195.8,5.654,1.014,43.06,"Approximate; raw foods reference-style, prepared foods recipe estimate"
784,Sweet Corn Soup Chicken,Chicken Sweet Corn Soup,चिकेन स्वीट कर्न सूप,Sweet Corn Soup Chicken (Chicken Sweet Corn Soup - चिकेन स्वीट कर्न सूप),Prepared Meal,Chicken sweet corn soup,per 100 g edible portion,113.8,5.756,1.45,1.95,2.164,25.19,2.634,6.273,2.553,16.92,388.2,82,54.46,0.096,37.29,0.176,0.085,1.49,0.371,0.134,6.65,0.101,0.562,5.807,26.82,0.134,1.4,27.45,0.376,109.0,219.3,5.384,0.96,43.47,"Approximate; raw foods reference-style, prepared foods recipe estimate"
785,Corn Toast,Makai Toast,मकै टोस्ट,Corn Toast (Makai Toast - मकै टोस्ट),Bread,Corn bread toast,per 100 g edible portion,282.4,4.821,0.983,1.429,1.825,44.95,3.024,8.693,4.343,0,378.3,29.22,4.109,0.162,25.74,0,0.076,2.747,0.389,0.137,0,0,0.546,1.778,31.26,0.203,2.283,52.26,1.006,181.8,200.0,17.1,1.315,61.42,"Approximate; raw foods reference-style, prepared foods recipe estimate"
786,Multigrain Bread,Multigrain Pauroti,मल्टिग्रेन पाउरोटी,Multigrain Bread (Multigrain Pauroti - मल्टिग्रेन पाउरोटी),Bread,Multigrain bread,per 100 g edible portion,235.7,4.418,0.989,1.474,2.172,41.05,3.043,7.46,4.364,0,333.9,32.45,3.993,0.177,32.51,0,0.083,2.534,0.327,0.154,0,0,0.614,1.844,31.2,0.18,2.109,60.42,0.935,185.4,198.0,14.26,1.323,57.85,"Approximate; raw foods reference-style, prepared foods recipe estimate"
787,Oat Bread,Oats Pauroti,ओट्स पाउरोटी,Oat Bread (Oats Pauroti - ओट्स पाउरोटी),Bread,Oat bread,per 100 g edible portion,265.9,4.877,0.917,1.51,2.073,44.71,3.036,8.064,3.747,0,329.7,33.38,4.094,0.178,32.3,0,0.078,2.561,0.348,0.135,0,0,0.546,2.196,29.92,0.223,2.303,51.65,0.957,177.7,197.1,15.0,1.243,56.7,"Approximate; raw foods reference-style, prepared foods recipe estimate"
788,Rye Bread,Rye Pauroti,राई पाउरोटी,Rye Bread (Rye Pauroti - राई पाउरोटी),Bread,Rye bread,per 100 g edible portion,265.2,4.968,1.04,1.682,2.02,50.53,3.191,7.414,3.671,0,339.3,31.46,4.23,0.191,33.21,0,0.076,2.697,0.381,0.141,0,0,0.648,1.769,29.25,0.201,2.2,55.97,1.043,195.4,200.7,17.71,1.378,54.15,"Approximate; raw foods reference-style, prepared foods recipe estimate"
789,Cheese Toast,Cheese Toast,चिज टोस्ट,Cheese Toast (Cheese Toast - चिज टोस्ट),Snack,Toast with cheese,per 100 g edible portion,287.3,11.5,2.112,4.154,4.406,32.5,3.849,5.63,2.738,5.302,506.6,43.29,20.95,0.122,34.27,0.052,0.089,1.497,0.297,0.134,3.811,0,1.115,5.162,33.53,0.2,1.592,45.0,0.573,106.4,227.7,4.884,1.105,42.69,"Approximate; raw foods reference-style, prepared foods recipe estimate"
790,Egg Toast,Anda Toast,अण्डा टोस्ट,Egg Toast (Anda Toast - अण्डा टोस्ट),Snack,Toast with egg,per 100 g edible portion,287.3,13.14,2.088,3.599,5.029,29.85,4.382,6.703,2.658,6.611,475.2,43.54,19.47,0.127,32.29,0.046,0.084,1.541,0.293,0.151,3.652,0,1.069,5.729,33.46,0.184,1.73,41.89,0.577,127.6,245.1,5.159,0.902,46.31,"Approximate; raw foods reference-style, prepared foods recipe estimate"
791,French Toast,French Toast,फ्रेन्च टोस्ट,French Toast (French Toast - फ्रेन्च टोस्ट),Snack,Egg-milk fried bread,per 100 g edible portion,303.1,16.04,2.387,4.2,4.052,28.99,3.782,6.563,2.757,6.381,505.4,43.14,21.25,0.11,26.33,0.051,0.087,1.626,0.267,0.166,3.974,0,1.226,5.189,36.43,0.186,1.785,43.01,0.569,129.0,214.5,5.146,1.036,46.07,"Approximate; raw foods reference-style, prepared foods recipe estimate"
792,Pancake Plain,Plain Pancake,प्लेन प्यानकेक,Pancake Plain (Plain Pancake - प्लेन प्यानकेक),Sweet,Plain pancake,per 100 g edible portion,383.0,11.48,3.764,3.574,2.154,58.87,43.37,3.947,0.923,11.35,102.6,21.08,19.84,0.045,7.605,0.151,0.065,0.523,0.195,0.048,0,0.051,0.534,1.004,43.06,0.074,0.882,17.1,0.133,66.97,92.88,2.972,0.486,21.71,"Approximate; raw foods reference-style, prepared foods recipe estimate"
793,Banana Pancake,Kera Pancake,केरा प्यानकेक,Banana Pancake (Kera Pancake - केरा प्यानकेक),Sweet,Banana pancake,per 100 g edible portion,357.9,11.36,3.848,3.83,1.921,51.69,45.73,4.055,0.965,12.2,86.56,21.32,19.51,0.052,7.196,0.148,0.075,0.493,0.19,0.047,0,0.044,0.505,1.052,50.24,0.072,0.709,18.7,0.161,73.24,99.51,3.139,0.53,22.79,"Approximate; raw foods reference-style, prepared foods recipe estimate"
794,Honey Pancake,Maha Pancake,मह प्यानकेक,Honey Pancake (Maha Pancake - मह प्यानकेक),Sweet,Pancake with honey,per 100 g edible portion,375.4,10.51,4.214,3.861,2.091,58.08,42.22,4.022,1.096,13.28,81.93,20.86,21.94,0.056,8.014,0.128,0.075,0.555,0.182,0.047,0,0.054,0.46,1.133,39.98,0.075,0.819,17.42,0.139,66.94,88.21,3.045,0.515,22.57,"Approximate; raw foods reference-style, prepared foods recipe estimate"
795,Oatmeal with Milk,Dudh Oats,दूध ओट्स,Oatmeal with Milk (Dudh Oats - दूध ओट्स),Prepared Meal,Oats cooked with milk,per 100 g edible portion,158.3,6.123,1.286,1.974,1.762,22.24,2.657,6.556,2.35,18.57,333.0,54.2,50.47,0.081,38.93,0.203,0.087,1.61,0.386,0.155,6.231,0.101,0.562,5.102,30.89,0.151,1.292,32.42,0.308,107.5,179.8,5.625,1.116,43.19,"Approximate; raw foods reference-style, prepared foods recipe estimate"
796,Oatmeal with Banana,Kera Oats,केरा ओट्स,Oatmeal with Banana (Kera Oats - केरा ओट्स),Prepared Meal,Oats with banana,per 100 g edible portion,187.6,6.44,1.247,2.062,2.103,25.07,2.203,6.795,2.236,16.29,417.3,56.62,62.87,0.08,37.73,0.189,0.087,1.473,0.388,0.161,5.412,0.108,0.591,6.792,26.89,0.126,1.5,27.79,0.38,115.9,214.1,5.992,1.051,43.72,"Approximate; raw foods reference-style, prepared foods recipe estimate"
797,Muesli with Milk,Dudh Muesli,दूध म्युज्ली,Muesli with Milk (Dudh Muesli - दूध म्युज्ली),Prepared Meal,Muesli with milk,per 100 g edible portion,163.9,5.671,1.29,2.163,1.938,24.39,2.3,7.071,2.307,19.13,373.1,52.84,48.04,0.097,37.0,0.19,0.073,1.469,0.355,0.141,5.569,0.102,0.659,6.697,32.33,0.143,1.545,31.96,0.354,102.6,195.7,5.871,1.062,45.42,"Approximate; raw foods reference-style, prepared foods recipe estimate"
798,Cornflakes with Milk,Dudh Cornflakes,दूध कर्नफ्लेक्स,Cornflakes with Milk (Dudh Cornflakes - दूध कर्नफ्लेक्स),Prepared Meal,Cornflakes with milk,per 100 g edible portion,161.9,5.653,1.294,2.047,1.792,22.25,2.648,7.071,2.357,18.54,344.1,54.41,53.94,0.085,33.58,0.223,0.086,1.624,0.378,0.155,6.151,0.111,0.622,6.222,26.75,0.137,1.543,26.76,0.35,103.2,190.8,6.206,0.901,45.16,"Approximate; raw foods reference-style, prepared foods recipe estimate"
799,Boiled Corn Chaat,Makai Chaat,मकै चाट,Boiled Corn Chaat (Makai Chaat - मकै चाट),Snack,Boiled corn with spices,per 100 g edible portion,274.5,11.24,2.28,3.98,4.419,32.27,4.32,6.097,3.045,6.296,409.5,39.27,22.28,0.133,27.82,0.044,0.076,1.58,0.282,0.133,3.778,0,0.974,5.594,31.62,0.169,1.818,46.1,0.572,117.3,218.1,5.103,0.983,46.3,"Approximate; raw foods reference-style, prepared foods recipe estimate"
800,Popcorn Plain,Sada Popcorn,सादा पपकर्न,Popcorn Plain (Sada Popcorn - सादा पपकर्न),Snack,Air-popped popcorn,per 100 g edible portion,287.0,12.89,2.391,3.861,4.017,33.41,4.366,5.725,2.738,6.627,531.9,43.14,17.66,0.124,31.67,0.046,0.077,1.623,0.293,0.162,3.811,0,0.99,5.076,37.33,0.168,1.713,39.96,0.582,123.5,217.8,4.407,1.028,43.06,"Approximate; raw foods reference-style, prepared foods recipe estimate"
801,Butter Popcorn,Butter Popcorn,बटर पपकर्न,Butter Popcorn (Butter Popcorn - बटर पपकर्न),Snack,Butter popcorn,per 100 g edible portion,279.5,12.23,2.378,3.869,4.018,31.22,3.648,5.29,3.057,5.842,415.5,37.74,20.61,0.124,25.81,0.045,0.079,1.735,0.291,0.14,3.726,0,1.192,5.543,37.06,0.192,1.71,44.41,0.565,125.9,261.1,5.04,1.063,43.87,"Approximate; raw foods reference-style, prepared foods recipe estimate"
802,Masala Popcorn,Masala Popcorn,मसला पपकर्न,Masala Popcorn (Masala Popcorn - मसला पपकर्न),Snack,Spiced popcorn,per 100 g edible portion,234.2,10.9,2.136,3.888,4.127,34.8,3.91,6.442,3.141,6.429,501.8,36.96,20.53,0.124,32.24,0.045,0.072,1.451,0.275,0.144,4.097,0,1.126,4.58,36.8,0.198,1.937,39.52,0.574,120.7,211.6,5.183,1.104,48.47,"Approximate; raw foods reference-style, prepared foods recipe estimate"
803,Potato Chips,Aalu Chips,आलु चिप्स,Potato Chips (Aalu Chips - आलु चिप्स),Snack,Packaged potato chips,per 100 g edible portion,333.6,13.77,2.278,4.466,4.252,33.63,3.555,5.518,3.184,5.589,440.6,40.47,20.98,0.117,29.42,0.046,0.087,1.516,0.302,0.161,4.328,0,1.072,5.394,31.22,0.198,1.839,38.26,0.589,110.8,217.3,4.989,0.947,43.65,"Approximate; raw foods reference-style, prepared foods recipe estimate"
804,Banana Chips,Kera Chips,केरा चिप्स,Banana Chips (Kera Chips - केरा चिप्स),Snack,Fried banana chips,per 100 g edible portion,297.0,17.25,2.459,4.181,4.666,29.12,3.963,6.676,2.74,5.827,508.1,43.74,19.26,0.124,30.91,0.046,0.081,1.732,0.328,0.142,3.741,0,1.218,4.699,32.43,0.171,1.841,39.93,0.492,119.2,254.5,5.096,0.979,46.66,"Approximate; raw foods reference-style, prepared foods recipe estimate"
805,Cassava Chips,Simal Tarul Chips,सिमल तरुल चिप्स,Cassava Chips (Simal Tarul Chips - सिमल तरुल चिप्स),Snack,Fried cassava chips,per 100 g edible portion,319.2,16.01,2.089,3.809,4.368,31.29,4.334,5.338,3.18,6.654,516.9,37.1,21.92,0.123,29.39,0.052,0.073,1.601,0.322,0.139,4.094,0,1.003,5.58,37.08,0.178,1.733,41.13,0.549,108.0,229.5,4.884,1.036,43.53,"Approximate; raw foods reference-style, prepared foods recipe estimate"
806,Corn Chips,Makai Chips,मकै चिप्स,Corn Chips (Makai Chips - मकै चिप्स),Snack,Corn chips,per 100 g edible portion,302.7,15.14,2.335,4.219,4.95,32.44,3.69,6.465,2.763,6.313,540.1,40.41,18.41,0.133,25.59,0.043,0.082,1.738,0.276,0.138,4.428,0,1.152,5.069,30.83,0.178,1.836,41.88,0.493,107.3,233.5,4.604,1.055,45.89,"Approximate; raw foods reference-style, prepared foods recipe estimate"
807,Rice Crackers,Chamal Crackers,चामल क्र्याकर,Rice Crackers (Chamal Crackers - चामल क्र्याकर),Snack,Rice crackers,per 100 g edible portion,282.3,13.31,2.418,4.009,4.981,34.28,3.744,6.693,3.109,6.54,489.7,37.75,18.53,0.128,29.5,0.054,0.086,1.696,0.272,0.136,3.755,0,1.065,4.928,31.31,0.197,1.69,40.57,0.6,128.6,213.6,5.405,0.94,47.83,"Approximate; raw foods reference-style, prepared foods recipe estimate"
808,Namkeen Mix,Namkeen,नमकिन,Namkeen Mix (Namkeen - नमकिन),Snack,Mixed savory snack,per 100 g edible portion,290.0,12.1,2.285,3.97,4.386,34.17,3.83,6.299,3.238,6.6,523.9,36.6,17.58,0.132,29.96,0.051,0.088,1.602,0.28,0.168,4.023,0,1.064,5.032,34.66,0.201,1.655,45.91,0.5,127.2,244.4,5.002,1.096,47.73,"Approximate; raw foods reference-style, prepared foods recipe estimate"
809,Bhujia,Bhujia,भुजिया,Bhujia (Bhujia - भुजिया),Snack,Fried gram flour snack,per 100 g edible portion,295.3,14.6,2.194,4.301,4.596,28.44,4.03,6.069,3.348,5.679,415.6,43.75,18.32,0.133,29.39,0.05,0.073,1.726,0.318,0.138,3.916,0,0.993,4.824,33.92,0.161,1.814,40.93,0.613,115.9,237.4,4.962,0.917,47.3,"Approximate; raw foods reference-style, prepared foods recipe estimate"
810,Sev,Sev,सेव,Sev (Sev - सेव),Snack,Fried gram flour noodles,per 100 g edible portion,318.2,15.88,2.077,3.569,4.425,30.1,3.701,6.064,3.202,6.588,476.6,39.93,21.29,0.131,32.33,0.046,0.085,1.684,0.319,0.165,3.997,0,1.122,5.296,37.68,0.177,1.987,41.91,0.536,109.3,227.2,4.733,1.003,46.76,"Approximate; raw foods reference-style, prepared foods recipe estimate"
811,Instant Noodles Cooked,Pakako Chau Chau,पकाएको चाउचाउ,Instant Noodles Cooked (Pakako Chau Chau - पकाएको चाउचाउ),Prepared Meal,Cooked instant noodles,per 100 g edible portion,156.5,6.484,1.289,2.238,2.151,25.95,2.404,7.064,2.603,16.59,407.9,65.79,61.42,0.09,31.67,0.214,0.088,1.481,0.36,0.161,6.622,0.1,0.647,5.243,29.68,0.129,1.527,28.43,0.366,97.69,180.8,6.271,1.043,46.46,"Approximate; raw foods reference-style, prepared foods recipe estimate"
812,Instant Noodles Dry,Sukha Chau Chau,सुक्खा चाउचाउ,Instant Noodles Dry (Sukha Chau Chau - सुक्खा चाउचाउ),Snack,Dry instant noodles,per 100 g edible portion,277.9,11.4,2.364,3.803,4.854,34.63,4.309,6.341,3.003,6.415,493.1,36.27,19.96,0.115,25.6,0.05,0.079,1.779,0.286,0.136,4.117,0,0.985,4.571,32.54,0.173,1.729,46.01,0.498,106.7,226.9,4.577,1.079,46.9,"Approximate; raw foods reference-style, prepared foods recipe estimate"
813,Milk Tea Less Sugar,Kam Chini Chiya,कम चिनी चिया,Milk Tea Less Sugar (Kam Chini Chiya - कम चिनी चिया),Beverage,Milk tea with less sugar,per 100 g edible portion,35.16,1.343,0.963,0.417,0.101,6.926,3.028,1.183,0.091,5.134,26.08,97.64,14.26,0.019,3.069,0.173,0.062,0.101,0.194,0.018,2.05,0.055,0.045,0.185,49.94,0.011,0.054,7.445,0.031,32.6,66.06,1.035,0.201,8.58,"Approximate; raw foods reference-style, prepared foods recipe estimate"
814,Milk Tea No Sugar,Chini Bina Chiya,चिनी बिना चिया,Milk Tea No Sugar (Chini Bina Chiya - चिनी बिना चिया),Beverage,Milk tea without sugar,per 100 g edible portion,27.08,1.637,0.799,0.354,0.096,7.539,0.991,1.134,0.109,5.418,26.33,98.97,16.8,0.018,3.415,0.225,0.069,0.096,0.191,0.02,2.169,0.055,0.044,0.179,49.87,0.011,0.046,6.532,0.031,32.93,65.43,0.884,0.193,8.44,"Approximate; raw foods reference-style, prepared foods recipe estimate"
815,Black Tea Sugar,Chini Kalo Chiya,चिनी कालो चिया,Black Tea Sugar (Chini Kalo Chiya - चिनी कालो चिया),Beverage,Black tea with sugar,per 100 g edible portion,47.0,1.407,0.8,0.38,0.101,6.9,5.337,1.196,0.099,5.542,28.27,94.97,12.78,0.018,3.266,0.2,0.075,0.11,0.193,0.02,1.774,0.047,0.053,0.184,46.82,0.01,0.046,6.399,0.028,37.22,60.23,1.008,0.193,8.31,"Approximate; raw foods reference-style, prepared foods recipe estimate"
816,Green Tea Honey,Maha Green Tea,मह ग्रीन टी,Green Tea Honey (Maha Green Tea - मह ग्रीन टी),Beverage,Green tea with honey,per 100 g edible portion,47.32,1.449,0.846,0.437,0.111,7.611,5.547,1.319,0.092,5.297,27.81,96.21,12.8,0.021,3.3,0.187,0.065,0.096,0.181,0.019,1.973,0.046,0.049,0.17,40.92,0.011,0.052,7.339,0.033,33.53,63.13,0.986,0.212,8.58,"Approximate; raw foods reference-style, prepared foods recipe estimate"
817,Lemon Honey Tea,Kagati Maha Chiya,कागती मह चिया,Lemon Honey Tea (Kagati Maha Chiya - कागती मह चिया),Beverage,Tea with lemon and honey,per 100 g edible portion,40.55,1.394,0.891,0.418,0.094,6.331,5.607,1.206,0.104,5.557,24.44,100.7,16.13,0.018,2.629,0.175,0.074,0.106,0.197,0.018,1.899,0.054,0.052,0.174,43.85,0.009,0.046,7.171,0.028,37.43,67.25,1.049,0.214,8.38,"Approximate; raw foods reference-style, prepared foods recipe estimate"
818,Ginger Honey Tea,Aduwa Maha Chiya,अदुवा मह चिया,Ginger Honey Tea (Aduwa Maha Chiya - अदुवा मह चिया),Beverage,Tea with ginger and honey,per 100 g edible portion,50.29,1.374,0.948,0.369,0.091,7.073,6.595,1.267,0.103,5.362,21.35,95.59,14.71,0.021,2.872,0.215,0.077,0.099,0.206,0.022,2.184,0.047,0.055,0.21,48.92,0.01,0.054,6.945,0.029,31.57,61.11,0.981,0.201,8.83,"Approximate; raw foods reference-style, prepared foods recipe estimate"
819,Cardamom Tea,Sukumel Chiya,सुकुमेल चिया,Cardamom Tea (Sukumel Chiya - सुकुमेल चिया),Beverage,Milk tea with cardamom,per 100 g edible portion,47.09,1.479,0.935,0.415,0.103,7.472,6.54,1.223,0.097,4.506,26.05,93.52,13.91,0.02,2.881,0.209,0.071,0.095,0.181,0.018,2.219,0.049,0.055,0.178,45.9,0.01,0.053,7.711,0.033,32.71,67.82,0.884,0.185,8.63,"Approximate; raw foods reference-style, prepared foods recipe estimate"
820,Cinnamon Tea,Dalchini Chiya,दालचिनी चिया,Cinnamon Tea (Dalchini Chiya - दालचिनी चिया),Beverage,Tea with cinnamon,per 100 g edible portion,44.72,1.641,0.93,0.392,0.106,7.731,5.407,1.212,0.107,4.836,23.01,90.16,16.41,0.018,2.868,0.221,0.076,0.101,0.185,0.019,1.817,0.056,0.052,0.212,47.76,0.011,0.047,6.699,0.03,39.15,63.04,0.956,0.197,8.51,"Approximate; raw foods reference-style, prepared foods recipe estimate"
821,Black Coffee Sugar,Chini Kalo Coffee,चिनी कालो कफी,Black Coffee Sugar (Chini Kalo Coffee - चिनी कालो कफी),Beverage,Black coffee with sugar,per 100 g edible portion,41.52,1.504,0.841,0.352,0.106,6.299,6.636,1.287,0.108,4.748,22.1,85.05,14.04,0.02,2.911,0.211,0.071,0.104,0.176,0.018,1.909,0.053,0.055,0.189,49.72,0.009,0.054,7.102,0.03,36.65,67.08,0.984,0.222,8.97,"Approximate; raw foods reference-style, prepared foods recipe estimate"
822,Cappuccino,Cappuccino,क्यापुचिनो,Cappuccino (Cappuccino - क्यापुचिनो),Beverage,Milk coffee,per 100 g edible portion,47.92,1.505,0.879,0.369,0.111,6.172,5.565,1.2,0.106,4.499,25.7,90.01,16.94,0.019,2.995,0.18,0.072,0.095,0.183,0.022,2.105,0.047,0.046,0.191,42.16,0.011,0.045,6.581,0.028,33.23,65.71,1.014,0.223,8.29,"Approximate; raw foods reference-style, prepared foods recipe estimate"
823,Latte,Latte,लाटे,Latte (Latte - लाटे),Beverage,Milk-heavy coffee,per 100 g edible portion,49.3,1.617,0.954,0.397,0.093,6.242,6.39,1.075,0.104,4.704,21.72,87.79,14.14,0.022,3.284,0.212,0.065,0.093,0.217,0.02,1.807,0.046,0.048,0.202,44.54,0.009,0.046,6.743,0.032,36.89,68.87,0.973,0.209,7.94,"Approximate; raw foods reference-style, prepared foods recipe estimate"
824,Mocha,Mocha,मोका,Mocha (Mocha - मोका),Beverage,Coffee with milk and cocoa,per 100 g edible portion,47.46,1.467,0.826,0.399,0.092,7.698,5.559,1.157,0.097,4.827,21.52,95.13,17.25,0.021,3.093,0.201,0.062,0.09,0.217,0.02,2.164,0.05,0.05,0.182,49.95,0.009,0.047,6.42,0.029,35.93,61.25,0.94,0.185,8.41,"Approximate; raw foods reference-style, prepared foods recipe estimate"
825,Espresso,Espresso,एस्प्रेसो,Espresso (Espresso - एस्प्रेसो),Beverage,Single espresso coffee,per 100 g edible portion,9,0.2,0.05,0.05,0.08,1.7,0,0.1,0,0,4,97,15.33,0.019,2.846,0.182,0.073,0.103,0.215,0.022,1.762,0.049,0.045,0.176,47.3,0.009,0.056,7.226,0.034,37.75,63.53,1.093,0.221,4.2,"Approximate; raw foods reference-style, prepared foods recipe estimate"
826,Americano,Americano,अमेरिकानो,Americano (Americano - अमेरिकानो),Beverage,Espresso diluted with hot water,per 100 g edible portion,3,0.05,0,0.01,0.02,0.5,0,0.1,0,0,3,99,16.13,0.021,2.812,0.182,0.074,0.107,0.22,0.021,1.942,0.044,0.048,0.207,49.12,0.011,0.052,6.659,0.033,37.73,58.9,0.931,0.184,4.23,"Approximate; raw foods reference-style, prepared foods recipe estimate"
827,Iced Coffee,Chiso Coffee,चिसो कफी,Iced Coffee (Chiso Coffee - चिसो कफी),Beverage,Cold coffee with milk and sugar,per 100 g edible portion,48.85,1.429,0.982,0.434,0.093,7.566,6.318,1.095,0.106,5.294,27.83,95.12,14.23,0.018,3.161,0.183,0.065,0.099,0.205,0.021,1.947,0.045,0.048,0.19,48.57,0.009,0.046,7.718,0.032,38.39,69.78,0.945,0.191,8.3,"Approximate; raw foods reference-style, prepared foods recipe estimate"
828,Iced Tea Lemon,Chiso Kagati Chiya,चिसो कागती चिया,Iced Tea Lemon (Chiso Kagati Chiya - चिसो कागती चिया),Beverage,Cold lemon tea,per 100 g edible portion,42.35,1.494,0.969,0.4,0.093,7.668,5.526,1.059,0.096,5.162,21.31,94.81,17.17,0.02,3.057,0.206,0.073,0.093,0.213,0.018,1.849,0.051,0.055,0.19,47.49,0.011,0.055,6.681,0.028,37.41,59.07,0.985,0.201,7.89,"Approximate; raw foods reference-style, prepared foods recipe estimate"
829,Cold Cocoa Milk,Chiso Chocolate Dudh,चिसो चकलेट दूध,Cold Cocoa Milk (Chiso Chocolate Dudh - चिसो चकलेट दूध),Beverage,Cold cocoa milk,per 100 g edible portion,48.64,1.514,1.002,0.438,0.11,6.32,5.328,1.262,0.105,4.969,22.36,95.21,15.09,0.019,2.992,0.175,0.073,0.108,0.181,0.019,2.237,0.052,0.056,0.219,48.05,0.011,0.046,7.075,0.027,33.31,63.27,0.963,0.186,8.8,"Approximate; raw foods reference-style, prepared foods recipe estimate"
830,Rose Milk,Gulab Dudh,गुलाब दूध,Rose Milk (Gulab Dudh - गुलाब दूध),Beverage,Sweetened rose-flavored milk,per 100 g edible portion,46.53,1.619,0.854,0.435,0.093,6.694,5.33,1.082,0.109,5.139,27.69,88.61,13.16,0.021,2.929,0.208,0.066,0.104,0.195,0.02,2.173,0.045,0.047,0.18,39.77,0.011,0.052,7.142,0.031,36.32,59.1,0.989,0.208,7.77,"Approximate; raw foods reference-style, prepared foods recipe estimate"
831,Badam Milk,Badam Dudh,बदाम दूध,Badam Milk (Badam Dudh - बदाम दूध),Beverage,Almond-flavored milk,per 100 g edible portion,48.73,1.629,0.808,0.425,0.11,6.398,5.616,1.139,0.108,4.573,21.37,85,13.53,0.021,2.822,0.173,0.074,0.105,0.22,0.019,1.997,0.052,0.046,0.207,40.6,0.009,0.049,6.907,0.028,36.47,72.14,1.069,0.222,8.09,"Approximate; raw foods reference-style, prepared foods recipe estimate"
832,Kesar Milk,Kesar Dudh,केसर दूध,Kesar Milk (Kesar Dudh - केसर दूध),Beverage,Saffron-flavored milk,per 100 g edible portion,43.7,1.43,0.824,0.433,0.091,7.407,5.771,1.187,0.095,5.224,26.94,85,13.31,0.02,3.262,0.194,0.072,0.089,0.221,0.018,1.893,0.044,0.054,0.192,40.43,0.011,0.05,6.283,0.032,33.97,71.28,1.039,0.216,8.12,"Approximate; raw foods reference-style, prepared foods recipe estimate"
833,Chaas Spiced,Masala Mohi,मसला मोही,Chaas Spiced (Masala Mohi - मसला मोही),Beverage,Spiced buttermilk,per 100 g edible portion,43.99,1.343,0.9,0.357,0.108,6.795,5.291,1.301,0.095,5.108,25.31,94.93,14.06,0.021,3.414,0.22,0.075,0.107,0.203,0.02,2.048,0.046,0.052,0.209,50.28,0.01,0.055,6.477,0.032,37.7,64.63,1.118,0.195,8.95,"Approximate; raw foods reference-style, prepared foods recipe estimate"
834,Plain Whey,Dahi ko Pani,दहीको पानी,Plain Whey (Dahi ko Pani - दहीको पानी),Beverage,Yogurt whey,per 100 g edible portion,47.56,1.478,0.8,0.387,0.112,7.541,5.772,1.319,0.089,5.478,27.92,85,15.85,0.021,3.312,0.182,0.063,0.111,0.216,0.022,2.229,0.045,0.049,0.2,45.09,0.009,0.051,6.669,0.032,31.4,62.95,0.933,0.185,8.77,"Approximate; raw foods reference-style, prepared foods recipe estimate"
835,Rice Kanji,Chamal Kanji,चामल कांजी,Rice Kanji (Chamal Kanji - चामल कांजी),Prepared Meal,Thin rice porridge,per 100 g edible portion,108.7,5.78,1.338,2.254,2.005,25.46,2.778,6.695,2.344,19.52,372.3,82,53.69,0.091,39.22,0.211,0.08,1.672,0.378,0.136,5.922,0.104,0.549,5.925,29.12,0.154,1.533,29.54,0.357,107.6,221.4,5.388,0.971,44.35,"Approximate; raw foods reference-style, prepared foods recipe estimate"
836,Millet Kanji,Kodo Kanji,कोदो कांजी,Millet Kanji (Kodo Kanji - कोदो कांजी),Prepared Meal,Thin millet porridge,per 100 g edible portion,113.3,6.621,1.4,2.03,1.854,22.93,2.391,7.734,2.507,17.94,406.7,82,59.54,0.088,33.38,0.186,0.08,1.615,0.383,0.147,6.51,0.088,0.665,5.268,27.58,0.155,1.534,26.45,0.36,122.3,204.6,5.455,0.908,48.38,"Approximate; raw foods reference-style, prepared foods recipe estimate"
837,Barley Kanji,Jau Kanji,जौ कांजी,Barley Kanji (Jau Kanji - जौ कांजी),Prepared Meal,Thin barley porridge,per 100 g edible portion,121.3,5.778,1.148,2.09,2.133,22.8,2.758,6.994,2.668,16.66,373.1,82,56.48,0.084,39.95,0.216,0.074,1.62,0.323,0.15,5.43,0.1,0.641,6.809,33.07,0.132,1.382,27.0,0.342,102.5,207.4,5.446,0.9,46.29,"Approximate; raw foods reference-style, prepared foods recipe estimate"
838,Chicken Khichdi,Chicken Khichadi,चिकेन खिचडी,Chicken Khichdi (Chicken Khichadi - चिकेन खिचडी),Prepared Meal,Rice-lentil porridge with chicken,per 100 g edible portion,156.6,5.599,1.331,1.967,2.036,21.43,2.253,7.298,2.584,19.68,381.9,66.99,62.19,0.097,34.13,0.173,0.08,1.532,0.353,0.136,6.489,0.108,0.658,6.071,30.44,0.143,1.413,33.07,0.334,119.4,205.2,5.445,1.092,47.47,"Approximate; raw foods reference-style, prepared foods recipe estimate"
839,Vegetable Khichdi,Veg Khichadi,भेज खिचडी,Vegetable Khichdi (Veg Khichadi - भेज खिचडी),Prepared Meal,Rice-lentil porridge with vegetables,per 100 g edible portion,178.0,6.125,1.186,2.281,2.078,22.8,2.491,7.822,2.664,19.83,396.2,55.09,51.33,0.086,32.27,0.209,0.088,1.441,0.317,0.154,6.217,0.109,0.644,6.812,33.49,0.142,1.428,33.23,0.349,101.2,222.3,6.687,1.044,49.96,"Approximate; raw foods reference-style, prepared foods recipe estimate"
840,Mung Khichdi,Mung Khichadi,मुङ खिचडी,Mung Khichdi (Mung Khichadi - मुङ खिचडी),Prepared Meal,Rice and mung dal porridge,per 100 g edible portion,176.6,6.334,1.165,1.931,2.016,26.19,2.607,7.121,2.375,19.33,367.8,61.28,57.51,0.095,30.59,0.175,0.083,1.381,0.331,0.132,6.006,0.09,0.652,5.982,28.88,0.133,1.277,28.72,0.353,97.76,219.3,5.499,1.076,45.31,"Approximate; raw foods reference-style, prepared foods recipe estimate"
841,Daliya,Daliya,दलिया,Daliya (Daliya - दलिया),Staple,Cooked broken wheat porridge,per 100 g edible portion,263.0,2.696,0.517,0.529,1.029,48.63,1.028,6.236,3.722,0,7.415,35.06,2.173,0.208,28.52,0,0.072,2.522,0.443,0.209,0,0,0.48,2.118,26.27,0.23,2.321,61.99,1.349,180.8,235.9,13.0,1.629,51.24,"Approximate; raw foods reference-style, prepared foods recipe estimate"
842,Milk Daliya,Dudh Daliya,दूध दलिया,Milk Daliya (Dudh Daliya - दूध दलिया),Prepared Meal,Broken wheat porridge with milk,per 100 g edible portion,164.5,5.33,1.233,1.899,1.969,24.58,2.645,6.918,2.371,15.85,384.9,61.72,55.35,0.093,35.82,0.202,0.076,1.339,0.392,0.16,5.286,0.108,0.615,5.87,28.33,0.126,1.368,33.02,0.348,99.26,197.9,5.674,1.106,44.61,"Approximate; raw foods reference-style, prepared foods recipe estimate"
843,Vegetable Daliya,Veg Daliya,भेज दलिया,Vegetable Daliya (Veg Daliya - भेज दलिया),Prepared Meal,Savory broken wheat with vegetables,per 100 g edible portion,168.4,5.577,1.344,2.334,1.983,25.3,2.545,7.673,2.157,19.11,366.1,61.25,62.97,0.1,38.58,0.196,0.082,1.633,0.378,0.137,6.405,0.094,0.627,5.91,31.23,0.155,1.281,27.33,0.342,116.3,184.5,6.437,0.921,45.94,"Approximate; raw foods reference-style, prepared foods recipe estimate"
844,Poha,Poha,पोहा,Poha (Poha - पोहा),Prepared Meal,Seasoned beaten rice,per 100 g edible portion,182.7,6.377,1.263,1.939,1.903,22.13,2.483,6.807,2.226,17.03,416.4,64.86,54.56,0.091,35.67,0.209,0.078,1.535,0.362,0.155,6.072,0.096,0.622,5.568,29.52,0.144,1.259,33.1,0.35,105.3,177.4,5.552,1.058,43.32,"Approximate; raw foods reference-style, prepared foods recipe estimate"
845,Vegetable Poha,Veg Poha,भेज पोहा,Vegetable Poha (Veg Poha - भेज पोहा),Prepared Meal,Beaten rice with vegetables,per 100 g edible portion,182.6,6.379,1.4,2.246,2.168,22.63,2.679,6.457,2.218,17.59,375.6,60.63,48.45,0.096,33.52,0.183,0.077,1.358,0.355,0.163,5.676,0.102,0.53,6.702,33.31,0.127,1.292,29.95,0.351,101.2,223.1,6.516,1.031,42.58,"Approximate; raw foods reference-style, prepared foods recipe estimate"
846,Peanut Poha,Badam Poha,बदाम पोहा,Peanut Poha (Badam Poha - बदाम पोहा),Prepared Meal,Beaten rice with peanuts,per 100 g edible portion,171.9,6.462,1.323,2.129,2.229,23.41,2.69,6.722,2.166,18.99,389.4,53.56,59.96,0.099,32.94,0.206,0.071,1.508,0.368,0.147,6.461,0.099,0.585,6.403,33.49,0.141,1.544,29.17,0.338,101.0,212.2,5.989,1.028,43.85,"Approximate; raw foods reference-style, prepared foods recipe estimate"
847,Upma,Upma,उपमा,Upma (Upma - उपमा),Prepared Meal,Semolina savory porridge,per 100 g edible portion,190.1,6.467,1.329,2.102,1.905,25.31,2.617,6.182,2.346,15.9,411.4,61.16,48.92,0.085,30.0,0.215,0.089,1.529,0.328,0.16,6.281,0.106,0.558,5.449,26.7,0.136,1.276,32.15,0.353,99.98,178.5,5.875,0.986,41.63,"Approximate; raw foods reference-style, prepared foods recipe estimate"
848,Vegetable Upma,Veg Upma,भेज उपमा,Vegetable Upma (Veg Upma - भेज उपमा),Prepared Meal,Semolina with vegetables,per 100 g edible portion,189.2,6.433,1.426,2.149,2.07,22.77,2.472,6.71,2.25,17.04,395.1,56.08,47.17,0.084,31.27,0.2,0.083,1.405,0.336,0.138,6.577,0.09,0.665,6.153,26.81,0.149,1.481,30.57,0.346,110.2,222.9,5.301,0.949,43.97,"Approximate; raw foods reference-style, prepared foods recipe estimate"
849,Idli,Idli,इडली,Idli (Idli - इडली),Prepared Meal,Steamed fermented rice-lentil cake,per 100 g edible portion,176.9,5.881,1.199,2.129,1.915,21.72,2.489,6.807,2.504,16.85,390.0,63.83,52.75,0.095,33.16,0.187,0.073,1.571,0.336,0.165,5.538,0.101,0.648,6.233,29.16,0.129,1.479,26.63,0.34,103.0,204.2,6.037,1.11,44.9,"Approximate; raw foods reference-style, prepared foods recipe estimate"
850,Dosa Plain,Sada Dosa,सादा डोसा,Dosa Plain (Sada Dosa - सादा डोसा),Prepared Meal,Fermented rice-lentil crepe,per 100 g edible portion,158.2,5.511,1.377,1.902,2.036,24.81,2.332,7.414,2.518,16.73,380.4,56.77,52.36,0.083,33.25,0.207,0.078,1.516,0.331,0.153,6.446,0.093,0.557,6.503,32.48,0.148,1.259,27.68,0.369,119.9,186.5,6.672,0.968,46.77,"Approximate; raw foods reference-style, prepared foods recipe estimate"
851,Masala Dosa,Masala Dosa,मसला डोसा,Masala Dosa (Masala Dosa - मसला डोसा),Prepared Meal,Dosa with spiced potato filling,per 100 g edible portion,195.7,5.292,1.407,2.014,2.213,24.14,2.273,7.678,2.154,16.11,372.8,53.92,47.97,0.083,30.08,0.18,0.071,1.55,0.351,0.134,6.102,0.099,0.637,6.649,27.87,0.151,1.535,28.47,0.38,120.1,204.2,5.533,0.887,46.6,"Approximate; raw foods reference-style, prepared foods recipe estimate"
852,Uttapam,Uttapam,उत्तपम,Uttapam (Uttapam - उत्तपम),Prepared Meal,Thick fermented rice-lentil pancake,per 100 g edible portion,169.9,5.862,1.404,2.125,1.933,23.18,2.201,6.95,2.246,18.07,327.4,59.43,48.48,0.085,37.85,0.187,0.078,1.552,0.376,0.133,6.025,0.088,0.67,6.135,31.27,0.148,1.399,28.12,0.311,115.8,200.1,5.685,0.952,44.27,"Approximate; raw foods reference-style, prepared foods recipe estimate"
853,Medu Vada,Medu Vada,मेदु वडा,Medu Vada (Medu Vada - मेदु वडा),Snack,Fried urad dal fritter,per 100 g edible portion,283.2,14.99,2.126,4.459,4.509,30.78,4.161,5.652,2.911,5.533,486.0,41.23,19.71,0.118,26.02,0.045,0.072,1.721,0.303,0.157,4.269,0,1.035,5.423,33.15,0.177,1.591,38.36,0.577,113.5,217.6,5.059,0.973,43.21,"Approximate; raw foods reference-style, prepared foods recipe estimate"
854,Sambar,Sambar,साम्बर,Sambar (Sambar - साम्बर),Prepared Meal,Lentil vegetable stew,per 100 g edible portion,173.0,5.607,1.174,2.024,1.945,22.29,2.521,6.498,2.481,20.0,366.0,57.34,59.07,0.099,31.63,0.211,0.078,1.428,0.313,0.145,5.622,0.108,0.611,5.916,28.97,0.156,1.476,29.59,0.338,111.5,201.0,6.495,1.004,43.86,"Approximate; raw foods reference-style, prepared foods recipe estimate"
855,Coconut Chutney,Nariwal Chutney,नरिवल चट्नी,Coconut Chutney (Nariwal Chutney - नरिवल चट्नी),Condiment,Coconut chutney,per 100 g edible portion,98.99,4.678,0.731,1.804,1.849,10.74,3.869,2.371,2.309,0,388.0,74.05,71.91,0.07,23.78,0,0.055,0.898,0.317,0.16,12.99,0,0.73,11.79,42.95,0.228,1.098,36.45,0.462,83.37,255.1,1.206,0.849,31.32,"Approximate; raw foods reference-style, prepared foods recipe estimate"
856,Tomato Soup,Golbheda Soup,गोलभेँडा सूप,Tomato Soup (Golbheda Soup - गोलभेँडा सूप),Prepared Meal,Tomato soup,per 100 g edible portion,115.0,6.433,1.171,1.908,2.172,23.88,2.8,6.774,2.286,19.89,433.8,82,56.09,0.099,31.33,0.226,0.078,1.381,0.37,0.133,6.101,0.103,0.58,6.722,31.68,0.152,1.489,33.13,0.343,109.4,176.8,6.423,1.0,44.11,"Approximate; raw foods reference-style, prepared foods recipe estimate"
857,Mushroom Soup,Chyau Soup,च्याउ सूप,Mushroom Soup (Chyau Soup - च्याउ सूप),Prepared Meal,Mushroom soup,per 100 g edible portion,116.3,6.23,1.238,2.01,1.793,26.29,2.429,6.958,2.445,18.2,391.1,82,47.63,0.084,36.25,0.199,0.086,1.616,0.352,0.147,6.446,0.096,0.654,6.326,26.88,0.153,1.412,29.19,0.325,111.8,185.3,6.527,1.033,45.03,"Approximate; raw foods reference-style, prepared foods recipe estimate"
858,Pumpkin Soup,Farsi Soup,फर्सी सूप,Pumpkin Soup (Farsi Soup - फर्सी सूप),Prepared Meal,Pumpkin soup,per 100 g edible portion,107.3,5.525,1.343,2.147,2.232,24.93,2.445,7.768,2.373,19.14,402.7,82,60.88,0.092,33.75,0.187,0.089,1.561,0.356,0.159,5.597,0.096,0.531,5.737,26.45,0.138,1.526,28.8,0.37,111.3,199.7,5.55,0.986,47.68,"Approximate; raw foods reference-style, prepared foods recipe estimate"
859,Spinach Soup,Palungo Soup,पालुङ्गो सूप,Spinach Soup (Palungo Soup - पालुङ्गो सूप),Prepared Meal,Spinach soup,per 100 g edible portion,116.7,5.507,1.41,2.157,1.801,26.41,2.726,6.251,2.383,17.71,368.9,82,56.45,0.093,38.11,0.216,0.075,1.387,0.334,0.164,5.3,0.089,0.637,5.592,27.42,0.128,1.561,33.58,0.343,103.8,216.3,6.322,0.912,43.02,"Approximate; raw foods reference-style, prepared foods recipe estimate"
860,Lentil Vegetable Soup,Dal Tarkari Soup,दाल तरकारी सूप,Lentil Vegetable Soup (Dal Tarkari Soup - दाल तरकारी सूप),Prepared Meal,Lentil and vegetable soup,per 100 g edible portion,113.5,5.829,1.192,1.958,1.985,25.98,2.26,7.689,2.502,19.99,395.8,82,58.4,0.088,35.02,0.207,0.081,1.64,0.324,0.155,6.254,0.106,0.614,5.981,28.77,0.149,1.484,27.63,0.371,121.1,207.3,6.503,1.085,48.18,"Approximate; raw foods reference-style, prepared foods recipe estimate"
861,Roasted Makhana Masala,Masala Makhana,मसला मखाना,Roasted Makhana Masala (Masala Makhana - मसला मखाना),Snack,Roasted seasoned fox nuts,per 100 g edible portion,241.3,11.62,2.386,4.317,4.504,31.8,3.995,6.321,3.182,6.331,520.3,44.24,19.72,0.111,33.32,0.043,0.079,1.521,0.27,0.153,3.997,0,0.99,5.705,32.0,0.179,1.904,41.94,0.523,127.4,239.4,5.303,1.051,48.38,"Approximate; raw foods reference-style, prepared foods recipe estimate"
862,Roasted Cashew,Bhuteko Kaju,भुटेको काजु,Roasted Cashew (Bhuteko Kaju - भुटेको काजु),Nut/Seed,Dry roasted cashews,per 100 g edible portion,494.5,45.35,6.343,14.12,20.05,17.83,2.969,20.65,9.739,0,8.088,5.584,1.115,0.512,94.76,0,0.214,4.04,0.768,0.542,0.99,0,6.365,4.018,143.8,1.266,5.512,231.7,1.816,508.9,648.3,12.59,3.941,100,"Approximate; raw foods reference-style, prepared foods recipe estimate"
863,Roasted Almond,Bhuteko Badam,भुटेको बदाम,Roasted Almond (Bhuteko Badam - भुटेको बदाम),Nut/Seed,Dry roasted almonds,per 100 g edible portion,561.3,48.83,5.786,16.5,20.04,17.7,2.711,19.13,9.322,0,7.952,5.173,1.092,0.464,91.8,0,0.218,3.904,0.749,0.51,1.003,0,7.428,4.007,160.8,1.226,4.694,257.6,1.851,498.7,632.3,11.55,3.882,100,"Approximate; raw foods reference-style, prepared foods recipe estimate"
864,Mixed Nuts,Mishrit Badam,मिश्रित बदाम,Mixed Nuts (Mishrit Badam - मिश्रित बदाम),Nut/Seed,Mixed nuts,per 100 g edible portion,573.8,46.9,5.923,17.82,17.9,19.79,2.703,18.16,10.01,0,8.641,5.245,1.059,0.475,87.06,0,0.214,4.431,0.842,0.525,1.0,0,6.712,4.516,150.8,1.154,5.563,244.9,2.133,445.0,587.2,11.5,4.09,100,"Approximate; raw foods reference-style, prepared foods recipe estimate"
