365,Dhikri,Dhikri,ढिक्री,Dhikri (Dhikri - ढिक्री),Prepared Meal,"Steamed rice-flour dumpling, Tharu style",per 100 g edible portion,160.8,6.622,1.185,1.973,1.962,22.2,2.746,6.661,2.649,20.45,314.7,67.17,57.42,0.09,31.48,0.164,0.073,1.428,0.379,0.133,5.792,0.093,0.609,6.553,32.38,0.142,1.56,31.86,0.341,112.9,197.2,5.308,1.131,45.67,"Approximate; raw foods reference-style, prepared foods recipe estimate"
366,Ghonghi Curry,Ghonghi,घोंघी,Ghonghi Curry (Ghonghi - घोंघी),Prepared Meal,Tharu-style freshwater snail curry,per 100 g edible portion,164.0,6.322,1.31,1.996,2.237,27.26,2.492,7.158,2.22,17.54,390.2,61.26,55.94,0.081,34.42,0.191,0.082,1.373,0.397,0.131,6.184,0.113,0.579,5.282,32.89,0.154,1.26,27.34,0.349,100.4,203.4,6.119,0.896,44.65,"Approximate; raw foods reference-style, prepared foods recipe estimate"
367,Bagiya,Bagiya,बगिया,Bagiya (Bagiya - बगिया),Prepared Meal,Steamed rice-flour dumpling with lentil filling,per 100 g edible portion,198.0,5.503,1.306,1.918,1.997,26.79,2.445,7.423,2.103,16.22,383.0,54.67,57.87,0.093,35.18,0.234,0.087,1.304,0.393,0.149,6.103,0.095,0.561,6.492,29.31,0.127,1.272,26.24,0.357,109.4,214.6,6.23,1.128,44.93,"Approximate; raw foods reference-style, prepared foods recipe estimate"
368,Chukauni,Chukauni,चुकाउनी,Chukauni (Chukauni - चुकाउनी),Prepared Meal,Potato yogurt sesame salad,per 100 g edible portion,194.5,5.305,1.27,1.931,1.738,22.61,2.688,7.95,2.651,16.03,325.4,59.47,45.84,0.087,34.45,0.2,0.074,1.64,0.382,0.146,6.256,0.107,0.556,5.848,32.44,0.121,1.264,31.44,0.307,117.7,190.6,6.718,0.964,49.46,"Approximate; raw foods reference-style, prepared foods recipe estimate"
369,Batuk,Batuk,बटुक,Batuk (Batuk - बटुक),Snack,"Black lentil fritter, western Nepal",per 100 g edible portion,297.5,13.63,2.049,3.924,4.287,30.23,4.092,6.171,2.902,5.373,402.1,40.64,22.66,0.135,28.57,0.057,0.089,1.623,0.336,0.169,3.44,0,1.075,5.507,39.13,0.159,1.723,36.18,0.528,131.5,223.3,5.025,1.092,45.05,"Approximate; raw foods reference-style, prepared foods recipe estimate"
370,Arsa,Arsa,अर्सा,Arsa (Arsa - अर्सा),Sweet,Rice-jaggery fried sweet,per 100 g edible portion,419.3,12.99,4.556,3.895,2.055,53.66,37.69,4.309,0.868,12.79,97.23,24.89,19.15,0.044,8.208,0.166,0.076,0.525,0.183,0.051,0,0.054,0.469,0.845,49.91,0.078,0.846,18.23,0.147,67.95,87.14,2.757,0.57,22.33,"Approximate; raw foods reference-style, prepared foods recipe estimate"
371,Anadi Rice,Anadi Chamal,अनदी चामल,Anadi Rice (Anadi Chamal - अनदी चामल),Staple,Cooked glutinous red rice,per 100 g edible portion,224.2,2.714,0.561,0.61,1.056,55.33,0.996,7.46,4.52,0,7.666,31.3,1.786,0.197,32.08,0,0.085,2.662,0.514,0.207,0,0,0.522,1.766,25.91,0.254,2.334,79.02,1.135,193.2,244.2,10.44,1.517,60.44,"Approximate; raw foods reference-style, prepared foods recipe estimate"
372,Anadi Kheer,Anadi Khir,अनदी खीर,Anadi Kheer (Anadi Khir - अनदी खीर),Sweet,Glutinous rice milk pudding,per 100 g edible portion,388.1,11.09,4.351,3.266,2.213,57.53,37.98,4.125,0.961,11.6,102.2,22.78,21.98,0.047,7.219,0.152,0.072,0.549,0.204,0.047,0,0.056,0.54,0.996,48.87,0.091,0.806,16.94,0.14,70.68,99.39,3.367,0.568,22.57,"Approximate; raw foods reference-style, prepared foods recipe estimate"
373,Kodo Khole,Kodo ko Khole,कोदोको खोले,Kodo Khole (Kodo ko Khole - कोदोको खोले),Prepared Meal,Thin finger millet porridge,per 100 g edible portion,188.6,5.879,1.424,1.899,1.724,23.75,2.377,6.768,2.421,18.73,355.3,66.1,49.15,0.078,29.72,0.203,0.073,1.38,0.374,0.159,5.325,0.099,0.604,6.33,33.62,0.155,1.567,32.99,0.339,95.25,227.7,5.477,1.033,45.38,"Approximate; raw foods reference-style, prepared foods recipe estimate"
374,Jau Khole,Jau ko Khole,जौको खोले,Jau Khole (Jau ko Khole - जौको खोले),Prepared Meal,Thin barley porridge,per 100 g edible portion,168.0,6.534,1.251,2.075,1.753,23.49,2.705,7.127,2.587,17.38,411.6,56.72,55.67,0.087,35.19,0.17,0.079,1.348,0.321,0.159,5.414,0.111,0.653,6.853,32.07,0.145,1.388,29.57,0.385,98.78,216.8,5.929,0.891,46.59,"Approximate; raw foods reference-style, prepared foods recipe estimate"
375,Makai Khole,Makai ko Khole,मकैको खोले,Makai Khole (Makai ko Khole - मकैको खोले),Prepared Meal,Thin corn porridge,per 100 g edible portion,199.0,5.95,1.263,2.213,1.73,21.7,2.441,6.81,2.397,19.87,368.4,67.42,61.12,0.079,34.11,0.185,0.09,1.402,0.34,0.163,6.587,0.109,0.58,6.072,29.71,0.145,1.542,30.51,0.375,95.6,186.3,5.656,1.068,44.84,"Approximate; raw foods reference-style, prepared foods recipe estimate"
376,Fapar Dhido,Fapar ko Dhido,फापरको ढिँडो,Fapar Dhido (Fapar ko Dhido - फापरको ढिँडो),Staple,Buckwheat porridge,per 100 g edible portion,243.3,2.342,0.508,0.665,1.031,53.23,0.963,6.553,3.628,0,8.756,31.66,2.041,0.199,29.97,0,0.075,2.299,0.475,0.218,0,0,0.511,2.156,27.94,0.277,2.209,60.42,1.21,210.8,219.4,13.41,1.852,51.66,"Approximate; raw foods reference-style, prepared foods recipe estimate"
377,Jau Dhido,Jau ko Dhido,जौको ढिँडो,Jau Dhido (Jau ko Dhido - जौको ढिँडो),Staple,Barley porridge,per 100 g edible portion,231.4,2.327,0.493,0.53,1.07,54.18,1.134,7.669,3.855,0,8.045,36.43,2.176,0.212,29.62,0,0.078,2.591,0.498,0.207,0,0,0.486,2.152,27.87,0.25,2.188,63.26,1.203,208.4,209.7,10.42,1.893,56.56,"Approximate; raw foods reference-style, prepared foods recipe estimate"
378,Makai Dhido,Makai ko Dhido,मकैको ढिँडो,Makai Dhido (Makai ko Dhido - मकैको ढिँडो),Staple,Cornmeal porridge,per 100 g edible portion,243.2,2.587,0.488,0.525,0.915,53.56,0.922,6.675,3.588,0,6.595,38.97,2.259,0.22,30.53,0,0.085,2.342,0.458,0.174,0,0,0.529,2.279,27.97,0.28,2.249,61.63,1.279,204.4,217.5,10.42,1.692,52.04,"Approximate; raw foods reference-style, prepared foods recipe estimate"
379,Kodo Bhat,Kodo Bhat,कोदो भात,Kodo Bhat (Kodo Bhat - कोदो भात),Staple,Cooked millet grain,per 100 g edible portion,246.2,2.193,0.479,0.606,0.946,47.05,1.002,7.556,4.375,0,8.499,37.55,1.809,0.192,25.61,0,0.069,2.364,0.445,0.205,0,0,0.548,2.037,25.31,0.234,2.262,60.61,1.333,182.8,213.5,11.06,1.936,58.5,"Approximate; raw foods reference-style, prepared foods recipe estimate"
380,Jau Bhat,Jau Bhat,जौ भात,Jau Bhat (Jau Bhat - जौ भात),Staple,Cooked barley grain,per 100 g edible portion,222.4,2.241,0.526,0.644,1.091,47.72,1.039,7.78,4.024,0,9.308,31.1,2.251,0.211,30.18,0,0.071,2.616,0.496,0.179,0,0,0.527,1.835,22.94,0.243,2.368,68.99,1.346,197.8,235.2,11.43,1.592,58.53,"Approximate; raw foods reference-style, prepared foods recipe estimate"
381,Fapar Bhat,Fapar Bhat,फापर भात,Fapar Bhat (Fapar Bhat - फापर भात),Staple,Cooked buckwheat groats,per 100 g edible portion,261.3,2.624,0.431,0.523,1.108,45.84,0.933,6.929,4.357,0,8.263,37.32,1.642,0.204,25.86,0,0.075,2.564,0.544,0.209,0,0,0.53,2.044,21.74,0.283,2.009,67.32,1.264,181.4,205.5,13.59,1.475,55.62,"Approximate; raw foods reference-style, prepared foods recipe estimate"
382,Makai Bhat,Makai Bhat,मकै भात,Makai Bhat (Makai Bhat - मकै भात),Staple,Cooked cracked corn,per 100 g edible portion,238.5,2.496,0.538,0.611,0.971,51.07,0.975,6.96,3.739,0,7.916,37.71,2.308,0.213,34.68,0,0.082,2.585,0.499,0.181,0,0,0.454,2.002,22.17,0.226,2.344,65.5,1.475,209.4,194.8,11.44,1.843,53.63,"Approximate; raw foods reference-style, prepared foods recipe estimate"
383,Gahat ko Ras,Gahat ko Ras,गहतको रस,Gahat ko Ras (Gahat ko Ras - गहतको रस),Prepared Meal,Horse gram soup,per 100 g edible portion,109.8,6.781,1.125,2.085,1.865,26.78,2.62,6.465,2.201,17.44,352.1,82,45.43,0.084,34.17,0.207,0.09,1.337,0.306,0.164,6.811,0.098,0.641,5.024,25.85,0.127,1.466,32.68,0.393,118.8,185.7,5.457,1.03,42.57,"Approximate; raw foods reference-style, prepared foods recipe estimate"
384,Gahat ko Fandu,Gahat ko Fandu,गहतको फाँडु,Gahat ko Fandu (Gahat ko Fandu - गहतको फाँडु),Prepared Meal,Thick horse gram soup,per 100 g edible portion,102.8,6.299,1.462,2.314,2.26,22.14,2.687,6.156,2.169,17.59,471.0,82,45.59,0.087,32.53,0.22,0.086,1.417,0.329,0.152,6.078,0.114,0.654,5.281,29.43,0.125,1.45,29.43,0.327,96.02,179.0,6.349,0.981,41.05,"Approximate; raw foods reference-style, prepared foods recipe estimate"
385,Masyang Dal,Masyang ko Dal,मस्याङको दाल,Masyang Dal (Masyang ko Dal - मस्याङको दाल),Pulse,Cooked black soybean dal,per 100 g edible portion,150.2,1.811,0.278,0.564,0.798,20.02,1.781,11.38,6.385,0,8.253,56.14,4.822,0.16,135.3,0,0.077,1.222,0.393,0.174,2.219,0,0.261,2.741,44.2,0.269,2.927,60.49,0.768,167.0,388.7,2.592,1.127,85.87,"Approximate; raw foods reference-style, prepared foods recipe estimate"
386,Masyang Curry,Masyang Tarkari,मस्याङ तरकारी,Masyang Curry (Masyang Tarkari - मस्याङ तरकारी),Pulse,Cooked masyang bean curry,per 100 g edible portion,164.8,1.839,0.341,0.494,0.784,23.46,2.258,8.74,7.932,0,8.215,55.19,5.477,0.167,150.7,0,0.071,1.306,0.416,0.193,2.114,0,0.331,2.923,41.65,0.339,2.465,59.6,0.76,146.9,382.0,2.927,1.159,82.53,"Approximate; raw foods reference-style, prepared foods recipe estimate"
387,Bodi Tama,Bodi Tama,बोडी तामा,Bodi Tama (Bodi Tama - बोडी तामा),Prepared Meal,Black-eyed pea and bamboo shoot curry,per 100 g edible portion,170.6,6.525,1.314,2.153,1.821,22.89,2.759,6.043,2.538,17.46,397.9,52.32,51.71,0.094,29.36,0.207,0.089,1.687,0.305,0.157,5.901,0.105,0.608,6.423,30.5,0.124,1.374,27.09,0.312,100.2,196.5,6.352,1.088,42.26,"Approximate; raw foods reference-style, prepared foods recipe estimate"
388,Aalu Tama Mas,Aalu Tama Mas,आलु तामा मास,Aalu Tama Mas (Aalu Tama Mas - आलु तामा मास),Prepared Meal,"Potato, bamboo shoot and black gram curry",per 100 g edible portion,196.8,6.008,1.276,2.275,1.807,24.19,2.693,6.566,2.345,20.52,324.6,60.62,58.14,0.1,30.21,0.18,0.072,1.566,0.395,0.151,5.837,0.106,0.563,5.021,29.38,0.149,1.297,32.78,0.323,122.7,200.5,6.436,1.11,43.3,"Approximate; raw foods reference-style, prepared foods recipe estimate"
389,Karkalo Gava,Karkalo Gava,कर्कलो गाभा,Karkalo Gava (Karkalo Gava - कर्कलो गाभा),Vegetable,Cooked taro stem,per 100 g edible portion,40.62,0.489,0.089,0.094,0.193,8.036,3.347,1.903,2.636,0,18.67,78.74,102.0,0.058,38.63,0,0.079,0.651,0.31,0.115,20.07,0,0.462,24.71,39.33,0.089,0.896,23.9,0.267,41.25,278.4,0.688,0.429,31.75,"Approximate; raw foods reference-style, prepared foods recipe estimate"
390,Karkalo ko Gaba Tarkari,Karkalo Gaba Tarkari,कर्कलो गाभा तरकारी,Karkalo ko Gaba Tarkari (Karkalo Gaba Tarkari - कर्कलो गाभा तरकारी),Vegetable,Taro stem curry,per 100 g edible portion,40.67,0.444,0.087,0.102,0.224,7.518,3.152,1.897,2.409,0,21.05,98.06,98.77,0.065,32.63,0,0.079,0.731,0.326,0.143,15.99,0,0.433,22.38,32.68,0.1,0.7,24.62,0.281,47.27,281.7,0.623,0.43,29.07,"Approximate; raw foods reference-style, prepared foods recipe estimate"
391,Pidalu ko Achar,Pindalu ko Achar,पिँडालुको अचार,Pidalu ko Achar (Pindalu ko Achar - पिँडालुको अचार),Pickle/Side,Taro pickle,per 100 g edible portion,77.41,3.349,0.632,1.306,1.451,8.876,3.137,1.459,2.406,0,892.0,81.02,46.39,0.051,20.47,0,0.046,0.653,0.248,0.128,10.48,0,0.652,10.7,42.15,0.108,0.815,26.52,0.242,40.2,215.7,0.757,0.431,26.33,"Approximate; raw foods reference-style, prepared foods recipe estimate"
392,Tarul ko Achar,Tarul ko Achar,तरुलको अचार,Tarul ko Achar (Tarul ko Achar - तरुलको अचार),Pickle/Side,Yam pickle,per 100 g edible portion,65.42,3.601,0.566,1.234,1.247,7.807,3.333,1.323,2.12,0,843.2,74.82,48.41,0.051,20.71,0,0.044,0.634,0.226,0.108,13.42,0,0.675,9.42,40.03,0.13,0.763,23.14,0.275,45.01,209.1,0.88,0.475,24.73,"Approximate; raw foods reference-style, prepared foods recipe estimate"
393,Simal Tarul,Simal Tarul,सिमल तरुल,Simal Tarul (Simal Tarul - सिमल तरुल),Root Vegetable,Boiled cassava,per 100 g edible portion,82.9,0.313,0.044,0.043,0.114,19.01,2.972,1.802,3.511,0,15.94,83.59,43.45,0.086,17.36,0,0.041,0.722,0.311,0.174,8.245,0,0.374,1.844,27.85,0.167,0.909,24.02,0.249,65.51,382.4,0.727,0.343,33.41,"Approximate; raw foods reference-style, prepared foods recipe estimate"
394,Simal Tarul Tarkari,Simal Tarul Tarkari,सिमल तरुल तरकारी,Simal Tarul Tarkari (Simal Tarul Tarkari - सिमल तरुल तरकारी),Root Vegetable,Cassava curry,per 100 g edible portion,80.59,0.267,0.043,0.045,0.11,22.53,2.888,1.701,2.951,0,15.09,66.55,36.88,0.095,17.26,0,0.037,0.756,0.326,0.2,9.065,0,0.371,1.741,27.7,0.144,0.955,27.26,0.27,58.92,403.5,0.81,0.382,31.21,"Approximate; raw foods reference-style, prepared foods recipe estimate"
395,Chamsur Palungo,Chamsur Palungo,चम्सुर पालुङ्गो,Chamsur Palungo (Chamsur Palungo - चम्सुर पालुङ्गो),Leafy Vegetable,Mixed garden cress and spinach,per 100 g edible portion,36.86,0.557,0.105,0.092,0.246,5.291,1.097,2.814,3.343,0,60.45,86.96,412.3,0.089,93.67,0,0.155,1.093,0.391,0.177,27.41,0,1.215,268.0,111.2,0.167,2.561,43.11,0.61,64.53,366.8,1.003,0.554,49.09,"Approximate; raw foods reference-style, prepared foods recipe estimate"
396,Chamsur ko Saag,Chamsur Saag,चम्सुर साग,Chamsur ko Saag (Chamsur Saag - चम्सुर साग),Leafy Vegetable,Cooked garden cress greens,per 100 g edible portion,31.1,0.642,0.093,0.1,0.258,5.186,1.175,2.648,3.795,0,59.23,86.35,345.7,0.079,112.9,0,0.172,1.011,0.329,0.219,24.52,0,1.404,258.9,104.0,0.183,1.98,52.88,0.661,52.14,381.9,1.117,0.554,49.0,"Approximate; raw foods reference-style, prepared foods recipe estimate"
397,Tori ko Saag,Tori ko Saag,तोरीको साग,Tori ko Saag (Tori ko Saag - तोरीको साग),Leafy Vegetable,Cooked rapeseed greens,per 100 g edible portion,32.27,0.521,0.097,0.112,0.253,5.028,1.21,2.885,3.918,0,56.3,84.02,371.7,0.091,94.17,0,0.162,0.925,0.308,0.179,23.63,0,1.405,261.0,121.5,0.165,2.12,46.61,0.737,58.75,394.4,0.957,0.614,51.09,"Approximate; raw foods reference-style, prepared foods recipe estimate"
398,Farsi ko Munta,Farsi ko Munta,फर्सीको मुन्टा,Farsi ko Munta (Farsi ko Munta - फर्सीको मुन्टा),Leafy Vegetable,Cooked pumpkin shoots,per 100 g edible portion,38.33,0.682,0.094,0.097,0.228,4.928,1.15,2.64,3.498,0,57.04,89.0,374.3,0.091,100.1,0,0.181,0.916,0.316,0.177,26.38,0,1.176,226.0,117.2,0.192,2.221,54.28,0.758,60.3,363.6,1.024,0.614,49.07,"Approximate; raw foods reference-style, prepared foods recipe estimate"
399,Farsi ko Munta Tarkari,Farsi Munta Tarkari,फर्सी मुन्टा तरकारी,Farsi ko Munta Tarkari (Farsi Munta Tarkari - फर्सी मुन्टा तरकारी),Leafy Vegetable,Pumpkin shoot curry,per 100 g edible portion,31.44,0.567,0.092,0.113,0.249,5.265,1.06,2.733,3.852,0,59.68,99.62,425.1,0.076,89.74,0,0.139,0.952,0.327,0.178,24.23,0,1.204,275.9,109.5,0.177,2.214,52.19,0.603,51.98,415.0,0.931,0.666,50.62,"Approximate; raw foods reference-style, prepared foods recipe estimate"
400,Iskus ko Munta,Iskus ko Munta,इस्कुसको मुन्टा,Iskus ko Munta (Iskus ko Munta - इस्कुसको मुन्टा),Leafy Vegetable,Cooked chayote shoots,per 100 g edible portion,39.69,0.66,0.108,0.095,0.275,4.404,1.259,2.636,3.494,0,58.93,83.74,418.3,0.086,84.32,0,0.167,0.875,0.389,0.211,24.36,0,1.193,227.4,118.8,0.183,2.578,43.42,0.636,58.39,416.7,0.862,0.668,49.45,"Approximate; raw foods reference-style, prepared foods recipe estimate"
401,Iskus ko Jara,Iskus ko Jara,इस्कुसको जरा,Iskus ko Jara (Iskus ko Jara - इस्कुसको जरा),Root Vegetable,Boiled chayote root,per 100 g edible portion,97.01,0.316,0.053,0.057,0.096,19.16,3.015,1.709,3.628,0,17.25,83.69,33.96,0.094,19.84,0,0.037,0.786,0.267,0.181,8.194,0,0.436,2.312,27.07,0.161,0.997,30.58,0.259,64.7,366.7,0.906,0.347,33.98,"Approximate; raw foods reference-style, prepared foods recipe estimate"
402,Iskus ko Jara Tarkari,Iskus Jara Tarkari,इस्कुस जरा तरकारी,Iskus ko Jara Tarkari (Iskus Jara Tarkari - इस्कुस जरा तरकारी),Root Vegetable,Chayote root curry,per 100 g edible portion,89.22,0.33,0.052,0.056,0.111,22.39,2.734,1.733,3.163,0,16.94,67.16,36.94,0.091,17.71,0,0.041,0.86,0.306,0.186,10.06,0,0.389,2.224,28.11,0.153,0.776,23.48,0.3,63.71,345.5,0.784,0.389,31.24,"Approximate; raw foods reference-style, prepared foods recipe estimate"
403,Niuro,Niuro,निउरो,Niuro (Niuro - निउरो),Vegetable,Cooked fiddlehead fern,per 100 g edible portion,41.95,0.449,0.074,0.087,0.218,7.793,3.051,1.974,2.714,0,17.11,91.28,75.99,0.06,35.73,0,0.069,0.695,0.3,0.134,19.75,0,0.44,22.2,38.46,0.106,0.783,22.04,0.238,40.05,243.1,0.661,0.379,31.47,"Approximate; raw foods reference-style, prepared foods recipe estimate"
404,Niuro Tarkari,Niuro ko Tarkari,निउरोको तरकारी,Niuro Tarkari (Niuro ko Tarkari - निउरोको तरकारी),Vegetable,Fiddlehead fern curry,per 100 g edible portion,34.83,0.535,0.069,0.112,0.19,7.74,3.146,1.886,2.336,0,16.31,81.06,95.14,0.061,36.03,0,0.068,0.796,0.268,0.121,19.82,0,0.434,20.63,35.39,0.091,0.846,22.66,0.252,41.5,226.2,0.759,0.354,29.29,"Approximate; raw foods reference-style, prepared foods recipe estimate"
405,Tama Sadheko,Tama Sadheko,तामा साँधेको,Tama Sadheko (Tama Sadheko - तामा साँधेको),Snack,Spiced bamboo shoot salad,per 100 g edible portion,243.0,12.05,2.442,4.072,4.931,35.45,4.499,5.444,2.885,5.584,521.1,44.12,17.63,0.114,28.73,0.055,0.075,1.583,0.267,0.136,4.451,0,1.167,5.501,36.86,0.203,1.926,40.61,0.513,108.9,248.0,5.077,0.965,44.39,"Approximate; raw foods reference-style, prepared foods recipe estimate"
406,Gundruk Sadheko,Gundruk Sadheko,गुन्द्रुक साँधेको,Gundruk Sadheko (Gundruk Sadheko - गुन्द्रुक साँधेको),Snack,Spiced fermented greens salad,per 100 g edible portion,274.3,11.7,2.316,3.863,4.238,27.6,4.076,6.102,2.772,5.792,538.9,35.02,22.43,0.124,28.99,0.054,0.081,1.51,0.317,0.151,4.531,0,1.215,5.023,39.21,0.165,1.579,46.45,0.502,104.2,207.9,4.399,0.889,44.94,"Approximate; raw foods reference-style, prepared foods recipe estimate"
407,Sinki ko Jhol,Sinki ko Jhol,सिन्कीको झोल,Sinki ko Jhol (Sinki ko Jhol - सिन्कीको झोल),Prepared Meal,Fermented radish soup,per 100 g edible portion,106.6,6.224,1.159,2.105,2.03,26.66,2.819,7.211,2.557,16.24,471.1,82,47.43,0.098,40.27,0.172,0.086,1.471,0.301,0.13,5.541,0.088,0.6,4.951,29.15,0.143,1.294,27.49,0.365,107.4,194.4,6.738,1.136,46.05,"Approximate; raw foods reference-style, prepared foods recipe estimate"
408,Gundruk Aalu,Gundruk Aalu,गुन्द्रुक आलु,Gundruk Aalu (Gundruk Aalu - गुन्द्रुक आलु),Prepared Meal,Fermented greens with potato,per 100 g edible portion,180.8,6.28,1.464,2.181,1.843,25.56,2.261,6.826,2.145,16.8,314.6,58.61,57.85,0.083,29.09,0.229,0.078,1.497,0.36,0.169,5.823,0.092,0.65,6.62,32.55,0.145,1.273,28.16,0.302,118.4,185.0,6.406,0.886,42.93,"Approximate; raw foods reference-style, prepared foods recipe estimate"
409,Gundruk Bhatmas,Gundruk Bhatmas,गुन्द्रुक भटमास,Gundruk Bhatmas (Gundruk Bhatmas - गुन्द्रुक भटमास),Prepared Meal,Fermented greens and soybean curry,per 100 g edible portion,185.4,5.995,1.229,2.2,1.882,21.68,2.569,6.667,2.287,20.28,365.4,53.66,56.72,0.086,36.5,0.223,0.087,1.422,0.32,0.135,5.57,0.098,0.641,5.998,33.18,0.158,1.319,31.61,0.381,118.0,208.8,5.818,1.05,43.58,"Approximate; raw foods reference-style, prepared foods recipe estimate"
410,Kalo Bhatmas ko Jhol,Kalo Bhatmas Jhol,कालो भटमास झोल,Kalo Bhatmas ko Jhol (Kalo Bhatmas Jhol - कालो भटमास झोल),Pulse,Black soybean soup,per 100 g edible portion,91.7,2.066,0.267,0.455,0.796,20.75,2.007,8.877,7.589,0,10.05,82,5.706,0.156,113.6,0,0.067,1.148,0.418,0.221,2.017,0,0.34,2.666,46.3,0.262,3.065,61.81,0.784,179.6,311.6,3.3,1.451,82.31,"Approximate; raw foods reference-style, prepared foods recipe estimate"
411,Phapar ko Roti with Achar,Phapar Roti Achar,फापर रोटी अचार,Phapar ko Roti with Achar (Phapar Roti Achar - फापर रोटी अचार),Prepared Meal,Buckwheat roti with pickle,per 100 g edible portion,184.1,5.713,1.298,2.348,2.039,23.94,2.386,7.57,2.438,18.87,362.8,51.8,52.48,0.08,38.55,0.219,0.075,1.59,0.31,0.13,6.37,0.094,0.665,6.185,27.65,0.124,1.585,32.71,0.322,100.1,201.1,5.795,0.981,47.91,"Approximate; raw foods reference-style, prepared foods recipe estimate"
412,Dhido Dal Set,Dhido Dal Set,ढिँडो दाल सेट,Dhido Dal Set (Dhido Dal Set - ढिँडो दाल सेट),Prepared Meal,Dhido with dal and side dishes,per 100 g edible portion,153.1,5.632,1.212,2.116,2.108,24.11,2.781,7.294,2.113,19.54,444.8,51.86,56.16,0.092,37.23,0.218,0.085,1.491,0.322,0.133,5.669,0.103,0.586,5.31,27.0,0.141,1.5,32.26,0.382,95.01,189.3,6.506,0.968,44.91,"Approximate; raw foods reference-style, prepared foods recipe estimate"
413,Kodo Dhido Gundruk,Kodo Dhido Gundruk,कोदो ढिँडो गुन्द्रुक,Kodo Dhido Gundruk (Kodo Dhido Gundruk - कोदो ढिँडो गुन्द्रुक),Prepared Meal,Millet dhido with gundruk,per 100 g edible portion,167.5,5.376,1.167,2.163,2.109,26.18,2.24,6.36,2.346,19.19,415.5,60.0,62.13,0.097,30.95,0.228,0.09,1.605,0.397,0.129,5.245,0.103,0.66,5.662,32.97,0.15,1.243,26.69,0.353,117.8,221.7,5.948,0.984,42.4,"Approximate; raw foods reference-style, prepared foods recipe estimate"
414,Thakali Khana Set,Thakali Khana,थकाली खाना,Thakali Khana Set (Thakali Khana - थकाली खाना),Prepared Meal,"Rice, dal, curry, greens and pickle set",per 100 g edible portion,173.9,6.343,1.343,1.909,2.235,27.18,2.624,7.157,2.194,20.36,435.6,65.31,64.86,0.102,32.42,0.235,0.09,1.329,0.37,0.138,6.262,0.101,0.522,7.044,30.88,0.132,1.257,26.31,0.333,106.9,188.2,5.283,1.09,44.21,"Approximate; raw foods reference-style, prepared foods recipe estimate"
415,Raw White Rice,Kacho Chamal,काँचो चामल,Raw White Rice (Kacho Chamal - काँचो चामल),Staple,Uncooked white rice,per 100 g edible portion,345.0,2.784,0.557,0.539,0.892,70.0,0.931,7.724,3.688,0,7.269,9.941,2.355,0.22,32.01,0,0.076,2.437,0.498,0.2,0,0,0.538,1.649,23.08,0.253,2.038,69.76,1.138,180.8,203.0,10.79,1.872,54.12,"Approximate; raw foods reference-style, prepared foods recipe estimate"
416,Raw Brown Rice,Khairo Chamal,खैरो चामल,Raw Brown Rice (Khairo Chamal - खैरो चामल),Staple,Uncooked brown rice,per 100 g edible portion,307.3,2.759,0.493,0.643,0.929,68.71,0.946,8.696,3.852,0,6.562,8.427,1.961,0.218,32.26,0,0.081,2.706,0.544,0.228,0,0,0.554,1.653,22.34,0.248,2.315,68.97,1.383,227.0,220.8,12.43,1.73,59.62,"Approximate; raw foods reference-style, prepared foods recipe estimate"
417,Rice Flour,Chamal ko Pitho,चामलको पिठो,Rice Flour (Chamal ko Pitho - चामलको पिठो),Staple,Dry rice flour,per 100 g edible portion,282.1,2.797,0.557,0.617,0.919,45.9,0.885,7.005,3.449,0,6.719,6.656,2.052,0.207,26.01,0,0.087,2.672,0.556,0.19,0,0,0.472,1.815,27.43,0.267,1.989,78.09,1.221,203.7,194.1,10.87,1.61,52.05,"Approximate; raw foods reference-style, prepared foods recipe estimate"
418,Wheat Flour,Gahun ko Pitho,गहुँको पिठो,Wheat Flour (Gahun ko Pitho - गहुँको पिठो),Staple,Whole wheat flour,per 100 g edible portion,357.1,2.213,0.513,0.63,1.08,43.72,0.944,6.182,4.336,0,8.022,6.591,2.252,0.175,35.36,0,0.079,2.332,0.518,0.189,0,0,0.441,2.231,22.34,0.243,2.042,64.45,1.465,208.3,197.5,10.9,1.662,51.19,"Approximate; raw foods reference-style, prepared foods recipe estimate"
419,Refined Wheat Flour,Maida,मैदा,Refined Wheat Flour (Maida - मैदा),Staple,Refined wheat flour,per 100 g edible portion,311.7,2.506,0.438,0.536,0.991,55.1,1.044,7.753,4.448,0,8.715,6.344,1.804,0.212,30.14,0,0.09,2.59,0.566,0.217,0,0,0.557,2.194,24.72,0.23,2.39,78.3,1.436,173.8,211.9,11.6,1.931,59.75,"Approximate; raw foods reference-style, prepared foods recipe estimate"
420,Millet Flour,Kodo ko Pitho,कोदोको पिठो,Millet Flour (Kodo ko Pitho - कोदोको पिठो),Staple,Finger millet flour,per 100 g edible portion,285.4,2.457,0.496,0.673,0.933,51.77,1.094,6.281,3.746,0,9.022,6.532,2.343,0.178,28.76,0,0.083,2.628,0.547,0.18,0,0,0.466,1.751,27.9,0.244,2.171,62.18,1.455,180.5,217.9,11.83,1.775,50.67,"Approximate; raw foods reference-style, prepared foods recipe estimate"
421,Buckwheat Flour,Phapar ko Pitho,फापरको पिठो,Buckwheat Flour (Phapar ko Pitho - फापरको पिठो),Staple,Buckwheat flour,per 100 g edible portion,308.2,2.333,0.56,0.589,1.069,56.19,1.009,6.2,3.815,0,6.822,7.025,2.138,0.213,27.51,0,0.081,2.677,0.533,0.202,0,0,0.436,1.802,27.22,0.223,2.455,70.88,1.183,200.5,244.7,12.46,1.734,51.76,"Approximate; raw foods reference-style, prepared foods recipe estimate"
422,Barley Flour,Jau ko Pitho,जौको पिठो,Barley Flour (Jau ko Pitho - जौको पिठो),Staple,Barley flour,per 100 g edible portion,356.2,2.584,0.456,0.517,0.992,46.95,0.963,6.11,4.406,0,8.684,6.562,2.145,0.199,34.98,0,0.08,2.692,0.445,0.172,0,0,0.547,2.129,25.12,0.228,2.238,67.37,1.373,226.1,189.3,13.23,1.598,51.93,"Approximate; raw foods reference-style, prepared foods recipe estimate"
423,Corn Flour,Makai ko Pitho Dry,सुक्खा मकैको पिठो,Corn Flour (Makai ko Pitho Dry - सुक्खा मकैको पिठो),Staple,Dry cornmeal flour,per 100 g edible portion,351.1,2.49,0.522,0.563,1.113,47.19,0.913,7.4,3.687,0,7.266,6.901,1.796,0.223,33.47,0,0.071,2.158,0.492,0.228,0,0,0.55,1.682,23.43,0.254,2.094,70.69,1.264,202.4,227.0,12.07,1.599,53.38,"Approximate; raw foods reference-style, prepared foods recipe estimate"
424,Sattu,Sattu,सत्तु,Sattu (Sattu - सत्तु),Staple,Roasted gram flour,per 100 g edible portion,285.8,2.646,0.497,0.634,0.919,47.8,1.096,6.95,4.105,0,9.245,7.457,1.754,0.183,30.64,0,0.078,2.364,0.474,0.217,0,0,0.435,2.159,27.54,0.271,2.303,69.02,1.438,189.1,212.3,12.68,1.64,55.24,"Approximate; raw foods reference-style, prepared foods recipe estimate"
425,Rice Semolina,Chamal Suji,चामल सुजी,Rice Semolina (Chamal Suji - चामल सुजी),Staple,Coarse rice semolina,per 100 g edible portion,224.1,2.76,0.543,0.565,0.909,53.13,0.899,6.715,3.793,0,7.004,31.31,2.201,0.226,28.81,0,0.081,2.823,0.491,0.186,0,0,0.517,1.81,27.44,0.268,2.128,76.46,1.143,182.3,221.6,10.72,1.534,53.71,"Approximate; raw foods reference-style, prepared foods recipe estimate"
426,Semolina,Suji,सुजी,Semolina (Suji - सुजी),Staple,Wheat semolina,per 100 g edible portion,296.9,2.69,0.5,0.672,0.925,53.52,1.116,7.969,4.104,0,9.353,7.641,1.702,0.195,26.26,0,0.087,2.723,0.497,0.214,0,0,0.43,1.925,24.73,0.274,1.961,61.51,1.368,209.6,248.1,11.65,1.907,57.63,"Approximate; raw foods reference-style, prepared foods recipe estimate"
427,Rolled Oats,Oats,ओट्स,Rolled Oats (Oats - ओट्स),Staple,Dry rolled oats,per 100 g edible portion,260.3,2.538,0.463,0.565,0.956,47.04,1.011,7.221,4.308,0,7.368,35.23,1.811,0.197,35.13,0,0.08,2.734,0.451,0.188,0,0,0.549,2.291,26.8,0.253,1.966,68.21,1.36,203.5,245.4,10.34,1.472,57.06,"Approximate; raw foods reference-style, prepared foods recipe estimate"
428,Cooked Oats,Oats ko Lito,ओट्सको लिटो,Cooked Oats (Oats ko Lito - ओट्सको लिटो),Staple,Cooked oat porridge,per 100 g edible portion,253.2,2.193,0.557,0.651,1.131,50.39,1.047,6.464,4.496,0,8.977,36.35,1.928,0.216,28.56,0,0.091,2.295,0.518,0.221,0,0,0.523,1.699,21.83,0.243,2.306,72.73,1.352,204.1,214.1,12.24,1.512,55.88,"Approximate; raw foods reference-style, prepared foods recipe estimate"
429,Barley Grain,Jau,जौ,Barley Grain (Jau - जौ),Staple,Boiled barley,per 100 g edible portion,248.2,2.685,0.517,0.552,1.084,52.88,1.032,7.578,3.467,0,7.725,30.49,2.097,0.205,26.39,0,0.085,2.443,0.551,0.205,0,0,0.533,2.251,23.38,0.24,2.323,75.18,1.372,210.6,204.9,11.69,1.489,55.19,"Approximate; raw foods reference-style, prepared foods recipe estimate"
430,Buckwheat Groats,Phapar,फापर,Buckwheat Groats (Phapar - फापर),Staple,Boiled buckwheat,per 100 g edible portion,263.2,2.822,0.461,0.618,1.086,52.64,1.004,6.719,3.664,0,7.362,31.81,1.853,0.18,30.69,0,0.076,2.483,0.555,0.201,0,0,0.514,1.963,24.97,0.248,2.11,66.22,1.283,225.3,242.9,13.34,1.652,52.42,"Approximate; raw foods reference-style, prepared foods recipe estimate"
431,Finger Millet Grain,Kodo,कोदो,Finger Millet Grain (Kodo - कोदो),Staple,Cooked finger millet,per 100 g edible portion,232.1,2.744,0.473,0.573,1.012,49.61,1.137,6.253,4.557,0,7.378,33.67,1.764,0.174,25.66,0,0.089,2.171,0.459,0.188,0,0,0.49,2.274,25.23,0.24,2.042,78.11,1.297,180.7,231.4,13.61,1.777,55.55,"Approximate; raw foods reference-style, prepared foods recipe estimate"
432,Foxtail Millet,Kaguno,कागुनो,Foxtail Millet (Kaguno - कागुनो),Staple,Cooked foxtail millet,per 100 g edible portion,217.9,2.773,0.476,0.538,1.04,45.39,1.114,6.729,4.209,0,8.842,35.56,1.974,0.206,34.88,0,0.091,2.372,0.513,0.211,0,0,0.532,1.688,25.76,0.215,2.23,77.48,1.434,178.4,223.3,10.44,1.815,55.91,"Approximate; raw foods reference-style, prepared foods recipe estimate"
433,Foxtail Millet Flour,Kaguno ko Pitho,कागुनोको पिठो,Foxtail Millet Flour (Kaguno ko Pitho - कागुनोको पिठो),Staple,Foxtail millet flour,per 100 g edible portion,324.2,2.326,0.481,0.594,1.1,50.95,0.982,6.977,4.252,0,7.842,6.623,1.667,0.224,29.46,0,0.074,2.276,0.539,0.224,0,0,0.512,1.977,28.48,0.232,2.134,60.89,1.284,179.6,249.1,11.93,1.807,54.97,"Approximate; raw foods reference-style, prepared foods recipe estimate"
434,Proso Millet,Chino,चिनो,Proso Millet (Chino - चिनो),Staple,Cooked proso millet,per 100 g edible portion,266.4,2.458,0.534,0.527,0.996,46.21,1.078,7.325,3.765,0,9.285,31.22,1.867,0.199,30.14,0,0.071,2.286,0.488,0.199,0,0,0.431,2.278,26.91,0.221,2.355,77.15,1.437,192.5,197.9,12.83,1.632,55.68,"Approximate; raw foods reference-style, prepared foods recipe estimate"
435,Proso Millet Flour,Chino ko Pitho,चिनोको पिठो,Proso Millet Flour (Chino ko Pitho - चिनोको पिठो),Staple,Proso millet flour,per 100 g edible portion,354.6,2.334,0.555,0.629,0.955,53.41,0.883,6.216,3.924,0,7.291,6.485,1.732,0.18,34.54,0,0.088,2.288,0.466,0.223,0,0,0.568,2.065,26.51,0.271,2.086,68.73,1.247,199.1,226.4,12.54,1.556,50.32,"Approximate; raw foods reference-style, prepared foods recipe estimate"
436,Sorghum,Junelo,जुनेलो,Sorghum (Junelo - जुनेलो),Staple,Cooked sorghum,per 100 g edible portion,270.1,2.252,0.557,0.592,0.924,50.16,1.113,6.565,4.114,0,8.035,31.86,2.352,0.173,26.51,0,0.076,2.764,0.445,0.174,0,0,0.439,1.949,22.85,0.22,2.212,76.27,1.435,179.1,227.1,10.33,1.595,54.37,"Approximate; raw foods reference-style, prepared foods recipe estimate"
437,Sorghum Flour,Junelo ko Pitho,जुनेलोको पिठो,Sorghum Flour (Junelo ko Pitho - जुनेलोको पिठो),Staple,Sorghum flour,per 100 g edible portion,362.7,2.23,0.539,0.601,0.996,49.22,1.11,6.242,4.521,0,7.499,6.08,1.661,0.221,32.21,0,0.09,2.226,0.451,0.195,0,0,0.471,2.126,28.04,0.275,2.145,74.68,1.171,181.9,234.9,13.02,1.624,53.67,"Approximate; raw foods reference-style, prepared foods recipe estimate"
438,Quinoa,Quinoa,क्विनोआ,Quinoa (Quinoa - क्विनोआ),Staple,Cooked quinoa,per 100 g edible portion,261.0,2.218,0.52,0.546,0.899,53.94,1.079,6.759,3.537,0,9.093,33.8,1.673,0.21,31.45,0,0.085,2.515,0.528,0.216,0,0,0.474,2.086,28.45,0.223,2.413,70.88,1.223,172.4,194.1,10.9,1.695,52.57,"Approximate; raw foods reference-style, prepared foods recipe estimate"
439,Broken Rice,Kani,कनी,Broken Rice (Kani - कनी),Staple,Cooked broken rice,per 100 g edible portion,279.0,2.365,0.457,0.586,0.873,45.04,1.053,7.47,4.148,0,7.621,37.84,2.299,0.176,31.41,0,0.073,2.196,0.569,0.214,0,0,0.54,1.732,24.82,0.23,2.164,78.06,1.214,191.5,244.6,13.01,1.533,57.78,"Approximate; raw foods reference-style, prepared foods recipe estimate"
440,Rice Flakes Thick,Mota Chiura,मोटो चिउरा,Rice Flakes Thick (Mota Chiura - मोटो चिउरा),Staple,Thick beaten rice,per 100 g edible portion,248.0,2.819,0.468,0.609,1.092,43.18,0.944,7.408,3.82,0,6.74,36.52,2.189,0.199,34.9,0,0.069,2.567,0.51,0.217,0,0,0.569,1.922,22.54,0.261,2.005,68.41,1.389,222.3,240.8,11.87,1.532,55.48,"Approximate; raw foods reference-style, prepared foods recipe estimate"
441,Rice Flakes Thin,Masino Chiura,मसिनो चिउरा,Rice Flakes Thin (Masino Chiura - मसिनो चिउरा),Staple,Thin beaten rice,per 100 g edible portion,247.5,2.258,0.49,0.641,0.955,47.58,1.052,6.467,3.986,0,7.032,37.45,1.778,0.202,24.71,0,0.081,2.772,0.539,0.201,0,0,0.535,2.048,25.99,0.258,1.999,65.74,1.183,211.7,239.7,13.6,1.78,52.98,"Approximate; raw foods reference-style, prepared foods recipe estimate"
442,Roasted Rice Flour,Bhuteko Chamal Pitho,भुटेको चामल पिठो,Roasted Rice Flour (Bhuteko Chamal Pitho - भुटेको चामल पिठो),Staple,Roasted rice flour,per 100 g edible portion,348.8,2.202,0.446,0.538,0.992,56.76,1.009,6.111,3.764,0,7.823,7.056,1.976,0.22,34.3,0,0.073,2.247,0.443,0.201,0,0,0.564,2.192,22.39,0.249,2.235,74.74,1.186,172.6,211.5,11.79,1.553,49.65,"Approximate; raw foods reference-style, prepared foods recipe estimate"
443,Malt Barley Flour,Jau ko Sattu,जौको सत्तु,Malt Barley Flour (Jau ko Sattu - जौको सत्तु),Staple,Roasted barley flour,per 100 g edible portion,314.7,2.525,0.532,0.584,0.949,56.27,1.059,6.615,3.695,0,7.931,6.879,2.059,0.2,29.16,0,0.09,2.699,0.481,0.203,0,0,0.508,1.884,28.13,0.246,2.39,69.16,1.196,205.5,231.3,10.65,1.743,52.17,"Approximate; raw foods reference-style, prepared foods recipe estimate"
444,Corn Grits,Makai Chyakhla,मकै च्याँख्ला,Corn Grits (Makai Chyakhla - मकै च्याँख्ला),Staple,Cooked cracked corn grits,per 100 g edible portion,260.4,2.241,0.508,0.68,1.059,49.29,1.047,6.138,4.363,0,8.411,38.31,2.1,0.184,30.13,0,0.087,2.311,0.45,0.195,0,0,0.528,2.03,28.24,0.232,1.964,63.37,1.391,193.3,196.1,12.2,1.803,52.79,"Approximate; raw foods reference-style, prepared foods recipe estimate"
445,Rice Chyakhla,Chamal Chyakhla,चामल च्याँख्ला,Rice Chyakhla (Chamal Chyakhla - चामल च्याँख्ला),Staple,Cooked coarse rice grits,per 100 g edible portion,240.4,2.269,0.448,0.613,1.038,45.11,1.063,6.52,3.971,0,8.425,39.54,2.004,0.205,28.1,0,0.083,2.614,0.463,0.178,0,0,0.472,2.269,24.1,0.249,2.237,73.01,1.175,216.6,229.2,13.14,1.802,53.85,"Approximate; raw foods reference-style, prepared foods recipe estimate"
446,Millet Chyakhla,Kodo Chyakhla,कोदो च्याँख्ला,Millet Chyakhla (Kodo Chyakhla - कोदो च्याँख्ला),Staple,Cooked coarse millet,per 100 g edible portion,258.8,2.316,0.522,0.524,0.874,51.01,1.136,6.949,4.19,0,8.795,38.23,2.309,0.218,27.54,0,0.083,2.809,0.515,0.175,0,0,0.505,2.331,22.62,0.215,2.036,61.88,1.262,191.4,223.1,13.28,1.899,54.95,"Approximate; raw foods reference-style, prepared foods recipe estimate"
447,Barley Chyakhla,Jau Chyakhla,जौ च्याँख्ला,Barley Chyakhla (Jau Chyakhla - जौ च्याँख्ला),Staple,Cooked coarse barley,per 100 g edible portion,269.1,2.274,0.564,0.612,1.069,56.97,0.947,7.756,3.928,0,6.668,37.62,2.303,0.197,31.05,0,0.085,2.193,0.526,0.203,0,0,0.487,2.293,22.34,0.239,2.329,67.25,1.35,227.7,217.2,11.96,1.831,57.26,"Approximate; raw foods reference-style, prepared foods recipe estimate"
448,Cornflakes,Cornflakes,कर्नफ्लेक्स,Cornflakes (Cornflakes - कर्नफ्लेक्स),Staple,Dry corn flakes cereal,per 100 g edible portion,351.3,2.495,0.471,0.672,0.941,46.92,0.995,6.025,3.788,0,7.072,7.345,2.307,0.215,31.87,0,0.08,2.765,0.535,0.215,0,0,0.448,2.317,25.93,0.252,2.448,66.17,1.425,214.1,228.6,13.0,1.576,49.78,"Approximate; raw foods reference-style, prepared foods recipe estimate"
449,Muesli,Muesli,म्युज्ली,Muesli (Muesli - म्युज्ली),Staple,Mixed dry cereal,per 100 g edible portion,303.4,2.565,0.463,0.663,1.101,55.15,0.932,6.576,4.166,0,9.282,7.368,1.913,0.192,33.51,0,0.071,2.337,0.451,0.218,0,0,0.555,2.138,21.75,0.272,2.101,73.11,1.317,210.3,243.9,12.46,1.757,53.8,"Approximate; raw foods reference-style, prepared foods recipe estimate"
450,Raw Red Lentil,Kacho Masuro,काँचो मसुरो,Raw Red Lentil (Kacho Masuro - काँचो मसुरो),Pulse,Dry red lentils,per 100 g edible portion,178.7,1.759,0.263,0.52,0.786,32.38,1.96,13.6,6.156,0,8.988,17.25,5.856,0.181,117.7,0,0.064,1.3,0.512,0.21,1.848,0,0.301,2.946,47.74,0.301,2.695,60.55,0.682,177.2,316.1,2.773,1.163,91.17,"Approximate; raw foods reference-style, prepared foods recipe estimate"
451,Raw Mung Bean,Kacho Mung,काँचो मुङ,Raw Mung Bean (Kacho Mung - काँचो मुङ),Pulse,Dry mung beans,per 100 g edible portion,222.8,2.021,0.304,0.529,0.858,31.89,1.766,13.04,6.583,0,8.596,17.07,4.121,0.149,128.9,0,0.064,1.202,0.482,0.21,2.097,0,0.29,3.506,42.63,0.274,3.114,54.25,0.749,145.7,384.4,3.083,1.402,92.43,"Approximate; raw foods reference-style, prepared foods recipe estimate"
452,Raw Black Gram,Kacho Mas,काँचो मास,Raw Black Gram (Kacho Mas - काँचो मास),Pulse,Dry black gram,per 100 g edible portion,225.9,1.928,0.276,0.449,0.784,32.76,1.756,13.55,7.571,0,10.26,17.67,5.628,0.157,153.4,0,0.076,1.28,0.512,0.211,2.218,0,0.34,2.547,44.74,0.261,2.656,53.11,0.648,140.3,366.7,3.351,1.202,97.53,"Approximate; raw foods reference-style, prepared foods recipe estimate"
453,Raw Pigeon Pea,Kacho Rahar,काँचो रहर,Raw Pigeon Pea (Kacho Rahar - काँचो रहर),Pulse,Dry pigeon peas,per 100 g edible portion,185.3,1.99,0.339,0.431,1.014,25.28,1.88,10.68,6.283,0,10.48,17.52,4.294,0.152,117.0,0,0.065,1.303,0.444,0.189,2.014,0,0.308,3.186,45.16,0.309,2.568,60.68,0.796,139.5,358.1,3.145,1.138,81.79,"Approximate; raw foods reference-style, prepared foods recipe estimate"
454,Raw Chickpea,Kacho Chana,काँचो चना,Raw Chickpea (Kacho Chana - काँचो चना),Pulse,Dry chickpeas,per 100 g edible portion,215.8,2.256,0.331,0.552,0.827,26.6,1.748,12.06,6.219,0,9.499,15.14,4.15,0.153,121.6,0,0.078,1.367,0.491,0.196,1.973,0,0.336,2.569,48.74,0.341,2.692,58.52,0.622,174.9,391.0,3.209,1.271,86.96,"Approximate; raw foods reference-style, prepared foods recipe estimate"
455,Raw Kidney Bean,Kacho Rajma,काँचो राजमा,Raw Kidney Bean (Kacho Rajma - काँचो राजमा),Pulse,Dry kidney beans,per 100 g edible portion,200.2,1.8,0.292,0.461,0.881,31.53,1.987,13.03,7.559,0,10.43,15.33,5.405,0.143,147.6,0,0.074,1.301,0.445,0.209,1.839,0,0.323,3.374,42.97,0.285,2.876,61.91,0.606,157.0,385.7,2.994,1.222,96.75,"Approximate; raw foods reference-style, prepared foods recipe estimate"
456,Raw Soybean,Kacho Bhatmas,काँचो भटमास,Raw Soybean (Kacho Bhatmas - काँचो भटमास),Pulse,Dry soybeans,per 100 g edible portion,225.6,1.765,0.318,0.469,0.974,26.53,2.201,12.93,7.25,0,11.71,16.35,4.398,0.174,133.6,0,0.069,1.201,0.401,0.221,2.088,0,0.312,2.955,44.86,0.314,2.955,62.57,0.63,169.6,378.8,2.688,1.157,95.26,"Approximate; raw foods reference-style, prepared foods recipe estimate"
457,Horse Gram Dry,Sukha Gahat,सुक्खा गहत,Horse Gram Dry (Sukha Gahat - सुक्खा गहत),Pulse,Dry horse gram,per 100 g edible portion,169.0,2.269,0.279,0.446,0.862,21.89,1.752,9.413,6.967,0,9.879,66.5,5.163,0.158,122.6,0,0.061,1.317,0.41,0.227,2.256,0,0.334,2.528,43.07,0.311,2.531,52.16,0.789,138.1,341.0,2.609,1.248,79.76,"Approximate; raw foods reference-style, prepared foods recipe estimate"
458,Black-Eyed Pea Dry,Sukha Bodi,सुक्खा बोडी,Black-Eyed Pea Dry (Sukha Bodi - सुक्खा बोडी),Pulse,Dry black-eyed peas,per 100 g edible portion,141.9,1.929,0.338,0.546,0.817,26.13,1.835,9.509,6.737,0,8.578,61.73,5.59,0.161,118.0,0,0.079,1.197,0.415,0.196,1.779,0,0.259,2.477,45.0,0.272,2.453,50.38,0.62,180.9,384.6,2.758,1.125,79.24,"Approximate; raw foods reference-style, prepared foods recipe estimate"
459,White Pea Dry,Sukha Kerau,सुक्खा केराउ,White Pea Dry (Sukha Kerau - सुक्खा केराउ),Pulse,Dry white peas,per 100 g edible portion,164.1,1.902,0.301,0.53,1.009,21.19,2.018,9.477,7.268,0,11.39,54.98,5.756,0.164,138.6,0,0.068,1.283,0.396,0.213,1.999,0,0.323,3.071,41.39,0.316,2.6,55.18,0.747,181.5,352.6,2.667,1.22,81.7,"Approximate; raw foods reference-style, prepared foods recipe estimate"
460,Flaxseed,Alas,अलस,Flaxseed (Alas - अलस),Nut/Seed,Raw flaxseed,per 100 g edible portion,500.1,41.6,6.531,17.94,20.65,21.9,3.018,19.15,8.787,0,6.707,5.613,0.826,0.514,106.1,0,0.217,4.152,0.8,0.543,1.042,0,7.693,4.598,180.4,1.036,4.633,252.8,1.826,512.3,659.7,10.52,4.211,100,"Approximate; raw foods reference-style, prepared foods recipe estimate"
461,Mustard Seed,Tori ko Dana,तोरीको दाना,Mustard Seed (Tori ko Dana - तोरीको दाना),Nut/Seed,Raw mustard seed,per 100 g edible portion,608.7,41.03,6.325,14.3,22.51,22.01,2.768,17.66,9.072,0,8.288,5.421,1.005,0.542,100.8,0,0.227,3.468,0.805,0.438,0.899,0,7.172,3.775,167.7,1.131,5.177,222.5,2.226,435.2,588.5,13.35,3.915,100,"Approximate; raw foods reference-style, prepared foods recipe estimate"
462,Pumpkin Seed,Farsi ko Biu,फर्सीको बिउ,Pumpkin Seed (Farsi ko Biu - फर्सीको बिउ),Nut/Seed,Roasted pumpkin seeds,per 100 g edible portion,521.6,49.49,6.058,18.13,17.64,18.99,2.749,20.56,9.027,0,8.19,5.094,1.166,0.451,86.37,0,0.214,4.467,0.826,0.45,1.123,0,7.635,3.693,158.1,1.166,4.687,231.6,1.829,503.0,663.4,11.07,3.478,100,"Approximate; raw foods reference-style, prepared foods recipe estimate"
463,Sunflower Seed,Surajmukhi ko Biu,सूर्यमुखीको बिउ,Sunflower Seed (Surajmukhi ko Biu - सूर्यमुखीको बिउ),Nut/Seed,Roasted sunflower seeds,per 100 g edible portion,504.2,51.07,6.644,14.38,22.37,22.26,3.233,19.43,9.109,0,7.841,4.701,1.166,0.48,99.73,0,0.201,4.345,0.695,0.518,1.032,0,7.304,3.611,168.3,1.235,4.477,282.2,1.855,483.2,577.4,10.7,4.278,100,"Approximate; raw foods reference-style, prepared foods recipe estimate"
464,Watermelon Seed,Kharbuja ko Biu,खरबुजाको बिउ,Watermelon Seed (Kharbuja ko Biu - खरबुजाको बिउ),Nut/Seed,Dried watermelon seeds,per 100 g edible portion,511.8,47.27,6.156,14.03,22.68,22.42,2.833,18.83,8.655,0,9.287,4.888,0.914,0.54,87.16,0,0.203,3.912,0.767,0.495,0.912,0,7.157,4.037,162.4,1.3,5.586,225.4,2.164,462.1,555.2,13.63,3.978,100,"Approximate; raw foods reference-style, prepared foods recipe estimate"
465,Chia Seed,Chia,चिया बिउ,Chia Seed (Chia - चिया बिउ),Nut/Seed,Dry chia seeds,per 100 g edible portion,503.5,51.04,6.023,17.67,18.38,22.2,3.23,20.9,10.11,0,8.637,5.483,1.003,0.524,79.92,0,0.173,3.74,0.704,0.462,1.037,0,7.577,4.321,159.6,1.166,4.815,280.6,1.736,512.5,524.3,12.49,3.871,100,"Approximate; raw foods reference-style, prepared foods recipe estimate"
466,Poppy Seed,Khus Khus,खसखस,Poppy Seed (Khus Khus - खसखस),Nut/Seed,Dry poppy seeds,per 100 g edible portion,614.7,44.03,6.655,17.6,17.6,20.37,2.802,22.19,10.01,0,9.123,5.376,1.026,0.452,91.41,0,0.214,3.678,0.824,0.478,1.011,0,7.575,4.498,145.8,1.334,4.481,243.2,1.949,491.5,522.1,11.72,4.047,100,"Approximate; raw foods reference-style, prepared foods recipe estimate"
467,Cashew,Kaju,काजु,Cashew (Kaju - काजु),Nut/Seed,Raw cashew nuts,per 100 g edible portion,532.3,49.67,5.819,15.33,18.69,19.47,3.047,17.95,9.035,0,6.619,4.301,1.162,0.527,81.5,0,0.21,4.285,0.707,0.446,1.002,0,6.708,3.748,164.2,1.23,4.506,248.3,1.774,507.5,667.3,11.0,4.256,100,"Approximate; raw foods reference-style, prepared foods recipe estimate"
468,Almond,Badam Almond,बदाम,Almond (Badam Almond - बदाम),Nut/Seed,Raw almonds,per 100 g edible portion,535.7,44.1,5.213,15.03,18.92,20.67,3.34,20.8,10.13,0,6.969,4.714,0.99,0.469,104.8,0,0.186,3.601,0.738,0.52,0.94,0,6.272,3.824,145.3,1.222,5.043,238.5,2.171,533.5,529.2,10.66,3.474,100,"Approximate; raw foods reference-style, prepared foods recipe estimate"
469,Pistachio,Pista,पिस्ता,Pistachio (Pista - पिस्ता),Nut/Seed,Raw pistachio,per 100 g edible portion,595.6,46.75,6.826,17.37,21.88,17.3,3.099,20.33,8.975,0,9.221,5.562,0.829,0.442,102.0,0,0.195,4.316,0.691,0.487,1.007,0,6.768,3.445,150.3,1.259,5.222,278.3,1.968,522.5,628.4,12.93,4.328,100,"Approximate; raw foods reference-style, prepared foods recipe estimate"
470,Hazelnut,Hazelnut,हेजलनट,Hazelnut (Hazelnut - हेजलनट),Nut/Seed,Raw hazelnut,per 100 g edible portion,585.9,48.09,6.327,17.36,22.49,17.86,2.956,20.25,8.075,0,8.853,5.622,1.012,0.49,93.33,0,0.172,4.009,0.77,0.561,1.106,0,7.607,4.258,175.0,1.056,4.708,251.3,2.091,536.8,648.0,11.98,3.556,100,"Approximate; raw foods reference-style, prepared foods recipe estimate"
471,Pine Nut,Chilgoza,चिलगोजा,Pine Nut (Chilgoza - चिलगोजा),Nut/Seed,Raw pine nuts,per 100 g edible portion,623.6,46.95,6.149,17.56,19.04,21.36,2.927,17.2,9.027,0,7.88,5.433,1.037,0.557,77.98,0,0.205,3.723,0.698,0.491,0.865,0,6.264,3.496,140.1,1.137,4.711,274.0,2.161,503.3,675.2,13.66,4.206,100,"Approximate; raw foods reference-style, prepared foods recipe estimate"
472,Fox Nut,Makhana,मखाना,Fox Nut (Makhana - मखाना),Nut/Seed,Roasted fox nuts,per 100 g edible portion,491.7,41.2,5.712,14.09,22.67,19.55,2.956,19.38,8.073,0,7.646,4.64,1.023,0.544,89.64,0,0.22,4.249,0.851,0.564,1.119,0,6.592,4.599,159.4,1.125,5.203,219.8,2.042,456.3,668.2,10.6,3.581,100,"Approximate; raw foods reference-style, prepared foods recipe estimate"
473,Lotus Seed,Kamal ko Biu,कमलको बिउ,Lotus Seed (Kamal ko Biu - कमलको बिउ),Nut/Seed,Dried lotus seeds,per 100 g edible portion,539.9,48.23,6.384,17.41,18.28,20.43,3.359,18.82,10.12,0,8.903,5.146,1.133,0.46,88.15,0,0.202,3.742,0.732,0.46,0.953,0,7.412,4.343,168.4,1.311,5.074,219.7,1.988,549.7,637.5,10.73,4.411,100,"Approximate; raw foods reference-style, prepared foods recipe estimate"
474,Hemp Seed,Bhang ko Biu,भाङको बिउ,Hemp Seed (Bhang ko Biu - भाङको बिउ),Nut/Seed,Hemp seeds,per 100 g edible portion,549.7,43.91,5.542,16.46,17.54,18.13,3.278,22.8,8.819,0,8.322,5.308,1.063,0.536,89.72,0,0.201,3.943,0.701,0.478,1.114,0,6.502,4.17,145.4,1.133,5.3,249.3,2.16,562.7,564.1,11.12,4.077,100,"Approximate; raw foods reference-style, prepared foods recipe estimate"
475,Hemp Seed Chutney,Bhang ko Chutney,भाङको चट्नी,Hemp Seed Chutney (Bhang ko Chutney - भाङको चट्नी),Condiment,Hemp seed chutney,per 100 g edible portion,129.6,7.537,1.115,2.658,2.702,12.52,2.778,3.272,2.848,0,557.2,74.52,65.34,0.088,27.13,0,0.055,1.208,0.271,0.171,10.72,0,1.049,10.24,50.78,0.259,1.162,40.86,0.517,90.54,277.0,1.291,0.793,37.4,"Approximate; raw foods reference-style, prepared foods recipe estimate"
476,Flax Chutney,Alas ko Chutney,अलसको चट्नी,Flax Chutney (Alas ko Chutney - अलसको चट्नी),Condiment,Flaxseed chutney,per 100 g edible portion,117.2,6.454,1.072,2.234,2.535,10.59,2.711,2.968,3.065,0,630.5,61.37,74.76,0.079,23.36,0,0.06,0.993,0.324,0.173,9.579,0,0.879,12.69,45.82,0.223,1.253,35.79,0.49,92.94,262.2,1.291,0.858,36.61,"Approximate; raw foods reference-style, prepared foods recipe estimate"
477,Pumpkin Seed Chutney,Farsi Biu Chutney,फर्सी बिउ चट्नी,Pumpkin Seed Chutney (Farsi Biu Chutney - फर्सी बिउ चट्नी),Condiment,Pumpkin seed chutney,per 100 g edible portion,118.2,7.008,0.976,2.576,3.037,10.83,2.688,2.701,2.952,0,533.4,79.75,81.62,0.084,22.86,0,0.068,1.241,0.338,0.178,9.438,0,0.95,11.22,54.52,0.28,1.197,35.15,0.509,85.59,238.8,1.328,0.938,35.09,"Approximate; raw foods reference-style, prepared foods recipe estimate"
478,Sesame Ladoo,Til ko Laddu,तिलको लड्डु,Sesame Ladoo (Til ko Laddu - तिलको लड्डु),Sweet,Sesame-jaggery ball,per 100 g edible portion,319.1,11.45,3.715,3.015,2.269,54.89,44.72,3.819,1.029,12.98,88.69,19.31,18.62,0.049,6.977,0.162,0.072,0.494,0.173,0.047,0,0.045,0.479,0.959,50.75,0.09,0.728,19.32,0.15,69.25,96.79,2.636,0.434,22.99,"Approximate; raw foods reference-style, prepared foods recipe estimate"
479,Peanut Ladoo,Badam ko Laddu,बदामको लड्डु,Peanut Ladoo (Badam ko Laddu - बदामको लड्डु),Sweet,Peanut-jaggery ball,per 100 g edible portion,397.5,12.09,4.001,3.693,1.846,59.39,44.81,3.985,0.949,13.52,91.82,23.71,18.28,0.051,8.586,0.133,0.075,0.465,0.209,0.047,0,0.044,0.506,1.142,47.52,0.075,0.824,19.32,0.153,84.46,93.19,3.124,0.558,21.92,"Approximate; raw foods reference-style, prepared foods recipe estimate"
480,Chana Sattu Drink,Sattu ko Sarbat,सत्तुको सर्वत,Chana Sattu Drink (Sattu ko Sarbat - सत्तुको सर्वत),Beverage,Roasted gram drink,per 100 g edible portion,40.43,1.565,0.962,0.443,0.11,7.348,6.418,1.305,0.092,5.393,24.47,79.4,14.9,0.021,3.012,0.23,0.079,0.108,0.217,0.022,2.048,0.055,0.051,0.194,41.11,0.009,0.054,6.61,0.03,32.98,62.8,0.985,0.195,8.51,"Approximate; raw foods reference-style, prepared foods recipe estimate"
481,Soy Milk,Bhatmas ko Dudh,भटमासको दूध,Soy Milk (Bhatmas ko Dudh - भटमासको दूध),Beverage,Unsweetened soy milk,per 100 g edible portion,43,1.9,0.25,0.4,1.1,3.2,2.5,3.3,0.6,0,40,90,14.12,0.019,2.967,0.178,0.062,0.096,0.178,0.022,2.263,0.054,0.054,0.236,44.76,0.009,0.051,7.21,0.032,36.44,67.54,1.009,0.227,18.03,"Approximate; raw foods reference-style, prepared foods recipe estimate"
482,Tofu,Soy Paneer,सोया पनीर,Tofu (Soy Paneer - सोया पनीर),Pulse,Firm tofu,per 100 g edible portion,144,8.7,1.3,2,4.9,2.8,0.6,17.3,2.3,0,14,70,5.849,0.151,137.8,0,0.063,1.081,0.489,0.183,2.119,0,0.292,3.496,45.28,0.319,3.11,53.71,0.708,175.3,367.0,2.599,1.211,87.3,"Approximate; raw foods reference-style, prepared foods recipe estimate"
483,Tofu Curry,Soy Paneer Tarkari,सोया पनीर तरकारी,Tofu Curry (Soy Paneer Tarkari - सोया पनीर तरकारी),Prepared Meal,Tofu curry,per 100 g edible portion,184.6,5.214,1.421,2.035,1.733,26.22,2.706,6.821,2.377,18.73,338.3,60.1,64.6,0.079,37.97,0.214,0.088,1.557,0.365,0.157,5.428,0.103,0.625,4.938,28.35,0.148,1.36,33.27,0.318,124.9,197.6,5.321,1.009,44.33,"Approximate; raw foods reference-style, prepared foods recipe estimate"
484,Soy Chunk Curry,Soyabean Chunk Tarkari,सोयाबिन चंक्स तरकारी,Soy Chunk Curry (Soyabean Chunk Tarkari - सोयाबिन चंक्स तरकारी),Prepared Meal,Soy chunk curry,per 100 g edible portion,190.7,6.793,1.399,2.176,2.262,23.68,2.59,7.936,2.61,16.19,423.6,59.45,51.01,0.077,31.06,0.191,0.072,1.333,0.378,0.139,5.542,0.097,0.544,5.054,26.61,0.151,1.265,28.34,0.395,107.4,174.3,6.67,0.967,48.43,"Approximate; raw foods reference-style, prepared foods recipe estimate"
485,Soy Chunks Dry,Soyabean Chunks,सोयाबिन चंक्स,Soy Chunks Dry (Soyabean Chunks - सोयाबिन चंक्स),Pulse,Cooked soy chunks,per 100 g edible portion,137.2,2.24,0.299,0.483,0.824,21.07,2.132,9.439,7.549,0,11.17,55.13,5.209,0.142,117.7,0,0.073,1.367,0.438,0.21,1.963,0,0.28,3.201,46.79,0.259,2.681,54.17,0.685,150.6,322.1,2.747,1.221,82.88,"Approximate; raw foods reference-style, prepared foods recipe estimate"
486,Peanut Butter,Badam Butter,बदाम बटर,Peanut Butter (Badam Butter - बदाम बटर),Nut/Seed,Unsweetened peanut butter,per 100 g edible portion,588,50,10,25,14,20,9,25,6,0,17,1.5,0.892,0.514,104.1,0,0.202,4.166,0.797,0.518,0.905,0,7.446,3.838,141.6,1.201,5.669,278.6,2.079,453.0,650.5,11.99,3.803,100,"Approximate; raw foods reference-style, prepared foods recipe estimate"
487,Tahini,Til Paste,तिल पेस्ट,Tahini (Til Paste - तिल पेस्ट),Nut/Seed,Sesame paste,per 100 g edible portion,584.8,51.05,5.965,14.22,21.62,22.05,3.297,22.2,9.035,0,9.226,4.626,1.134,0.464,101.3,0,0.207,3.712,0.797,0.545,1.013,0,7.241,4.469,150.7,1.056,4.879,230.1,1.787,536.6,668.7,11.03,3.484,100,"Approximate; raw foods reference-style, prepared foods recipe estimate"
488,Roasted Sesame,Bhuteko Til,भुटेको तिल,Roasted Sesame (Bhuteko Til - भुटेको तिल),Nut/Seed,Roasted sesame seeds,per 100 g edible portion,552.8,47.07,6.196,16.92,19.36,19.52,3.082,21.66,10.15,0,8.582,4.348,1.164,0.543,78.24,0,0.174,4.425,0.813,0.518,0.879,0,6.571,4.152,138.5,1.295,5.383,271.1,2.052,517.2,573.8,11.59,4.554,100,"Approximate; raw foods reference-style, prepared foods recipe estimate"
489,Roasted Flaxseed,Bhuteko Alas,भुटेको अलस,Roasted Flaxseed (Bhuteko Alas - भुटेको अलस),Nut/Seed,Roasted flaxseed,per 100 g edible portion,481.9,42.68,5.92,18.08,19.99,18.72,2.897,18.3,9.42,0,6.787,5.303,0.973,0.524,87.09,0,0.184,3.91,0.889,0.565,0.939,0,6.095,4.438,166.1,1.332,5.655,258.5,2.207,496.0,654.1,11.96,3.82,100,"Approximate; raw foods reference-style, prepared foods recipe estimate"
490,Raw Cauliflower,Kacho Kauli,काँचो काउली,Raw Cauliflower (Kacho Kauli - काँचो काउली),Vegetable,Raw cauliflower,per 100 g edible portion,37.67,0.436,0.087,0.112,0.2,7.245,2.597,1.802,2.325,0,17.51,96.45,87.5,0.057,35.98,0,0.067,0.747,0.342,0.127,20.4,0,0.451,24.8,30.47,0.087,0.709,22.53,0.247,43.41,230.4,0.703,0.395,28.58,"Approximate; raw foods reference-style, prepared foods recipe estimate"
491,Raw Cabbage,Kacho Banda,काँचो बन्दा,Raw Cabbage (Kacho Banda - काँचो बन्दा),Vegetable,Raw cabbage,per 100 g edible portion,43.84,0.499,0.085,0.091,0.212,8.326,3.325,1.831,2.423,0,15.94,82.85,102.3,0.059,31.82,0,0.073,0.61,0.331,0.135,17.81,0,0.453,26.11,32.7,0.09,0.733,24.16,0.237,50.81,266.0,0.632,0.386,29.2,"Approximate; raw foods reference-style, prepared foods recipe estimate"
492,Raw Spinach,Kacho Palungo,काँचो पालुङ्गो,Raw Spinach (Kacho Palungo - काँचो पालुङ्गो),Leafy Vegetable,Raw spinach,per 100 g edible portion,30.46,0.669,0.088,0.105,0.262,4.589,1.072,2.616,3.539,0,63.31,94.95,370.1,0.077,83.77,0,0.181,0.95,0.364,0.213,27.32,0,1.207,293.1,102.3,0.193,2.563,52.97,0.609,59.71,402.2,0.989,0.664,49.86,"Approximate; raw foods reference-style, prepared foods recipe estimate"
493,Raw Mustard Greens,Kacho Rayo Saag,काँचो रायो साग,Raw Mustard Greens (Kacho Rayo Saag - काँचो रायो साग),Leafy Vegetable,Raw mustard greens,per 100 g edible portion,31.81,0.541,0.092,0.103,0.264,4.784,1.103,2.621,3.268,0,55.68,86.84,399.9,0.084,106.0,0,0.163,0.901,0.371,0.186,23.78,0,1.146,228.6,117.2,0.16,2.217,54.03,0.714,67.51,440.8,1.085,0.599,48.21,"Approximate; raw foods reference-style, prepared foods recipe estimate"
494,Raw Fenugreek Leaves,Kacho Methi,काँचो मेथी,Raw Fenugreek Leaves (Kacho Methi - काँचो मेथी),Leafy Vegetable,Raw fenugreek leaves,per 100 g edible portion,30.32,0.59,0.088,0.103,0.275,5.043,1.069,3.298,3.782,0,56.17,78.08,442.7,0.086,101.8,0,0.161,0.996,0.382,0.188,26.79,0,1.286,292.6,98.99,0.199,2.355,52.78,0.726,59.97,444.9,1.092,0.628,53.06,"Approximate; raw foods reference-style, prepared foods recipe estimate"
495,Raw Okra,Kacho Bhindi,काँचो भिण्डी,Raw Okra (Kacho Bhindi - काँचो भिण्डी),Vegetable,Raw okra,per 100 g edible portion,42.15,0.452,0.083,0.086,0.211,7.474,3.171,1.87,2.447,0,20.2,92.29,100.1,0.057,34.18,0,0.066,0.64,0.312,0.117,19.55,0,0.436,22.27,36.94,0.095,0.782,21.81,0.272,47.78,261.5,0.706,0.427,29.96,"Approximate; raw foods reference-style, prepared foods recipe estimate"
496,Raw Eggplant,Kacho Bhanta,काँचो भन्टा,Raw Eggplant (Kacho Bhanta - काँचो भन्टा),Vegetable,Raw eggplant,per 100 g edible portion,37.01,0.482,0.08,0.088,0.227,8.093,3.385,2.19,2.983,0,20.37,83.23,96.04,0.059,33.2,0,0.075,0.762,0.317,0.123,19.53,0,0.439,27.21,31.06,0.102,0.74,19.43,0.215,43.6,280.0,0.697,0.424,33.24,"Approximate; raw foods reference-style, prepared foods recipe estimate"
497,Raw Bottle Gourd,Kacho Lauka,काँचो लौका,Raw Bottle Gourd (Kacho Lauka - काँचो लौका),Vegetable,Raw bottle gourd,per 100 g edible portion,37.41,0.535,0.071,0.107,0.197,7.303,2.614,1.819,2.509,0,20.74,79.75,96.61,0.058,41.2,0,0.063,0.62,0.331,0.138,17.04,0,0.435,20.52,30.36,0.095,0.881,22.95,0.25,38.71,249.3,0.604,0.428,29.35,"Approximate; raw foods reference-style, prepared foods recipe estimate"
498,Raw Pumpkin,Kacho Farsi,काँचो फर्सी,Raw Pumpkin (Kacho Farsi - काँचो फर्सी),Vegetable,Raw pumpkin,per 100 g edible portion,42.7,0.488,0.077,0.097,0.212,7.143,2.649,2.049,2.563,0,18.99,92.43,92.28,0.059,35.98,0,0.063,0.633,0.32,0.121,19.24,0,0.541,23.88,33.37,0.088,0.71,22.67,0.218,45.18,239.4,0.772,0.436,30.51,"Approximate; raw foods reference-style, prepared foods recipe estimate"
499,Raw Bitter Gourd,Kacho Karela,काँचो करेला,Raw Bitter Gourd (Kacho Karela - काँचो करेला),Vegetable,Raw bitter gourd,per 100 g edible portion,43.71,0.459,0.073,0.099,0.175,9.114,2.727,2.098,2.856,0,17.54,90.99,86.2,0.057,37.85,0,0.078,0.784,0.288,0.127,16.1,0,0.528,29.42,35.87,0.105,0.777,24.62,0.246,41.86,263.1,0.771,0.353,31.96,"Approximate; raw foods reference-style, prepared foods recipe estimate"
500,Raw Ridge Gourd,Kacho Ghiraula,काँचो घिरौंला,Raw Ridge Gourd (Kacho Ghiraula - काँचो घिरौंला),Vegetable,Raw ridge gourd,per 100 g edible portion,40.32,0.459,0.078,0.104,0.202,8.815,3.157,2.213,2.441,0,17.39,91.23,81.89,0.068,39.58,0,0.065,0.664,0.259,0.138,20.27,0,0.448,25.44,35.15,0.09,0.732,24.02,0.228,49.93,216.9,0.623,0.425,30.7,"Approximate; raw foods reference-style, prepared foods recipe estimate"
501,Raw Chayote,Kacho Iskus,काँचो इस्कुस,Raw Chayote (Kacho Iskus - काँचो इस्कुस),Vegetable,Raw chayote,per 100 g edible portion,35.39,0.537,0.072,0.096,0.201,8.829,3.004,2.218,2.405,0,16.94,97.11,82.19,0.062,38.56,0,0.068,0.631,0.282,0.135,15.87,0,0.529,24.48,31.6,0.087,0.911,23.57,0.247,42.23,270.0,0.769,0.366,30.37,"Approximate; raw foods reference-style, prepared foods recipe estimate"
502,Raw Taro,Kacho Pindalu,काँचो पिँडालु,Raw Taro (Kacho Pindalu - काँचो पिँडालु),Root Vegetable,Raw taro,per 100 g edible portion,89.1,0.299,0.053,0.055,0.107,19.56,2.951,1.815,3.61,0,13.44,76.59,38.54,0.088,18.66,0,0.035,0.802,0.268,0.222,8.698,0,0.389,2.223,28.48,0.137,0.851,27.36,0.242,65.06,377.6,0.757,0.398,34.05,"Approximate; raw foods reference-style, prepared foods recipe estimate"
503,Raw Yam,Kacho Tarul,काँचो तरुल,Raw Yam (Kacho Tarul - काँचो तरुल),Root Vegetable,Raw yam,per 100 g edible portion,92.37,0.326,0.046,0.044,0.092,21.77,2.939,1.91,3.638,0,15.4,83.67,33.57,0.08,17.76,0,0.042,0.869,0.291,0.182,8.083,0,0.4,1.983,29.55,0.132,1.021,25.04,0.302,64.09,396.5,0.774,0.385,34.89,"Approximate; raw foods reference-style, prepared foods recipe estimate"
504,Raw Sweet Potato,Kacho Sakhar Khanda,काँचो सखरखण्ड,Raw Sweet Potato (Kacho Sakhar Khanda - काँचो सखरखण्ड),Root Vegetable,Raw sweet potato,per 100 g edible portion,97.6,0.339,0.045,0.048,0.108,21.98,3.274,1.509,2.807,0,14.58,78.78,41.01,0.097,21.52,0,0.037,0.733,0.302,0.185,8.211,0,0.406,1.766,27.77,0.133,0.956,24.64,0.306,54.83,345.4,0.694,0.397,28.87,"Approximate; raw foods reference-style, prepared foods recipe estimate"
505,Green Papaya,Kacho Mewa,काँचो मेवा,Green Papaya (Kacho Mewa - काँचो मेवा),Vegetable,Raw green papaya,per 100 g edible portion,44.6,0.433,0.079,0.104,0.18,7.815,3.05,2.032,2.324,0,15.82,91.38,89.41,0.068,32.44,0,0.079,0.624,0.264,0.142,18.18,0,0.511,25.83,38.64,0.1,0.785,20.4,0.223,43.86,237.5,0.746,0.456,29.37,"Approximate; raw foods reference-style, prepared foods recipe estimate"
506,Green Papaya Curry,Kacho Mewa Tarkari,काँचो मेवा तरकारी,Green Papaya Curry (Kacho Mewa Tarkari - काँचो मेवा तरकारी),Vegetable,Green papaya curry,per 100 g edible portion,38.15,0.453,0.086,0.101,0.204,7.479,2.772,1.956,2.782,0,17.41,77.03,74.73,0.06,37.2,0,0.067,0.749,0.313,0.148,15.97,0,0.537,22.55,31.77,0.089,0.766,23.1,0.279,39.26,233.2,0.677,0.417,30.45,"Approximate; raw foods reference-style, prepared foods recipe estimate"
507,Raw Jackfruit,Kacho Katahar,काँचो कटहर,Raw Jackfruit (Kacho Katahar - काँचो कटहर),Vegetable,Young jackfruit,per 100 g edible portion,43.48,0.464,0.071,0.113,0.193,8.891,2.669,2.114,2.634,0,20.59,81.88,75.45,0.062,36.73,0,0.072,0.651,0.314,0.128,19.16,0,0.484,24.12,30.99,0.11,0.818,20.07,0.26,39.95,245.3,0.748,0.384,31.1,"Approximate; raw foods reference-style, prepared foods recipe estimate"
508,French Beans,Hariyo Simi,हरियो सिमी,French Beans (Hariyo Simi - हरियो सिमी),Vegetable,Cooked French beans,per 100 g edible portion,35.26,0.445,0.088,0.1,0.191,8.761,3.338,1.952,2.726,0,16.48,95.59,95.11,0.057,32.67,0,0.074,0.672,0.272,0.144,17.27,0,0.448,29.3,37.86,0.103,0.69,21.68,0.26,46.35,235.9,0.69,0.415,30.54,"Approximate; raw foods reference-style, prepared foods recipe estimate"
509,Cluster Beans,Guar Simi,ग्वार सिमी,Cluster Beans (Guar Simi - ग्वार सिमी),Vegetable,Cooked cluster beans,per 100 g edible portion,35.73,0.552,0.069,0.105,0.174,9.005,2.935,1.938,2.516,0,18.49,97.94,92.46,0.059,29.04,0,0.074,0.726,0.337,0.124,15.96,0,0.553,22.42,38.77,0.093,0.864,21.33,0.255,40.11,271.7,0.611,0.373,30.06,"Approximate; raw foods reference-style, prepared foods recipe estimate"
510,Snow Peas,Chini Kerau,चिनी केराउ,Snow Peas (Chini Kerau - चिनी केराउ),Vegetable,Cooked snow peas,per 100 g edible portion,38.27,0.561,0.09,0.107,0.211,8.013,3.336,1.72,2.436,0,16.22,90.65,91.6,0.062,36.28,0,0.076,0.627,0.328,0.142,17.91,0,0.548,22.69,30.27,0.105,0.776,18.93,0.264,47.58,224.2,0.707,0.394,28.1,"Approximate; raw foods reference-style, prepared foods recipe estimate"
511,Asparagus,Kurilo,कुरिलो,Asparagus (Kurilo - कुरिलो),Vegetable,Cooked asparagus,per 100 g edible portion,41.67,0.537,0.088,0.109,0.181,9.117,3.175,1.928,2.566,0,18.1,88.43,87.55,0.053,29.41,0,0.067,0.718,0.334,0.145,18.78,0,0.457,22.13,33.87,0.11,0.724,22.0,0.266,39.98,216.9,0.711,0.373,29.76,"Approximate; raw foods reference-style, prepared foods recipe estimate"
512,Asparagus Curry,Kurilo Tarkari,कुरिलो तरकारी,Asparagus Curry (Kurilo Tarkari - कुरिलो तरकारी),Vegetable,Asparagus curry,per 100 g edible portion,34.48,0.47,0.079,0.108,0.203,7.188,3.069,2.163,3.063,0,17.44,78.82,78.05,0.054,29.86,0,0.069,0.741,0.326,0.144,19.35,0,0.468,21.27,38.07,0.11,0.763,20.38,0.273,44.87,264.1,0.755,0.407,33.72,"Approximate; raw foods reference-style, prepared foods recipe estimate"
513,Celery,Ajmoda Pat,अजमोदा पात,Celery (Ajmoda Pat - अजमोदा पात),Vegetable,Raw celery,per 100 g edible portion,42.09,0.431,0.084,0.108,0.212,6.937,3.049,2.25,3.068,0,15.44,93.38,103.5,0.056,41.23,0,0.062,0.651,0.293,0.141,20.11,0,0.521,26.95,39.55,0.105,0.876,24.54,0.265,45.69,251.1,0.711,0.361,34.63,"Approximate; raw foods reference-style, prepared foods recipe estimate"
514,Lettuce,Salad Pat,सलाद पात,Lettuce (Salad Pat - सलाद पात),Leafy Vegetable,Raw lettuce,per 100 g edible portion,30.46,0.536,0.109,0.104,0.262,5.09,1.327,2.876,3.725,0,60.74,86.48,424.8,0.082,101.9,0,0.149,0.964,0.389,0.193,25.13,0,1.16,217.7,120.8,0.204,2.316,56.18,0.638,54.4,429.3,1.028,0.551,51.89,"Approximate; raw foods reference-style, prepared foods recipe estimate"
515,Spring Onion,Hariyo Pyaj,हरियो प्याज,Spring Onion (Hariyo Pyaj - हरियो प्याज),Vegetable,Raw spring onion,per 100 g edible portion,43.07,0.447,0.079,0.105,0.221,8.637,3.418,2.115,2.704,0,16.25,83.47,87.52,0.059,37.69,0,0.079,0.652,0.272,0.125,19.62,0,0.487,26.61,30.44,0.088,0.8,21.83,0.238,47.47,226.2,0.603,0.38,31.34,"Approximate; raw foods reference-style, prepared foods recipe estimate"
516,Leek,Leek,लिक,Leek (Leek - लिक),Vegetable,Cooked leek,per 100 g edible portion,43.68,0.438,0.078,0.11,0.175,8.334,2.8,1.87,2.542,0,17.97,100.3,100.5,0.059,39.83,0,0.072,0.717,0.273,0.123,17.33,0,0.551,21.19,34.53,0.104,0.871,21.77,0.259,45.32,284.9,0.762,0.444,30.25,"Approximate; raw foods reference-style, prepared foods recipe estimate"
517,Turnip Greens,Salgam ko Saag,सलगमको साग,Turnip Greens (Salgam ko Saag - सलगमको साग),Leafy Vegetable,Cooked turnip greens,per 100 g edible portion,30.34,0.601,0.109,0.098,0.275,4.83,1.218,2.851,3.844,0,60.34,85.19,432.1,0.075,94.52,0,0.14,1.065,0.354,0.216,24.05,0,1.467,223.6,113.3,0.179,2.259,52.14,0.792,58.05,371.1,0.965,0.587,50.72,"Approximate; raw foods reference-style, prepared foods recipe estimate"
518,Beet Greens,Chukandar ko Saag,चुकन्दरको साग,Beet Greens (Chukandar ko Saag - चुकन्दरको साग),Leafy Vegetable,Cooked beet greens,per 100 g edible portion,36.72,0.59,0.107,0.099,0.269,5.167,1.334,3.371,3.901,0,61.81,78.61,363.7,0.088,95.07,0,0.156,0.884,0.389,0.199,21.54,0,1.313,250.4,111.3,0.188,2.206,49.4,0.786,52.22,421.1,1.093,0.618,52.4,"Approximate; raw foods reference-style, prepared foods recipe estimate"
519,Curry Leaves,Kari Patta,करी पत्ता,Curry Leaves (Kari Patta - करी पत्ता),Herb,Fresh curry leaves,per 100 g edible portion,50.31,0.908,0.2,0.175,0.407,6.891,1.124,3.865,4.494,0,52.79,82.0,297.6,0.087,70.06,0,0.157,0.862,0.38,0.208,33.97,0,1.571,285.0,151.7,0.226,3.074,45.24,0.782,62.55,508.0,0.94,0.709,64.31,"Approximate; raw foods reference-style, prepared foods recipe estimate"
520,Mint Leaves,Pudina,पुदिना,Mint Leaves (Pudina - पुदिना),Herb,Fresh mint leaves,per 100 g edible portion,45.69,1.036,0.197,0.212,0.352,7.4,1.111,3.355,5.497,0,55.72,84.45,294.2,0.081,76.45,0,0.15,1.0,0.355,0.197,28.39,0,1.598,282.0,132.1,0.218,2.882,49.0,0.702,53.45,449.1,0.893,0.718,64.07,"Approximate; raw foods reference-style, prepared foods recipe estimate"
521,Basil Leaves,Tulsi Pat,तुलसी पात,Basil Leaves (Tulsi Pat - तुलसी पात),Herb,Fresh basil leaves,per 100 g edible portion,50.43,0.933,0.199,0.204,0.424,6.522,0.879,3.737,5.029,0,59.51,79.33,350.8,0.091,80.94,0,0.147,0.896,0.445,0.213,32.4,0,1.614,237.0,131.9,0.219,2.793,51.45,0.719,57.42,421.6,0.889,0.723,63.78,"Approximate; raw foods reference-style, prepared foods recipe estimate"
522,Holy Basil Tea,Tulsi Chiya,तुलसी चिया,Holy Basil Tea (Tulsi Chiya - तुलसी चिया),Beverage,Unsweetened tulsi tea,per 100 g edible portion,44.09,1.429,0.831,0.435,0.104,6.685,5.585,1.091,0.095,4.999,23.67,79.35,16.14,0.018,2.86,0.192,0.079,0.098,0.198,0.018,2.233,0.056,0.057,0.173,43.99,0.01,0.044,7.578,0.034,30.53,64.25,1.059,0.218,8.02,"Approximate; raw foods reference-style, prepared foods recipe estimate"
523,Dill Leaves,Suwa ko Saag,सुवा साग,Dill Leaves (Suwa ko Saag - सुवा साग),Leafy Vegetable,Cooked dill greens,per 100 g edible portion,37.81,0.635,0.106,0.091,0.236,4.677,1.096,3.313,3.789,0,60.23,94.41,316.5,0.079,106.2,0,0.163,0.893,0.302,0.19,25.44,0,1.191,284.2,124.7,0.183,2.307,50.59,0.684,53.54,389.6,1.115,0.623,53.14,"Approximate; raw foods reference-style, prepared foods recipe estimate"
524,Garden Cress Seeds,Chamsur ko Biu,चम्सुरको बिउ,Garden Cress Seeds (Chamsur ko Biu - चम्सुरको बिउ),Nut/Seed,Garden cress seeds,per 100 g edible portion,581.0,42.08,5.22,15.72,20.27,17.23,3.206,18.95,7.818,0,7.911,4.379,0.881,0.516,83.88,0,0.204,3.591,0.779,0.438,1.123,0,7.019,4.641,172.6,1.323,4.415,264.3,1.862,525.7,597.2,10.68,3.878,100,"Approximate; raw foods reference-style, prepared foods recipe estimate"
525,Raw Bamboo Shoot,Kacho Tama,काँचो तामा,Raw Bamboo Shoot (Kacho Tama - काँचो तामा),Vegetable,Fresh bamboo shoot,per 100 g edible portion,43.12,0.537,0.083,0.113,0.207,7.282,2.64,1.786,2.487,0,14.92,85.94,90.62,0.055,34.16,0,0.062,0.77,0.335,0.131,20.31,0,0.485,25.48,38.26,0.103,0.905,21.51,0.274,39.87,244.3,0.779,0.454,30.16,"Approximate; raw foods reference-style, prepared foods recipe estimate"
526,Fermented Bamboo Shoot,Amliso Tama,अमिलो तामा,Fermented Bamboo Shoot (Amliso Tama - अमिलो तामा),Fermented Food,Fermented bamboo shoot,per 100 g edible portion,45.63,0.49,0.1,0.109,0.191,6.696,1.035,3.236,4.706,0,247.1,92.4,181.8,0.088,52.2,0.057,0.12,1.081,0.349,0.218,14.33,0,0.87,137.6,103.5,0.195,1.909,45.04,0.764,71.71,333.2,0.88,0.747,51.68,"Approximate; raw foods reference-style, prepared foods recipe estimate"
527,Fermented Mustard Greens,Rayo Gundruk,रायो गुन्द्रुक,Fermented Mustard Greens (Rayo Gundruk - रायो गुन्द्रुक),Fermented Food,Fermented mustard greens,per 100 g edible portion,41.26,0.506,0.11,0.109,0.175,6.117,1.213,3.182,4.014,0,285.6,86.48,242.8,0.079,41.83,0.055,0.106,0.982,0.347,0.199,14.78,0,0.715,144.5,87.53,0.215,2.065,38.91,0.746,61.76,320.2,0.938,0.764,47.53,"Approximate; raw foods reference-style, prepared foods recipe estimate"
528,Fermented Radish Leaves,Mula Gundruk,मूला गुन्द्रुक,Fermented Radish Leaves (Mula Gundruk - मूला गुन्द्रुक),Fermented Food,Fermented radish leaves,per 100 g edible portion,45.4,0.457,0.087,0.106,0.195,6.915,1.25,3.102,5.007,0,342.0,76.74,181.2,0.078,45.9,0.043,0.112,1.108,0.366,0.193,15.5,0,0.718,143.3,86.21,0.225,1.974,46.36,0.779,58.0,357.3,1.13,0.619,52.58,"Approximate; raw foods reference-style, prepared foods recipe estimate"
529,Fermented Cauliflower Leaves,Kauli Gundruk,काउली गुन्द्रुक,Fermented Cauliflower Leaves (Kauli Gundruk - काउली गुन्द्रुक),Fermented Food,Fermented cauliflower leaves,per 100 g edible portion,40.75,0.498,0.096,0.097,0.192,7.801,1.053,3.362,4.124,0,279.6,86.78,201.4,0.089,44.74,0.043,0.13,1.005,0.367,0.218,13.27,0,0.852,155.8,102.9,0.208,1.99,40.19,0.74,70.76,317.9,0.872,0.654,48.9,"Approximate; raw foods reference-style, prepared foods recipe estimate"
530,Dry Gundruk,Sukha Gundruk,सुक्खा गुन्द्रुक,Dry Gundruk (Sukha Gundruk - सुक्खा गुन्द्रुक),Fermented Food,Dried fermented greens,per 100 g edible portion,37.3,0.549,0.106,0.111,0.173,6.548,1.144,2.616,4.602,0,319.9,86.59,188.1,0.074,54.08,0.041,0.132,1.074,0.394,0.197,14.72,0,0.798,149.3,95.43,0.219,2.239,43.51,0.719,73.27,288.9,0.872,0.739,48.95,"Approximate; raw foods reference-style, prepared foods recipe estimate"
531,Dry Sinki,Sukha Sinki,सुक्खा सिन्की,Dry Sinki (Sukha Sinki - सुक्खा सिन्की),Fermented Food,Dried fermented radish,per 100 g edible portion,40.7,0.443,0.096,0.096,0.199,6.505,1.121,3.141,4.481,0,329.8,89.3,243.8,0.076,53.11,0.043,0.123,0.922,0.431,0.176,14.48,0,0.753,158.7,100.1,0.224,2.147,47.09,0.729,62.92,341.3,0.962,0.673,50.95,"Approximate; raw foods reference-style, prepared foods recipe estimate"
532,Cucumber Salad,Kakro Salad,काँक्रो सलाद,Cucumber Salad (Kakro Salad - काँक्रो सलाद),Snack,Cucumber salad,per 100 g edible portion,205.3,5.984,2.33,3.967,3.889,34.27,3.697,5.32,2.743,5.567,271.0,86,21.0,0.11,27.11,0.045,0.091,1.78,0.285,0.129,4.011,0,1.06,5.375,36.63,0.168,1.635,40.81,0.624,136.8,252.6,4.826,0.964,42.59,"Approximate; raw foods reference-style, prepared foods recipe estimate"
533,Tomato Salad,Golbheda Salad,गोलभेँडा सलाद,Tomato Salad (Golbheda Salad - गोलभेँडा सलाद),Snack,Tomato salad,per 100 g edible portion,180.2,6.277,2.105,4.117,4.664,36.45,3.706,5.404,3.248,6.774,358.1,86,18.28,0.118,34.37,0.058,0.07,1.6,0.278,0.162,3.489,0,1.083,4.569,35.67,0.167,1.841,44.55,0.611,122.2,270.1,4.749,1.036,45.93,"Approximate; raw foods reference-style, prepared foods recipe estimate"
534,Radish Salad,Mula Salad,मूला सलाद,Radish Salad (Mula Salad - मूला सलाद),Snack,Radish salad,per 100 g edible portion,187.9,5.821,2.44,3.644,4.069,29.09,4.353,5.906,2.779,5.464,284.6,86,16.52,0.109,29.23,0.059,0.081,1.541,0.292,0.156,3.747,0,0.951,4.485,31.72,0.201,1.596,40.55,0.477,128.1,230.5,5.373,1.117,44.13,"Approximate; raw foods reference-style, prepared foods recipe estimate"
535,Carrot Salad,Gajar Salad,गाजर सलाद,Carrot Salad (Gajar Salad - गाजर सलाद),Snack,Carrot salad,per 100 g edible portion,182.4,6.595,2.211,4.417,4.606,34.53,4.406,6.539,2.992,6.015,336.0,86,17.91,0.107,29.43,0.05,0.069,1.491,0.268,0.16,3.625,0,1.216,5.095,38.63,0.165,1.944,46.75,0.604,119.2,241.2,4.34,1.049,48.86,"Approximate; raw foods reference-style, prepared foods recipe estimate"
536,Mixed Salad,Mishrit Salad,मिश्रित सलाद,Mixed Salad (Mishrit Salad - मिश्रित सलाद),Snack,Mixed raw vegetable salad,per 100 g edible portion,169.5,5.618,2.143,3.972,4.412,36.25,4.419,6.052,2.949,5.365,303.8,86,22.04,0.134,29.7,0.058,0.089,1.654,0.328,0.159,3.835,0,1.014,4.419,39.67,0.177,1.556,36.15,0.589,108.3,234.1,5.382,0.942,45.5,"Approximate; raw foods reference-style, prepared foods recipe estimate"
537,Sprout Salad,Ankurit Salad,अंकुरित सलाद,Sprout Salad (Ankurit Salad - अंकुरित सलाद),Snack,Mixed sprout salad,per 100 g edible portion,156.8,5.847,2.291,4.446,4.578,35.79,4.312,6.37,3.095,6.344,379.9,86,17.5,0.136,32.6,0.052,0.081,1.781,0.315,0.159,3.476,0,1.073,4.751,31.98,0.202,1.87,36.96,0.486,114.6,257.9,4.57,1.108,47.88,"Approximate; raw foods reference-style, prepared foods recipe estimate"
538,Boiled Vegetable Mix,Usineko Tarkari,उसिनेको तरकारी,Boiled Vegetable Mix (Usineko Tarkari - उसिनेको तरकारी),Vegetable,Mixed boiled vegetables,per 100 g edible portion,39.79,0.528,0.082,0.086,0.211,7.907,3.287,1.905,2.421,0,20.29,95.22,82.71,0.061,39.7,0,0.077,0.659,0.302,0.125,16.39,0,0.564,20.65,36.04,0.098,0.754,19.57,0.268,47.98,221.7,0.78,0.407,28.55,"Approximate; raw foods reference-style, prepared foods recipe estimate"
539,Steamed Vegetable Mix,Bafeko Tarkari,बाफेको तरकारी,Steamed Vegetable Mix (Bafeko Tarkari - बाफेको तरकारी),Vegetable,Mixed steamed vegetables,per 100 g edible portion,42.49,0.547,0.078,0.105,0.208,8.196,2.953,2.243,2.352,0,18.35,87.67,80.79,0.06,34.35,0,0.061,0.614,0.276,0.119,18.98,0,0.491,26.84,34.48,0.102,0.768,24.4,0.216,45.23,273.3,0.705,0.424,30.82,"Approximate; raw foods reference-style, prepared foods recipe estimate"
540,Turmeric,Besar,बेसार,Turmeric (Besar - बेसार),Spice,Ground turmeric,per 100 g edible portion,293.6,8.69,2.106,3.416,4.404,50.28,4.358,10.58,17.26,0,39.27,8.974,102.9,0.21,26.25,0,0.208,3.105,0.472,0.423,7.24,0,3.409,20.62,272.8,0.747,8.327,161.8,2.476,246.8,876.3,7.454,2.613,100,"Approximate; raw foods reference-style, prepared foods recipe estimate"
541,Cumin Seed,Jeera,जिरा,Cumin Seed (Jeera - जिरा),Spice,Whole cumin seed,per 100 g edible portion,300.3,10.26,1.897,3.371,4.18,43.18,4.414,10.96,18.1,0,40.27,7.015,97.61,0.216,33.14,0,0.185,3.098,0.547,0.427,8.516,0,3.077,19.2,229.3,0.773,7.953,164.6,2.484,230.0,800.9,8.96,2.798,100,"Approximate; raw foods reference-style, prepared foods recipe estimate"
542,Coriander Seed,Dhaniya Dana,धनियाँ दाना,Coriander Seed (Dhaniya Dana - धनियाँ दाना),Spice,Whole coriander seed,per 100 g edible portion,334.0,8.922,1.911,3.363,4.258,43.84,3.905,10.74,19.65,0,37.38,7.027,107.5,0.216,25.52,0,0.186,2.799,0.462,0.392,7.835,0,3.161,18.24,234.0,0.753,7.161,195.2,2.186,238.7,811.3,8.408,3.352,100,"Approximate; raw foods reference-style, prepared foods recipe estimate"
543,Fenugreek Seed,Methi Dana,मेथी दाना,Fenugreek Seed (Methi Dana - मेथी दाना),Spice,Whole fenugreek seed,per 100 g edible portion,275.9,9.537,1.958,3.032,3.819,50.87,4.194,9.153,20.25,0,34.28,7.909,101.4,0.175,32.77,0,0.225,3.027,0.552,0.43,8.383,0,2.628,19.76,278.0,0.868,7.213,198.9,2.643,257.2,920.0,9.003,2.863,100,"Approximate; raw foods reference-style, prepared foods recipe estimate"
544,Fennel Seed,Saunf,सौंफ,Fennel Seed (Saunf - सौंफ),Spice,Whole fennel seed,per 100 g edible portion,289.9,11.02,2.018,3.084,3.526,50.75,4.149,8.976,18.4,0,37.56,7.041,116.8,0.181,28.32,0,0.219,3.059,0.55,0.436,7.581,0,3.402,21.97,223.7,0.761,9.083,172.8,2.479,248.3,827.1,7.098,2.88,100,"Approximate; raw foods reference-style, prepared foods recipe estimate"
545,Carom Seed,Jwano,ज्वानो,Carom Seed (Jwano - ज्वानो),Spice,Carom seed,per 100 g edible portion,305.0,9.044,2.038,2.637,4.265,41.72,3.611,9.166,17.58,0,37.24,7.136,97.41,0.207,30.88,0,0.21,2.785,0.466,0.419,8.178,0,2.92,21.59,254.6,0.909,7.169,159.7,2.15,250.4,902.9,8.195,3.11,100,"Approximate; raw foods reference-style, prepared foods recipe estimate"
546,Black Cumin,Kalo Jeera,कालो जिरा,Black Cumin (Kalo Jeera - कालो जिरा),Spice,Black cumin seed,per 100 g edible portion,340.2,9.458,2.099,2.768,4.099,45.43,4.201,9.499,19.91,0,32.76,7.596,93.58,0.195,29.4,0,0.189,2.673,0.553,0.345,8.845,0,2.723,22.7,266.6,0.9,7.512,157.2,2.817,250.5,784.9,8.362,3.058,100,"Approximate; raw foods reference-style, prepared foods recipe estimate"
547,Sichuan Pepper,Timur,टिमुर,Sichuan Pepper (Timur - टिमुर),Spice,Dried Sichuan pepper,per 100 g edible portion,291.2,9.456,1.876,2.874,3.674,45.78,3.896,9.653,18.59,0,35.05,7.805,92.41,0.225,27.94,0,0.186,2.945,0.492,0.362,8.481,0,2.899,23.23,255.7,0.782,7.848,201.0,2.584,267.2,820.0,7.836,2.903,100,"Approximate; raw foods reference-style, prepared foods recipe estimate"
548,Black Pepper,Marich,मरिच,Black Pepper (Marich - मरिच),Spice,Ground black pepper,per 100 g edible portion,333.2,10.04,1.855,3.41,3.447,39.58,4.114,10.12,21.12,0,29.62,8.068,84.49,0.188,28.19,0,0.205,2.912,0.527,0.442,8.514,0,2.757,20.69,263.6,0.843,8.98,170.6,2.283,273.0,972.2,8.236,2.733,100,"Approximate; raw foods reference-style, prepared foods recipe estimate"
549,White Pepper,Seto Marich,सेतो मरिच,White Pepper (Seto Marich - सेतो मरिच),Spice,Ground white pepper,per 100 g edible portion,303.0,8.803,2.0,3.394,4.558,46.85,4.259,11.12,17.25,0,32.58,8.857,96.48,0.206,34.92,0,0.22,3.083,0.441,0.374,8.269,0,2.681,19.51,253.6,0.835,7.823,176.8,2.438,272.8,803.5,7.778,2.983,100,"Approximate; raw foods reference-style, prepared foods recipe estimate"
550,Dry Red Chili,Sukeko Khursani,सुकेको खुर्सानी,Dry Red Chili (Sukeko Khursani - सुकेको खुर्सानी),Spice,Dried red chili,per 100 g edible portion,268.0,11.32,2.215,3.386,4.319,40.17,4.021,9.65,19.34,0,36.92,7.522,97.62,0.221,25.82,0,0.187,2.752,0.471,0.361,7.918,0,2.934,22.28,231.9,0.732,8.804,168.2,2.315,223.3,1003.0,8.064,3.025,100,"Approximate; raw foods reference-style, prepared foods recipe estimate"
551,Red Chili Powder,Khursani Dhulo,खुर्सानी धुलो,Red Chili Powder (Khursani Dhulo - खुर्सानी धुलो),Spice,Ground red chili,per 100 g edible portion,306.0,10.5,1.962,3.017,4.523,45.84,4.303,8.982,20.06,0,37.45,7.37,97.24,0.184,33.85,0,0.181,3.093,0.53,0.403,8.94,0,3.285,18.89,219.0,0.747,7.357,168.6,2.179,253.8,826.4,8.123,2.89,100,"Approximate; raw foods reference-style, prepared foods recipe estimate"
552,Paprika,Paprika,पाप्रिका,Paprika (Paprika - पाप्रिका),Spice,Ground paprika,per 100 g edible portion,335.3,9.919,2.028,3.295,4.202,47.54,4.361,9.73,19.73,0,31.73,8.463,93.04,0.197,31.39,0,0.175,2.683,0.48,0.415,7.613,0,2.759,20.19,248.4,0.786,8.279,192.4,2.585,219.6,857.6,8.67,2.908,100,"Approximate; raw foods reference-style, prepared foods recipe estimate"
553,Cinnamon,Dalchini,दालचिनी,Cinnamon (Dalchini - दालचिनी),Spice,Ground cinnamon,per 100 g edible portion,264.4,9.692,2.272,2.913,3.695,48.17,4.516,9.531,18.62,0,30.33,8.706,82.59,0.221,29.44,0,0.196,2.812,0.432,0.447,8.559,0,3.262,19.19,231.2,0.835,8.156,180.1,2.18,280.9,976.5,7.458,3.395,100,"Approximate; raw foods reference-style, prepared foods recipe estimate"
554,Clove,Lwang,ल्वाङ,Clove (Lwang - ल्वाङ),Spice,Whole cloves,per 100 g edible portion,295.3,11.36,2.12,3.386,4.494,47.14,4.133,9.14,22.78,0,37.5,6.984,110.7,0.227,28.67,0,0.209,2.779,0.549,0.368,7.276,0,2.889,16.43,218.8,0.749,7.144,201.9,2.828,240.6,1021.0,8.293,2.689,100,"Approximate; raw foods reference-style, prepared foods recipe estimate"
555,Green Cardamom,Sukumel,सुकुमेल,Green Cardamom (Sukumel - सुकुमेल),Spice,Green cardamom,per 100 g edible portion,303.9,9.787,2.083,2.617,4.471,47.9,4.258,10.96,17.25,0,29.04,7.878,117.3,0.202,27.61,0,0.214,3.298,0.548,0.36,8.622,0,2.995,21.81,277.0,0.806,8.101,194.0,2.307,235.0,980.7,8.005,3.385,100,"Approximate; raw foods reference-style, prepared foods recipe estimate"
556,Black Cardamom,Alaichi,अलैंची,Black Cardamom (Alaichi - अलैंची),Spice,Black cardamom,per 100 g edible portion,291.7,9.819,1.936,3.082,4.186,44.42,3.985,9.429,22.05,0,36.07,8.655,116.6,0.223,34.02,0,0.185,3.293,0.535,0.4,9.102,0,2.817,20.32,227.0,0.873,7.758,185.1,2.253,255.4,883.7,7.723,3.311,100,"Approximate; raw foods reference-style, prepared foods recipe estimate"
557,Bay Leaf,Tejpat,तेजपात,Bay Leaf (Tejpat - तेजपात),Spice,Dried bay leaf,per 100 g edible portion,301.6,11.11,1.768,2.858,3.484,44.47,4.384,10.96,18.54,0,30.15,7.137,90.53,0.176,35.34,0,0.188,3.266,0.522,0.362,7.298,0,2.791,17.43,217.7,0.843,7.571,190.2,2.641,263.6,850.5,8.291,2.956,100,"Approximate; raw foods reference-style, prepared foods recipe estimate"
558,Nutmeg,Jaiphal,जायफल,Nutmeg (Jaiphal - जायफल),Spice,Ground nutmeg,per 100 g edible portion,310.7,8.665,1.842,2.789,3.607,45.06,3.694,9.95,22.05,0,29.75,7.175,115.1,0.221,34.79,0,0.186,3.317,0.462,0.38,7.778,0,2.846,18.7,230.4,0.88,8.943,188.6,2.317,248.7,883.4,8.945,3.398,100,"Approximate; raw foods reference-style, prepared foods recipe estimate"
559,Mace,Javitri,जावित्री,Mace (Javitri - जावित्री),Spice,Dried mace,per 100 g edible portion,319.9,8.673,2.165,2.602,4.314,45.25,4.472,11.08,21.76,0,35.17,8.123,93.33,0.21,32.18,0,0.19,3.136,0.517,0.402,8.386,0,3.228,17.71,226.7,0.704,8.538,167.4,2.413,260.4,793.7,7.229,2.848,100,"Approximate; raw foods reference-style, prepared foods recipe estimate"
560,Asafoetida,Hing,हिङ,Asafoetida (Hing - हिङ),Spice,Asafoetida powder,per 100 g edible portion,285.6,10.8,1.876,2.582,4.085,42.96,3.648,11.15,18.95,0,32.3,7.734,91.6,0.204,29.93,0,0.175,3.203,0.56,0.436,6.955,0,3.221,17.15,253.2,0.816,8.277,197.9,2.652,253.9,922.5,7.372,2.598,100,"Approximate; raw foods reference-style, prepared foods recipe estimate"
561,Dry Ginger Powder,Sutho,सुठो,Dry Ginger Powder (Sutho - सुठो),Spice,Ground dry ginger,per 100 g edible portion,315.1,9.02,1.985,2.657,3.685,47.83,4.197,10.31,21.9,0,34.37,7.02,88.04,0.204,33.66,0,0.185,3.27,0.451,0.381,7.105,0,2.956,21.13,265.5,0.824,7.752,185.3,2.564,227.5,839.0,7.067,2.634,100,"Approximate; raw foods reference-style, prepared foods recipe estimate"
562,Garlic Powder,Lasun Dhulo,लसुन धुलो,Garlic Powder (Lasun Dhulo - लसुन धुलो),Spice,Garlic powder,per 100 g edible portion,282.0,9.949,1.769,3.375,3.797,43.17,3.618,9.219,22.15,0,29.78,7.653,114.6,0.214,31.47,0,0.214,3.301,0.453,0.362,8.535,0,3.269,19.73,225.0,0.896,7.116,163.4,2.641,264.7,790.4,7.833,2.773,100,"Approximate; raw foods reference-style, prepared foods recipe estimate"
563,Onion Powder,Pyaj Dhulo,प्याज धुलो,Onion Powder (Pyaj Dhulo - प्याज धुलो),Spice,Onion powder,per 100 g edible portion,275.3,10.45,1.875,2.649,3.479,47.23,3.984,9.146,18.6,0,40.35,8.635,94.94,0.213,30.26,0,0.21,2.585,0.498,0.4,7.183,0,2.609,18.62,231.1,0.879,8.115,170.2,2.729,275.0,812.7,8.657,3.227,100,"Approximate; raw foods reference-style, prepared foods recipe estimate"
564,Curry Powder,Curry Masala,करी मसला,Curry Powder (Curry Masala - करी मसला),Spice,Mixed curry powder,per 100 g edible portion,339.4,10.1,1.88,2.99,3.901,41.46,3.774,8.916,22.79,0,35.71,7.605,86.19,0.178,32.79,0,0.194,2.88,0.457,0.393,8.861,0,2.857,23.41,247.6,0.87,7.547,197.2,2.811,229.1,903.3,8.531,2.748,100,"Approximate; raw foods reference-style, prepared foods recipe estimate"
565,Garam Masala,Garam Masala,गरम मसला,Garam Masala (Garam Masala - गरम मसला),Spice,Mixed garam masala,per 100 g edible portion,278.2,10.44,1.943,3.047,4.115,49.78,4.272,11.03,19.03,0,38.78,8.508,98.3,0.18,32.76,0,0.204,3.016,0.483,0.398,7.684,0,3.202,21.69,270.8,0.851,8.894,168.0,2.175,231.6,796.8,8.434,2.935,100,"Approximate; raw foods reference-style, prepared foods recipe estimate"
566,Meat Masala,Masu Masala,मासु मसला,Meat Masala (Masu Masala - मासु मसला),Spice,Mixed meat spice,per 100 g edible portion,335.9,9.435,2.089,2.677,4.399,48.22,3.541,8.961,18.95,0,32.25,8.566,104.7,0.226,33.48,0,0.224,2.726,0.433,0.396,7.609,0,3.321,21.97,259.1,0.744,8.97,156.1,2.635,236.5,914.6,8.699,2.807,100,"Approximate; raw foods reference-style, prepared foods recipe estimate"
567,Momo Masala,Momo Masala,मोमो मसला,Momo Masala (Momo Masala - मोमो मसला),Spice,Mixed momo spice,per 100 g edible portion,267.9,10.11,1.858,2.726,3.803,43.21,4.333,9.748,17.38,0,36.11,9.015,108.9,0.175,28.15,0,0.182,2.593,0.486,0.426,7.614,0,2.996,19.73,279.5,0.741,7.466,161.5,2.153,248.6,929.5,7.931,3.226,100,"Approximate; raw foods reference-style, prepared foods recipe estimate"
568,Chaat Masala,Chaat Masala,चाट मसला,Chaat Masala (Chaat Masala - चाट मसला),Spice,Mixed chaat seasoning,per 100 g edible portion,285.8,8.807,2.167,2.649,3.904,46.19,4.172,8.921,21.04,0,30.11,7.021,82.31,0.216,25.94,0,0.222,2.917,0.502,0.446,7.481,0,3.125,19.02,228.7,0.89,7.362,155.6,2.629,258.4,956.5,8.274,3.068,100,"Approximate; raw foods reference-style, prepared foods recipe estimate"
569,Rock Salt,Sendha Nun,सेंधा नुन,Rock Salt (Sendha Nun - सेंधा नुन),Spice,Rock salt,per 100 g edible portion,0,0,0,0,0,0,0,0,0,0,39000,0.2,84.32,0.177,32.08,0,0.22,2.694,0.534,0.396,8.799,0,2.885,17.25,258.7,0.91,8.542,188.8,2.448,215.8,866.0,7.925,3.01,45.84,"Approximate; raw foods reference-style, prepared foods recipe estimate"
570,Black Salt,Bire Nun,बिरे नुन,Black Salt (Bire Nun - बिरे नुन),Spice,Black salt,per 100 g edible portion,0,0,0,0,0,0,0,0,0,0,39000,0.2,104.0,0.184,34.8,0,0.201,3.267,0.472,0.349,7.814,0,3.048,22.91,236.9,0.825,7.564,175.2,2.548,234.1,977.5,8.479,3.293,45.51,"Approximate; raw foods reference-style, prepared foods recipe estimate"
571,Table Salt,Nun,नुन,Table Salt (Nun - नुन),Spice,Iodized table salt,per 100 g edible portion,0,0,0,0,0,0,0,0,0,0,39000,0.2,117.2,0.224,35.19,0,0.227,3.376,0.558,0.402,7.994,0,3.134,22.85,274.2,0.809,7.176,159.3,2.396,263.3,874.5,9.046,3.24,44.06,"Approximate; raw foods reference-style, prepared foods recipe estimate"
572,Jimbu,Jimbu,जिम्बु,Jimbu (Jimbu - जिम्बु),Herb,Dried Himalayan herb,per 100 g edible portion,43.51,0.919,0.212,0.221,0.449,6.029,0.931,3.656,5.296,0,68.89,72.35,294.4,0.074,82.89,0,0.151,1.058,0.408,0.195,30.69,0,1.68,251.8,167.4,0.198,2.933,46.84,0.828,58.15,414.9,1.065,0.798,65.94,"Approximate; raw foods reference-style, prepared foods recipe estimate"
573,Dried Mint,Sukeko Pudina,सुकेको पुदिना,Dried Mint (Sukeko Pudina - सुकेको पुदिना),Herb,Dried mint leaves,per 100 g edible portion,43.23,1.117,0.198,0.204,0.41,7.869,1.118,3.535,5.296,0,61.02,72.15,252.6,0.082,73.89,0,0.158,0.885,0.433,0.176,29.26,0,1.515,253.7,154.8,0.2,3.368,51.61,0.77,53.06,496.0,0.875,0.711,66.82,"Approximate; raw foods reference-style, prepared foods recipe estimate"
574,Kasuri Methi,Sukeko Methi,सुकेको मेथी,Kasuri Methi (Sukeko Methi - सुकेको मेथी),Herb,Dried fenugreek leaves,per 100 g edible portion,50.91,1.074,0.185,0.214,0.368,6.633,0.934,3.391,4.666,0,56.18,71.56,346.0,0.072,87.98,0,0.152,1.092,0.396,0.197,26.11,0,1.478,206.9,135.5,0.212,3.398,45.75,0.761,60.78,397.2,1.017,0.757,60.42,"Approximate; raw foods reference-style, prepared foods recipe estimate"
575,Buffalo Yogurt,Bhainsi ko Dahi,भैंसीको दही,Buffalo Yogurt (Bhainsi ko Dahi - भैंसीको दही),Dairy,Plain buffalo milk yogurt,per 100 g edible portion,121.9,7.315,4.44,1.661,0.187,5.313,5.377,6.027,0,24.91,61.57,71.59,69.23,0.039,6.865,0.605,0.178,0.162,0.467,0.035,0.48,0.174,0.103,0.434,150.0,0.017,0.113,15.38,0.009,139.3,180.4,3.643,0.612,31.02,"Approximate; raw foods reference-style, prepared foods recipe estimate"
576,Cow Yogurt,Gai ko Dahi,गाईको दही,Cow Yogurt (Gai ko Dahi - गाईको दही),Dairy,Plain cow milk yogurt,per 100 g edible portion,112.1,5.615,4.261,1.82,0.219,5.551,5.392,4.878,0,21.09,72.71,75.7,81.19,0.044,6.865,0.601,0.187,0.142,0.441,0.036,0.443,0.174,0.112,0.355,167.5,0.022,0.096,12.44,0.011,140.7,152.1,3.778,0.66,27.32,"Approximate; raw foods reference-style, prepared foods recipe estimate"
577,Chhurpi Soup,Chhurpi ko Jhol,छुर्पीको झोल,Chhurpi Soup (Chhurpi ko Jhol - छुर्पीको झोल),Prepared Meal,Soup with soft chhurpi,per 100 g edible portion,116.0,6.059,1.477,2.055,2.163,23.64,2.477,7.973,2.545,20.15,443.6,82,57.68,0.096,38.62,0.192,0.071,1.668,0.352,0.158,5.261,0.113,0.65,5.496,29.66,0.15,1.239,28.16,0.326,105.9,201.5,6.508,0.917,48.57,"Approximate; raw foods reference-style, prepared foods recipe estimate"
578,Paneer Curry,Paneer Tarkari,पनीर तरकारी,Paneer Curry (Paneer Tarkari - पनीर तरकारी),Prepared Meal,Paneer curry,per 100 g edible portion,155.0,5.379,1.359,2.261,1.745,26.76,2.346,7.266,2.621,17.31,428.9,68.19,57.77,0.081,30.93,0.235,0.07,1.334,0.369,0.144,5.212,0.103,0.649,6.332,31.46,0.125,1.35,31.91,0.364,101.6,173.3,5.594,0.98,46.7,"Approximate; raw foods reference-style, prepared foods recipe estimate"
579,Matar Paneer,Kerau Paneer,केराउ पनीर,Matar Paneer (Kerau Paneer - केराउ पनीर),Prepared Meal,Peas and paneer curry,per 100 g edible portion,187.1,5.28,1.305,2.371,1.75,21.78,2.285,6.026,2.433,17.07,356.9,63.12,54.28,0.09,34.15,0.182,0.084,1.464,0.373,0.146,6.647,0.091,0.544,6.423,30.81,0.123,1.219,32.64,0.323,101.6,186.1,6.076,0.965,41.75,"Approximate; raw foods reference-style, prepared foods recipe estimate"
580,Palak Paneer,Palungo Paneer,पालुङ्गो पनीर,Palak Paneer (Palungo Paneer - पालुङ्गो पनीर),Prepared Meal,Spinach paneer curry,per 100 g edible portion,161.0,6.05,1.288,2.049,1.751,26.92,2.185,6.837,2.352,17.58,407.5,63.02,58.71,0.097,31.58,0.175,0.087,1.525,0.362,0.151,6.005,0.09,0.538,5.265,30.27,0.132,1.382,30.26,0.342,103.8,218.5,5.168,0.97,44.61,"Approximate; raw foods reference-style, prepared foods recipe estimate"
581,Paneer Bhurji,Paneer Bhurji,पनीर भुर्जी,Paneer Bhurji (Paneer Bhurji - पनीर भुर्जी),Prepared Meal,Crumbled spiced paneer,per 100 g edible portion,181.3,5.674,1.205,2.054,2.137,22.44,2.209,6.926,2.363,18.24,421.1,65.06,54.46,0.083,30.45,0.165,0.072,1.668,0.314,0.161,6.59,0.095,0.565,5.035,32.82,0.126,1.292,30.96,0.302,111.6,209.3,5.697,1.004,44.95,"Approximate; raw foods reference-style, prepared foods recipe estimate"
582,Khoa,Khuwa,खुवा,Khoa (Khuwa - खुवा),Dairy,Concentrated milk solids,per 100 g edible portion,119.2,5.929,3.497,1.932,0.22,5.789,5.409,5.774,0,21.21,63.4,77.27,79.29,0.035,5.616,0.564,0.198,0.16,0.495,0.039,0.516,0.216,0.089,0.34,147.0,0.022,0.101,15.96,0.011,115.3,179.3,3.39,0.575,30.02,"Approximate; raw foods reference-style, prepared foods recipe estimate"
583,Rabri,Rabri,रबडी,Rabri (Rabri - रबडी),Sweet,Sweetened reduced milk,per 100 g edible portion,346.5,11.18,3.71,3.088,1.907,55.9,47.79,4.399,0.9,10.53,107.9,20.91,22.97,0.052,9.133,0.161,0.072,0.566,0.211,0.056,0,0.052,0.555,0.95,48.89,0.071,0.723,16.15,0.134,74.41,91.29,3.191,0.517,23.6,"Approximate; raw foods reference-style, prepared foods recipe estimate"
584,Mishti Dahi,Mitho Dahi,मिठो दही,Mishti Dahi (Mitho Dahi - मिठो दही),Sweet,Sweetened yogurt,per 100 g edible portion,383.2,10.5,4.179,3.622,2.198,53.95,46.04,4.427,1.114,12.4,106.4,22.22,19.0,0.056,7.38,0.129,0.075,0.459,0.221,0.049,0,0.046,0.475,0.829,46.5,0.079,0.874,16.87,0.142,72.1,93.4,3.296,0.458,24.37,"Approximate; raw foods reference-style, prepared foods recipe estimate"
585,Fruit Yogurt,Falful Dahi,फलफूल दही,Fruit Yogurt (Falful Dahi - फलफूल दही),Dairy,Yogurt with fruit,per 100 g edible portion,102.9,5.864,3.559,1.56,0.18,5.678,5.634,5.964,0,21.95,79.11,68.84,88.27,0.038,6.754,0.548,0.227,0.169,0.41,0.036,0.557,0.187,0.094,0.387,179.0,0.023,0.097,13.09,0.011,119.3,183.6,3.453,0.604,32.02,"Approximate; raw foods reference-style, prepared foods recipe estimate"
586,Banana Lassi,Kera Lassi,केरा लस्सी,Banana Lassi (Kera Lassi - केरा लस्सी),Beverage,Banana yogurt drink,per 100 g edible portion,41.16,1.475,0.954,0.425,0.111,7.772,5.334,1.333,0.108,5.405,21.11,101.7,13.87,0.019,2.944,0.231,0.073,0.099,0.187,0.022,2.153,0.047,0.044,0.174,49.51,0.009,0.044,7.7,0.034,30.23,70.66,1.013,0.218,9.23,"Approximate; raw foods reference-style, prepared foods recipe estimate"
587,Mango Lassi,Aap Lassi,आँप लस्सी,Mango Lassi (Aap Lassi - आँप लस्सी),Beverage,Mango yogurt drink,per 100 g edible portion,46.8,1.295,0.924,0.378,0.112,6.859,5.505,1.06,0.095,4.775,21.33,82.7,15.13,0.02,2.864,0.179,0.078,0.103,0.188,0.02,1.777,0.049,0.055,0.21,51.1,0.01,0.046,6.528,0.033,39.24,67.0,1.043,0.212,8.11,"Approximate; raw foods reference-style, prepared foods recipe estimate"
588,Plain Milkshake,Dudh Shake,दूध शेक,Plain Milkshake (Dudh Shake - दूध शेक),Beverage,Milkshake,per 100 g edible portion,39.31,1.307,0.832,0.415,0.1,7.113,6.295,1.312,0.089,4.566,24.46,84.52,14.36,0.022,2.752,0.222,0.065,0.106,0.221,0.018,2.054,0.048,0.057,0.227,48.74,0.009,0.049,7.943,0.026,38.03,65.86,0.975,0.177,8.97,"Approximate; raw foods reference-style, prepared foods recipe estimate"
589,Banana Milkshake,Kera Milkshake,केरा मिल्कशेक,Banana Milkshake (Kera Milkshake - केरा मिल्कशेक),Beverage,Banana milkshake,per 100 g edible portion,44.93,1.406,1.015,0.366,0.094,6.381,5.907,1.155,0.089,4.58,28.79,88.91,17.04,0.022,2.559,0.216,0.068,0.095,0.192,0.02,2.16,0.045,0.047,0.236,46.46,0.009,0.048,6.656,0.032,35.17,60.09,1.131,0.199,8.21,"Approximate; raw foods reference-style, prepared foods recipe estimate"
590,Mango Milkshake,Aap Milkshake,आँप मिल्कशेक,Mango Milkshake (Aap Milkshake - आँप मिल्कशेक),Beverage,Mango milkshake,per 100 g edible portion,44.56,1.522,0.993,0.447,0.109,6.983,6.315,1.164,0.091,4.433,23.27,77.43,15.66,0.021,2.593,0.232,0.061,0.113,0.21,0.018,2.022,0.057,0.044,0.184,48.78,0.01,0.044,6.165,0.027,38.53,66.94,1.069,0.194,8.37,"Approximate; raw foods reference-style, prepared foods recipe estimate"
591,Lemon Water,Kagati Pani,कागती पानी,Lemon Water (Kagati Pani - कागती पानी),Beverage,Lemon water without sugar,per 100 g edible portion,4,0,0,0,0,1.2,0.2,0.1,0.1,0,2,98.5,15.58,0.017,3.422,0.211,0.08,0.102,0.202,0.02,1.798,0.044,0.051,0.196,41.33,0.01,0.055,6.319,0.029,39.03,69.0,0.984,0.209,4.4,"Approximate; raw foods reference-style, prepared foods recipe estimate"
592,Sweet Lemon Water,Mitho Kagati Pani,मिठो कागती पानी,Sweet Lemon Water (Mitho Kagati Pani - मिठो कागती पानी),Beverage,Sweetened lemon water,per 100 g edible portion,35,0,0,0,0,9,8.5,0.1,0.1,0,3,90.5,15.53,0.022,2.898,0.189,0.061,0.087,0.194,0.021,2.09,0.05,0.055,0.224,41.43,0.01,0.044,6.452,0.033,34.35,67.29,0.863,0.209,4.44,"Approximate; raw foods reference-style, prepared foods recipe estimate"
593,Jeera Water,Jeera Pani,जिरा पानी,Jeera Water (Jeera Pani - जिरा पानी),Beverage,Cumin-infused water,per 100 g edible portion,46.27,1.516,0.87,0.348,0.092,7.29,5.735,1.206,0.095,4.597,24.56,94.17,13.95,0.021,3.345,0.179,0.068,0.091,0.201,0.019,1.86,0.044,0.049,0.202,48.65,0.01,0.053,7.121,0.033,35.36,73.65,0.88,0.175,8.64,"Approximate; raw foods reference-style, prepared foods recipe estimate"
594,Jwano Water,Jwano Pani,ज्वानो पानी,Jwano Water (Jwano Pani - ज्वानो पानी),Beverage,Carom-infused water,per 100 g edible portion,45.15,1.628,0.781,0.361,0.109,7.171,5.237,1.27,0.091,5.491,23.76,92.41,16.27,0.018,2.81,0.219,0.07,0.107,0.228,0.019,1.886,0.057,0.047,0.198,43.45,0.01,0.056,7.448,0.027,34.72,57.42,0.945,0.194,8.45,"Approximate; raw foods reference-style, prepared foods recipe estimate"
595,Turmeric Milk,Besar Dudh,बेसार दूध,Turmeric Milk (Besar Dudh - बेसार दूध),Beverage,Milk with turmeric,per 100 g edible portion,46.96,1.325,0.814,0.401,0.101,6.173,6.304,1.089,0.09,5.152,28.05,85.89,17.1,0.02,3.389,0.17,0.06,0.089,0.19,0.022,1.792,0.046,0.056,0.23,43.6,0.009,0.045,6.573,0.033,32.43,70.17,0.879,0.209,7.88,"Approximate; raw foods reference-style, prepared foods recipe estimate"
596,Hot Chocolate,Chocolate Dudh,चकलेट दूध,Hot Chocolate (Chocolate Dudh - चकलेट दूध),Beverage,Sweetened cocoa milk,per 100 g edible portion,43.84,1.556,0.997,0.387,0.096,6.332,6.479,1.117,0.102,5.385,21.9,102.3,17.35,0.019,3.202,0.226,0.071,0.092,0.187,0.02,1.941,0.049,0.05,0.18,39.85,0.009,0.053,6.611,0.029,33.61,72.35,1.078,0.205,7.93,"Approximate; raw foods reference-style, prepared foods recipe estimate"
597,Cocoa Powder,Cocoa Dhulo,कोको धुलो,Cocoa Powder (Cocoa Dhulo - कोको धुलो),Spice,Unsweetened cocoa powder,per 100 g edible portion,228,13.7,8.1,4.6,0.4,57.9,1.8,19.6,37,0,21,3,112.2,0.176,31.42,0,0.198,2.914,0.438,0.45,7.445,0,3.108,17.12,278.0,0.804,9.109,155.7,2.479,255.2,843.0,8.971,2.663,100,"Approximate; raw foods reference-style, prepared foods recipe estimate"
598,Milk Biscuit,Dudh Biscuit,दूध बिस्कुट,Milk Biscuit (Dudh Biscuit - दूध बिस्कुट),Snack,Plain milk biscuit,per 100 g edible portion,264.8,10.78,2.078,4.465,4.057,31.66,3.808,5.378,2.638,6.036,486.4,36.48,22.91,0.136,34.48,0.048,0.09,1.802,0.265,0.137,3.813,0,0.97,5.052,30.85,0.186,1.557,46.69,0.62,105.1,241.8,4.363,1.13,41.78,"Approximate; raw foods reference-style, prepared foods recipe estimate"
599,Glucose Biscuit,Glucose Biscuit,ग्लुकोज बिस्कुट,Glucose Biscuit (Glucose Biscuit - ग्लुकोज बिस्कुट),Snack,Sweet glucose biscuit,per 100 g edible portion,227.7,12.84,2.451,3.836,3.883,30.71,3.846,5.564,3.217,5.164,386.4,42.65,22.32,0.132,29.33,0.041,0.076,1.617,0.312,0.163,4.245,0,1.015,5.122,38.2,0.197,1.944,43.7,0.564,133.4,255.0,5.249,1.073,46.65,"Approximate; raw foods reference-style, prepared foods recipe estimate"
600,Digestive Biscuit,Digestive Biscuit,डाइजेस्टिभ बिस्कुट,Digestive Biscuit (Digestive Biscuit - डाइजेस्टिभ बिस्कुट),Snack,Whole wheat digestive biscuit,per 100 g edible portion,229.0,10.88,2.358,3.958,4.578,35.42,3.701,6.309,2.623,5.359,476.6,38.97,21.61,0.123,34.17,0.045,0.069,1.591,0.289,0.169,4.31,0,1.139,5.61,30.72,0.197,1.562,41.22,0.598,122.6,269.1,4.959,1.086,45.29,"Approximate; raw foods reference-style, prepared foods recipe estimate"
601,Cream Biscuit,Cream Biscuit,क्रिम बिस्कुट,Cream Biscuit (Cream Biscuit - क्रिम बिस्कुट),Snack,Cream-filled biscuit,per 100 g edible portion,232.5,13.65,1.912,4.241,4.066,32.43,4.164,6.78,2.765,6.152,406.0,38.7,23.05,0.124,30.89,0.053,0.089,1.677,0.333,0.133,4.197,0,1.001,5.161,33.17,0.156,1.816,44.24,0.482,107.7,221.1,5.574,0.897,47.87,"Approximate; raw foods reference-style, prepared foods recipe estimate"
602,Plain Bread,Pauroti,पाउरोटी,Plain Bread (Pauroti - पाउरोटी),Bread,White bread,per 100 g edible portion,238.9,4.904,1.079,1.636,2.233,49.64,2.971,9.014,3.627,0,347.9,31.09,4.103,0.179,29.92,0,0.075,2.821,0.337,0.144,0,0,0.59,1.875,24.52,0.217,2.374,54.49,1.069,192.9,178.7,16.41,1.299,59.56,"Approximate; raw foods reference-style, prepared foods recipe estimate"
603,Brown Bread,Khairo Pauroti,खैरो पाउरोटी,Brown Bread (Khairo Pauroti - खैरो पाउरोटी),Bread,Whole wheat bread,per 100 g edible portion,225.8,5.386,1.052,1.438,1.779,41.99,3.263,7.636,4.547,0,376.0,31.03,3.645,0.171,30.92,0,0.086,2.287,0.339,0.133,0,0,0.629,1.753,26.21,0.196,2.316,51.52,1.119,196.9,168.6,14.3,1.591,58.69,"Approximate; raw foods reference-style, prepared foods recipe estimate"
604,Toast,Sekeko Pauroti,सेकेको पाउरोटी,Toast (Sekeko Pauroti - सेकेको पाउरोटी),Bread,Toasted bread,per 100 g edible portion,273.9,5.096,0.885,1.652,1.891,48.29,3.396,7.689,3.91,0,346.7,36.03,3.602,0.174,34.7,0,0.07,2.495,0.371,0.15,0,0,0.567,1.891,30.52,0.223,1.879,51.82,0.933,162.4,199.7,14.33,1.572,55.12,"Approximate; raw foods reference-style, prepared foods recipe estimate"
605,Bread with Butter,Butter Pauroti,बटर पाउरोटी,Bread with Butter (Butter Pauroti - बटर पाउरोटी),Snack,Bread with butter,per 100 g edible portion,228.4,12.53,2.461,3.467,4.785,35.65,3.96,6.301,2.731,6.319,474.9,39.49,16.98,0.126,27.12,0.052,0.078,1.653,0.33,0.129,4.504,0,1.088,5.074,30.89,0.199,2.024,47.05,0.473,126.4,213.6,5.174,1.125,46.58,"Approximate; raw foods reference-style, prepared foods recipe estimate"
606,Bread with Jam,Jam Pauroti,जाम पाउरोटी,Bread with Jam (Jam Pauroti - जाम पाउरोटी),Snack,Bread with fruit jam,per 100 g edible portion,282.1,11.82,2.314,4.138,4.962,29.67,3.987,6.096,2.653,5.336,402.9,37.75,21.43,0.137,25.71,0.043,0.072,1.676,0.279,0.143,3.769,0,1.033,4.545,34.08,0.188,1.87,47.63,0.521,110.2,260.3,5.144,1.108,45.17,"Approximate; raw foods reference-style, prepared foods recipe estimate"
607,Fruit Jam,Falful Jam,फलफूल जाम,Fruit Jam (Falful Jam - फलफूल जाम),Sweet,Sweet fruit preserve,per 100 g edible portion,379.7,9.676,4.474,3.447,2.165,52.26,38.86,3.48,1.024,11.31,108.4,23.73,17.7,0.043,6.599,0.177,0.071,0.485,0.221,0.048,0,0.045,0.548,0.852,47.34,0.088,0.691,17.07,0.168,76.98,112.9,3.046,0.561,20.6,"Approximate; raw foods reference-style, prepared foods recipe estimate"
608,Orange Marmalade,Suntala Marmalade,सुन्तला मार्मलेड,Orange Marmalade (Suntala Marmalade - सुन्तला मार्मलेड),Sweet,Orange marmalade,per 100 g edible portion,309.4,12.2,4.475,3.348,1.932,51.42,40.29,4.431,1.123,11.6,96.04,20.23,19.08,0.047,8.163,0.123,0.072,0.559,0.221,0.049,0,0.05,0.469,0.992,42.83,0.07,0.808,19.0,0.145,65.66,99.27,2.89,0.523,25.52,"Approximate; raw foods reference-style, prepared foods recipe estimate"
609,Peanut Chikki,Badam Chikki,बदाम चिक्की,Peanut Chikki (Badam Chikki - बदाम चिक्की),Sweet,Peanut-jaggery brittle,per 100 g edible portion,393.6,10.58,4.523,3.825,1.955,55.54,45.12,3.595,0.914,10.51,93.48,21.74,20.1,0.047,7.819,0.168,0.062,0.436,0.204,0.048,0,0.045,0.456,0.848,47.1,0.071,0.799,18.37,0.13,78.93,113.6,2.884,0.541,20.58,"Approximate; raw foods reference-style, prepared foods recipe estimate"
610,Sesame Chikki,Til Chikki,तिल चिक्की,Sesame Chikki (Til Chikki - तिल चिक्की),Sweet,Sesame-jaggery brittle,per 100 g edible portion,376.9,11.2,4.282,3.032,2.259,54.91,42.73,3.616,0.956,12.47,105.8,24.06,21.32,0.05,8.468,0.168,0.067,0.438,0.221,0.044,0,0.05,0.53,1.03,40.26,0.081,0.808,17.28,0.148,78.56,90.16,2.684,0.569,20.5,"Approximate; raw foods reference-style, prepared foods recipe estimate"
611,Murki,Murki,मुर्की,Murki (Murki - मुर्की),Sweet,Sugar-coated fried flour snack,per 100 g edible portion,389.6,11.85,3.476,3.046,2.178,51.7,43.93,3.479,0.945,11.76,101.6,22.67,16.86,0.051,7.361,0.124,0.076,0.436,0.209,0.051,0,0.055,0.516,0.87,41.26,0.069,0.83,18.98,0.166,70.0,105.5,2.902,0.514,20.14,"Approximate; raw foods reference-style, prepared foods recipe estimate"
612,Khajuri,Khajuri,खजुरी,Khajuri (Khajuri - खजुरी),Sweet,Traditional fried sweet biscuit,per 100 g edible portion,372.1,12.87,4.348,3.772,2.176,62.6,43.32,4.047,0.952,12.74,88.02,19.38,22.49,0.056,8.715,0.133,0.068,0.459,0.178,0.049,0,0.056,0.53,0.88,47.17,0.083,0.714,19.5,0.14,81.35,98.56,3.215,0.53,22.37,"Approximate; raw foods reference-style, prepared foods recipe estimate"
613,Thekuwa,Thekuwa,ठेकुवा,Thekuwa (Thekuwa - ठेकुवा),Sweet,Terai fried wheat-jaggery cookie,per 100 g edible portion,356.7,13.45,4.498,3.208,2.218,55.69,45.02,4.009,1.107,13.55,105.2,19.43,18.45,0.052,7.719,0.138,0.062,0.513,0.177,0.046,0,0.056,0.502,0.845,47.25,0.07,0.704,16.94,0.13,79.34,106.7,3.399,0.447,23.14,"Approximate; raw foods reference-style, prepared foods recipe estimate"
614,Puwa,Puwa,पुवा,Puwa (Puwa - पुवा),Sweet,Fried sweet flour batter,per 100 g edible portion,376.1,15.51,4.161,3.765,1.91,60.47,46.01,4.295,0.899,11.9,108.4,22.2,20.13,0.049,8.568,0.158,0.075,0.525,0.201,0.054,0,0.052,0.505,0.861,45.98,0.077,0.728,19.83,0.159,64.74,92.8,2.759,0.449,22.85,"Approximate; raw foods reference-style, prepared foods recipe estimate"
615,Thenthuk,Thenthuk,थेन्थुक,Thenthuk (Thenthuk - थेन्थुक),Prepared Meal,Tibetan-Nepali hand-pulled noodle soup,per 100 g edible portion,171.6,6.353,1.321,2.006,2.036,23.32,2.258,6.557,2.538,17.07,403.4,60.68,62.06,0.096,32.0,0.211,0.079,1.35,0.379,0.165,5.33,0.1,0.597,5.286,32.87,0.136,1.357,27.61,0.33,108.9,212.4,5.688,0.931,44.19,"Approximate; raw foods reference-style, prepared foods recipe estimate"
616,Sha Phaley,Sha Phaley,शा फाले,Sha Phaley (Sha Phaley - शा फाले),Snack,Tibetan-style fried meat pie,per 100 g edible portion,293.0,13.82,2.01,3.669,4.513,29.79,3.535,6.112,3.259,5.412,463.6,41.36,22.7,0.129,27.94,0.056,0.083,1.52,0.317,0.165,3.956,0,1.158,5.389,35.89,0.167,1.661,46.29,0.559,109.9,245.2,4.523,0.967,47.22,"Approximate; raw foods reference-style, prepared foods recipe estimate"
617,Tingmo,Tingmo,टिङ्मो,Tingmo (Tingmo - टिङ्मो),Bread,Steamed Tibetan bread,per 100 g edible portion,246.7,5.337,1.063,1.467,2.075,44.17,2.987,7.703,4.097,0,292.7,29.81,3.591,0.187,31.13,0,0.085,2.57,0.381,0.166,0,0,0.541,1.844,27.07,0.182,2.058,60.56,0.913,195.1,172.8,14.81,1.325,56.87,"Approximate; raw foods reference-style, prepared foods recipe estimate"
618,Gyuma,Gyuma,ग्युमा,Gyuma (Gyuma - ग्युमा),Meat,Tibetan blood sausage style dish,per 100 g edible portion,235.2,14.26,5.012,4.964,1.46,2.303,0.708,26.13,0.177,83.24,441.8,52.77,14.66,0.11,7.103,2.007,0.16,5.963,0.777,0.344,0.992,0.191,0.469,2.65,19.42,0.112,2.294,26.06,0.044,178.4,329.7,20.09,3.283,100,"Approximate; raw foods reference-style, prepared foods recipe estimate"
619,Shabalay Veg,Veg Shabalay,भेज शाबाले,Shabalay Veg (Veg Shabalay - भेज शाबाले),Snack,Fried vegetable stuffed bread,per 100 g edible portion,330.4,14.28,2.07,4.063,4.483,30.86,4.353,6.073,2.713,6.408,439.8,44.05,22.59,0.121,27.28,0.046,0.078,1.466,0.275,0.133,4.226,0,1.116,5.592,32.99,0.182,1.896,46.42,0.559,132.4,217.0,4.922,0.909,44.11,"Approximate; raw foods reference-style, prepared foods recipe estimate"
620,Shabalay Buff,Buff Shabalay,बफ शाबाले,Shabalay Buff (Buff Shabalay - बफ शाबाले),Snack,Fried buffalo stuffed bread,per 100 g edible portion,329.2,16.5,2.103,3.876,4.964,28.34,3.785,5.908,2.943,5.548,512.1,38.35,21.65,0.108,26.73,0.052,0.073,1.575,0.29,0.151,4.439,0,1.042,4.739,35.37,0.198,1.663,42.69,0.565,126.7,240.2,5.304,0.906,44.29,"Approximate; raw foods reference-style, prepared foods recipe estimate"
621,Khapse,Khapse,खाप्से,Khapse (Khapse - खाप्से),Snack,Tibetan fried pastry,per 100 g edible portion,296.7,16.12,2.407,3.543,4.103,29.95,4.006,5.397,3.332,5.823,509.7,44.42,19.71,0.131,32.29,0.055,0.085,1.613,0.332,0.166,3.877,0,1.13,4.708,31.22,0.188,1.612,43.0,0.604,130.7,258.8,4.812,1.059,44.65,"Approximate; raw foods reference-style, prepared foods recipe estimate"
622,Tsampa,Tsampa,त्साम्पा,Tsampa (Tsampa - त्साम्पा),Staple,Roasted barley flour,per 100 g edible portion,276.0,2.731,0.475,0.652,0.919,46.51,1.042,7.682,3.778,0,9.039,37.59,2.005,0.195,29.22,0,0.078,2.293,0.556,0.187,0,0,0.538,2.054,23.89,0.23,2.261,66.06,1.349,207.7,221.5,11.51,1.739,56.09,"Approximate; raw foods reference-style, prepared foods recipe estimate"
623,Tsampa Porridge,Tsampa Lito,त्साम्पा लिटो,Tsampa Porridge (Tsampa Lito - त्साम्पा लिटो),Staple,Tsampa porridge,per 100 g edible portion,268.0,2.463,0.51,0.665,0.905,44.45,0.98,6.779,3.599,0,8.046,35.29,2.09,0.204,27.43,0,0.087,2.591,0.459,0.215,0,0,0.481,2.041,26.67,0.263,2.048,72.93,1.305,218.0,230.7,11.96,1.546,52.42,"Approximate; raw foods reference-style, prepared foods recipe estimate"
624,Sherpa Stew,Sherpa Stew,शेर्पा स्ट्यु,Sherpa Stew (Sherpa Stew - शेर्पा स्ट्यु),Prepared Meal,Mixed vegetable and meat stew,per 100 g edible portion,173.9,6.56,1.361,2.114,2.11,24.76,2.299,7.818,2.243,17.86,416.9,60.85,62.89,0.096,33.04,0.198,0.09,1.362,0.318,0.153,5.469,0.105,0.67,6.369,29.3,0.132,1.272,30.89,0.374,104.2,179.2,6.095,0.931,46.66,"Approximate; raw foods reference-style, prepared foods recipe estimate"
625,Rildok,Rildok,रिल्डोक,Rildok (Rildok - रिल्डोक),Prepared Meal,Sherpa potato dumpling soup,per 100 g edible portion,173.6,6.551,1.395,2.214,1.925,23.45,2.229,7.582,2.37,19.41,334.3,53.3,57.73,0.098,29.98,0.181,0.079,1.582,0.332,0.143,6.244,0.101,0.565,5.358,31.43,0.128,1.241,29.12,0.365,105.7,182.2,6.192,0.982,46.57,"Approximate; raw foods reference-style, prepared foods recipe estimate"
626,Aloo Roti,Aalu Roti,आलु रोटी,Aloo Roti (Aalu Roti - आलु रोटी),Bread,Potato flatbread,per 100 g edible portion,270.9,4.873,0.911,1.586,2.16,46.72,3.256,8.117,3.887,0,283.1,34.28,4.508,0.162,34.19,0,0.085,2.377,0.328,0.155,0,0,0.59,1.751,30.62,0.189,1.856,57.17,0.974,161.3,181.1,16.42,1.488,56.59,"Approximate; raw foods reference-style, prepared foods recipe estimate"
627,Kanchemba,Kanchemba,कान्छेम्बा,Kanchemba (Kanchemba - कान्छेम्बा),Prepared Meal,Traditional fermented millet dish,per 100 g edible portion,167.0,6.238,1.303,2.011,1.826,21.67,2.552,6.929,2.356,17.48,398.6,53.18,61.71,0.099,37.73,0.198,0.087,1.618,0.347,0.157,5.958,0.096,0.614,5.572,32.37,0.134,1.332,30.42,0.37,123.2,217.4,5.99,1.003,44.91,"Approximate; raw foods reference-style, prepared foods recipe estimate"
628,Kinema Curry,Kinema Tarkari,किनेमा तरकारी,Kinema Curry (Kinema Tarkari - किनेमा तरकारी),Prepared Meal,Fermented soybean curry,per 100 g edible portion,156.0,5.325,1.198,2.05,1.89,22.47,2.252,7.112,2.395,18.63,382.9,57.31,59.13,0.083,35.69,0.186,0.083,1.538,0.374,0.146,6.109,0.108,0.582,6.764,28.87,0.147,1.551,31.81,0.34,102.9,206.7,5.559,0.935,46.06,"Approximate; raw foods reference-style, prepared foods recipe estimate"
629,Kinema Achar,Kinema Achar,किनेमा अचार,Kinema Achar (Kinema Achar - किनेमा अचार),Pickle/Side,Fermented soybean pickle,per 100 g edible portion,75.48,3.728,0.636,1.12,1.502,7.098,3.342,1.351,2.311,0,806.6,88.05,55.52,0.048,22.66,0,0.046,0.631,0.267,0.13,11.57,0,0.665,10.71,37.09,0.13,0.876,23.97,0.228,44.04,201.8,0.818,0.486,25.37,"Approximate; raw foods reference-style, prepared foods recipe estimate"
630,Wachipa,Wachipa,वाचिपा,Wachipa (Wachipa - वाचिपा),Prepared Meal,Rai traditional rice-chicken dish,per 100 g edible portion,160.8,5.993,1.383,1.946,1.908,21.84,2.762,6.68,2.449,19.56,327.0,59.87,56.33,0.086,37.47,0.176,0.073,1.337,0.372,0.147,6.19,0.11,0.655,6.445,28.98,0.126,1.522,28.31,0.355,116.4,207.9,6.68,1.093,44.59,"Approximate; raw foods reference-style, prepared foods recipe estimate"
631,Wamik,Wamik,वामिक,Wamik (Wamik - वामिक),Prepared Meal,Rai-style fermented greens dish,per 100 g edible portion,169.2,6.213,1.169,2.318,1.915,21.74,2.304,7.083,2.533,17.33,356.7,55.92,54.13,0.09,32.68,0.192,0.082,1.529,0.363,0.162,6.259,0.089,0.605,6.016,26.42,0.154,1.37,27.31,0.357,111.7,189.5,6.412,0.926,45.64,"Approximate; raw foods reference-style, prepared foods recipe estimate"
632,Sargemba,Sargemba,सार्गेम्बा,Sargemba (Sargemba - सार्गेम्बा),Prepared Meal,Limbu traditional blood sausage dish,per 100 g edible portion,178.9,5.726,1.451,1.985,2.04,23.76,2.542,6.444,2.415,17.94,341.2,61.51,59.32,0.098,39.46,0.18,0.073,1.332,0.319,0.144,5.725,0.096,0.623,5.136,26.54,0.125,1.453,26.7,0.319,103.7,199.7,5.886,1.003,43.05,"Approximate; raw foods reference-style, prepared foods recipe estimate"
633,Yangben Curry,Yangben Tarkari,याङ्बेन तरकारी,Yangben Curry (Yangben Tarkari - याङ्बेन तरकारी),Prepared Meal,"Lichen curry, Limbu style",per 100 g edible portion,170.5,6.247,1.191,2.028,1.912,21.76,2.667,6.275,2.317,18.29,341.7,52.81,50.9,0.088,34.14,0.17,0.077,1.461,0.369,0.137,6.603,0.097,0.551,5.141,31.7,0.131,1.256,29.13,0.32,107.5,208.5,5.949,0.884,42.25,"Approximate; raw foods reference-style, prepared foods recipe estimate"
634,Yangben Achar,Yangben Achar,याङ्बेन अचार,Yangben Achar (Yangben Achar - याङ्बेन अचार),Pickle/Side,Lichen pickle,per 100 g edible portion,77.32,3.415,0.576,1.241,1.557,7.466,2.724,1.499,2.52,0,726.2,71.67,60.13,0.045,23.16,0,0.048,0.743,0.227,0.116,10.67,0,0.666,9.55,42.47,0.133,0.821,25.66,0.261,40.63,243.4,0.853,0.468,27.33,"Approximate; raw foods reference-style, prepared foods recipe estimate"
635,Tongba Millet Base,Tongba Kodo,तोङ्बा कोदो,Tongba Millet Base (Tongba Kodo - तोङ्बा कोदो),Beverage,"Fermented millet base, non-distilled",per 100 g edible portion,40.7,1.598,0.871,0.386,0.102,6.492,6.273,1.132,0.095,4.529,26.21,94.71,15.11,0.021,3.344,0.186,0.062,0.111,0.219,0.018,1.978,0.045,0.05,0.185,40.26,0.009,0.054,6.22,0.03,35.11,68.76,0.97,0.206,7.92,"Approximate; raw foods reference-style, prepared foods recipe estimate"
636,Chyang Rice Base,Chyang Chamal,छ्याङ चामल,Chyang Rice Base (Chyang Chamal - छ्याङ चामल),Beverage,Fermented rice beverage base,per 100 g edible portion,47.09,1.402,0.985,0.378,0.104,6.941,5.316,1.189,0.111,4.609,25.61,92.31,13.86,0.02,2.787,0.201,0.069,0.095,0.202,0.018,1.961,0.047,0.051,0.208,46.56,0.011,0.049,6.202,0.032,36.73,58.22,0.938,0.195,8.35,"Approximate; raw foods reference-style, prepared foods recipe estimate"
637,Jand Millet Base,Jand Kodo,जाँड कोदो,Jand Millet Base (Jand Kodo - जाँड कोदो),Beverage,Fermented millet beverage base,per 100 g edible portion,49.86,1.384,0.858,0.43,0.1,7.159,6.563,1.123,0.105,5.393,22.6,98.9,15.81,0.022,3.308,0.179,0.077,0.098,0.211,0.019,2.072,0.05,0.049,0.178,49.15,0.011,0.054,6.439,0.029,38.85,71.97,0.891,0.192,8.41,"Approximate; raw foods reference-style, prepared foods recipe estimate"
638,Kodo ko Raksi Mash,Kodo Raksi Mash,कोदो रक्सी म्यास,Kodo ko Raksi Mash (Kodo Raksi Mash - कोदो रक्सी म्यास),Prepared Meal,Cooked fermented millet mash,per 100 g edible portion,159.7,6.036,1.178,1.95,1.872,25.82,2.622,7.418,2.507,19.67,414.5,67.03,51.57,0.086,33.04,0.218,0.083,1.577,0.387,0.142,5.824,0.093,0.659,5.249,32.57,0.129,1.519,33.02,0.346,99.0,188.7,6.415,1.106,47.53,"Approximate; raw foods reference-style, prepared foods recipe estimate"
639,Newari Aloo Tama,Newari Aalu Tama,नेवारी आलु तामा,Newari Aloo Tama (Newari Aalu Tama - नेवारी आलु तामा),Prepared Meal,Newari-style potato bamboo shoot curry,per 100 g edible portion,182.0,5.322,1.185,2.218,1.935,26.73,2.522,7.837,2.308,19.16,431.2,67.02,50.93,0.09,39.74,0.17,0.082,1.566,0.373,0.153,6.208,0.105,0.598,5.574,29.94,0.137,1.36,29.22,0.385,119.6,213.5,6.532,1.042,47.72,"Approximate; raw foods reference-style, prepared foods recipe estimate"
640,Kachila,Kachila,कचिला,Kachila (Kachila - कचिला),Meat,Newari spiced minced raw/cooked meat,per 100 g edible portion,214.9,12.9,5.009,4.415,1.608,2.277,0.691,22.26,0.201,86.01,374.1,55.11,14.44,0.122,8.401,2.288,0.183,5.455,0.75,0.371,0.972,0.212,0.461,2.883,17.67,0.133,2.402,21.7,0.039,195.8,307.7,18.95,3.641,89.06,"Approximate; raw foods reference-style, prepared foods recipe estimate"
641,Sapu Mhicha,Sapu Mhicha,सापु म्हिचा,Sapu Mhicha (Sapu Mhicha - सापु म्हिचा),Meat,Newari buffalo leaf tripe dish,per 100 g edible portion,217.1,13.58,4.013,5.09,1.522,2.237,0.713,25.06,0.219,83.36,438.6,53.09,14.74,0.11,8.257,2.193,0.171,5.644,0.839,0.366,0.949,0.197,0.495,3.337,21.75,0.125,2.574,25.94,0.04,176.7,344.2,19.41,3.629,100,"Approximate; raw foods reference-style, prepared foods recipe estimate"
642,Bhutan,Bhutan,भुटन,Bhutan (Bhutan - भुटन),Meat,Spiced fried goat/buff offal,per 100 g edible portion,264.6,16.02,4.996,4.636,1.609,2.563,0.62,26.23,0.214,83.35,420.5,65.08,13.7,0.13,7.59,1.882,0.188,5.042,0.809,0.381,1.104,0.193,0.524,3.008,21.45,0.12,2.372,25.71,0.037,183.0,275.3,21.27,3.128,100,"Approximate; raw foods reference-style, prepared foods recipe estimate"
643,Pangra Fry,Pangra Fry,पाँग्रा फ्राइ,Pangra Fry (Pangra Fry - पाँग्रा फ्राइ),Meat,Fried gizzard dish,per 100 g edible portion,283.2,15.36,4.047,5.496,1.765,2.766,0.778,21.24,0.196,83.71,409.6,60.82,12.81,0.13,7.597,1.725,0.175,6.098,0.883,0.31,0.938,0.184,0.545,2.608,21.72,0.119,2.438,26.75,0.039,203.4,293.7,17.74,3.333,85.36,"Approximate; raw foods reference-style, prepared foods recipe estimate"
644,Kalejo Fry,Kalejo Fry,कलेजो फ्राइ,Kalejo Fry (Kalejo Fry - कलेजो फ्राइ),Organ Meat,Fried liver,per 100 g edible portion,210.8,8.178,2.392,2.267,1.414,3.146,0.498,24.09,0,339.9,136.0,59.74,4123.0,0.202,265.0,32.12,2.237,11.26,6.092,0.746,17.75,0.861,0.663,3.35,15.66,4.352,7.32,24.28,0.273,281.8,302.7,40.48,4.213,100,"Approximate; raw foods reference-style, prepared foods recipe estimate"
645,Bara Buff,Buff Bara,बफ बारा,Bara Buff (Buff Bara - बफ बारा),Prepared Meal,Lentil pancake with buffalo topping,per 100 g edible portion,165.5,5.755,1.368,2.226,2.183,24.69,2.677,7.626,2.24,18.81,368.4,61.13,53.12,0.095,30.75,0.209,0.072,1.508,0.383,0.164,5.546,0.105,0.651,5.596,27.09,0.136,1.487,33.13,0.356,115.6,200.0,5.806,0.959,46.76,"Approximate; raw foods reference-style, prepared foods recipe estimate"
646,Bara Chicken,Chicken Bara,चिकेन बारा,Bara Chicken (Chicken Bara - चिकेन बारा),Prepared Meal,Lentil pancake with chicken topping,per 100 g edible portion,185.8,5.77,1.339,2.219,1.878,26.64,2.661,6.28,2.542,18.79,396.7,56.13,47.73,0.097,37.72,0.174,0.074,1.5,0.391,0.138,6.7,0.093,0.57,6.024,28.33,0.129,1.304,31.47,0.361,100.4,208.6,6.531,1.0,43.41,"Approximate; raw foods reference-style, prepared foods recipe estimate"
647,Chatamari Veg,Veg Chatamari,भेज चटामरी,Chatamari Veg (Veg Chatamari - भेज चटामरी),Prepared Meal,Vegetable topped rice crepe,per 100 g edible portion,192.2,6.435,1.181,2.131,1.908,26.19,2.621,7.071,2.588,19.11,344.3,62.81,53.07,0.081,39.77,0.229,0.079,1.537,0.358,0.158,5.934,0.112,0.612,5.843,31.08,0.138,1.254,29.91,0.33,114.4,194.1,6.372,1.096,45.93,"Approximate; raw foods reference-style, prepared foods recipe estimate"
648,Chatamari Buff,Buff Chatamari,बफ चटामरी,Chatamari Buff (Buff Chatamari - बफ चटामरी),Prepared Meal,Buffalo topped rice crepe,per 100 g edible portion,188.3,5.771,1.214,1.869,1.869,26.09,2.355,6.253,2.229,18.96,359.5,62.15,60.15,0.087,38.2,0.207,0.082,1.665,0.381,0.142,5.827,0.091,0.532,6.834,33.46,0.145,1.268,26.53,0.336,101.0,185.8,6.388,1.06,41.28,"Approximate; raw foods reference-style, prepared foods recipe estimate"
649,Wo,Wo,वो,Wo (Wo - वो),Prepared Meal,Newari lentil pancake,per 100 g edible portion,181.1,6.131,1.162,2.271,2.231,22.81,2.318,6.44,2.466,18.04,386.1,58.0,62.83,0.085,39.96,0.205,0.079,1.526,0.356,0.165,6.138,0.096,0.607,5.37,29.13,0.13,1.557,31.71,0.377,120.2,210.9,6.318,0.974,44.15,"Approximate; raw foods reference-style, prepared foods recipe estimate"
650,Yomari Chaku,Chaku Yomari,चाकु योमरी,Yomari Chaku (Chaku Yomari - चाकु योमरी),Sweet,Yomari filled with molasses,per 100 g edible portion,376.5,11.05,4.117,3.21,1.764,60.08,46.08,4.457,1.02,11.48,88.21,20.99,20.66,0.044,8.814,0.135,0.067,0.557,0.182,0.045,0,0.054,0.509,1.042,42.17,0.078,0.742,17.51,0.133,73.31,88.12,2.819,0.448,23.63,"Approximate; raw foods reference-style, prepared foods recipe estimate"
651,Yomari Khuwa,Khuwa Yomari,खुवा योमरी,Yomari Khuwa (Khuwa Yomari - खुवा योमरी),Sweet,Yomari filled with milk solids,per 100 g edible portion,376.0,10.2,3.535,3.233,1.771,53.35,44.78,3.602,1.013,10.64,81.38,22.44,19.26,0.052,6.829,0.171,0.077,0.55,0.214,0.05,0,0.048,0.494,1.106,44.67,0.072,0.792,16.37,0.139,82.19,100.7,2.803,0.556,20.96,"Approximate; raw foods reference-style, prepared foods recipe estimate"
652,Lakhamari,Lakhamari,लाखामरी,Lakhamari (Lakhamari - लाखामरी),Sweet,Newari ceremonial fried sweet,per 100 g edible portion,432.0,15.65,3.919,3.245,2.139,62.14,44.2,4.171,1.051,11.32,99.51,24.6,18.47,0.056,9.118,0.142,0.069,0.471,0.2,0.044,0,0.053,0.529,1.112,45.19,0.074,0.839,17.7,0.148,78.7,94.57,3.037,0.472,22.3,"Approximate; raw foods reference-style, prepared foods recipe estimate"
653,Anarsa,Anarsa,अनरसा,Anarsa (Anarsa - अनरसा),Sweet,Rice-sesame jaggery sweet,per 100 g edible portion,362.6,11.93,3.947,3.335,2.154,52.59,46.07,4.184,1.089,13.0,89.72,24.4,20.42,0.051,8.638,0.157,0.066,0.555,0.178,0.048,0,0.049,0.516,1.147,45.81,0.078,0.789,16.0,0.141,79.17,108.9,3.189,0.508,23.66,"Approximate; raw foods reference-style, prepared foods recipe estimate"
654,Fini Roti,Fini Roti,फिनी रोटी,Fini Roti (Fini Roti - फिनी रोटी),Sweet,Layered fried festival bread,per 100 g edible portion,442.7,15.19,3.631,3.491,2.162,55.28,38.04,4.47,0.896,12.1,95.84,24.39,21.84,0.049,7.649,0.135,0.078,0.558,0.18,0.049,0,0.047,0.466,0.871,46.25,0.077,0.715,17.77,0.14,75.06,110.0,3.147,0.509,22.39,"Approximate; raw foods reference-style, prepared foods recipe estimate"
655,Malpua,Malpua,मालपुवा,Malpua (Malpua - मालपुवा),Sweet,Fried sweet pancake,per 100 g edible portion,374.2,15.84,3.824,3.886,1.858,54.05,44.16,3.695,0.971,12.22,91.87,20.02,20.36,0.055,8.006,0.165,0.07,0.544,0.19,0.053,0,0.055,0.477,0.883,44.34,0.077,0.794,17.44,0.161,69.51,108.9,2.959,0.523,21.27,"Approximate; raw foods reference-style, prepared foods recipe estimate"
656,Puwa with Banana,Kera Puwa,केरा पुवा,Puwa with Banana (Kera Puwa - केरा पुवा),Sweet,Banana sweet fritter,per 100 g edible portion,380.3,10.45,3.923,3.109,2.143,55.29,40.33,3.709,1.056,11.81,81.49,20.26,20.49,0.047,6.837,0.163,0.071,0.474,0.218,0.053,0,0.054,0.49,1.146,43.43,0.071,0.83,17.45,0.151,66.21,100.2,3.024,0.448,21.54,"Approximate; raw foods reference-style, prepared foods recipe estimate"
657,Rice Pua,Chamal Puwa,चामल पुवा,Rice Pua (Chamal Puwa - चामल पुवा),Sweet,Rice flour sweet fritter,per 100 g edible portion,391.0,9.783,3.734,3.341,1.867,57.18,46.04,4.152,1.001,12.84,89.1,22.84,18.1,0.047,7.885,0.167,0.071,0.503,0.185,0.053,0,0.048,0.548,0.969,43.3,0.084,0.826,17.95,0.141,74.51,93.88,2.98,0.547,22.58,"Approximate; raw foods reference-style, prepared foods recipe estimate"
658,Gundpak,Gundpak,गुन्दपाक,Gundpak (Gundpak - गुन्दपाक),Sweet,Milk-solid nut sweet,per 100 g edible portion,344.9,11.53,3.692,3.248,2.091,61.98,42.07,3.536,1.081,11.11,89.79,20.31,18.24,0.046,9.036,0.171,0.076,0.507,0.218,0.046,0,0.044,0.459,1.06,46.59,0.076,0.854,15.84,0.168,82.91,99.69,3.018,0.522,21.75,"Approximate; raw foods reference-style, prepared foods recipe estimate"
659,Pustakari,Pustakari,पुस्तकारी,Pustakari (Pustakari - पुस्तकारी),Sweet,Milk caramel sweet,per 100 g edible portion,370.1,11.51,3.939,3.456,2.159,55.07,46.68,4.013,0.899,11.04,101.5,20.62,21.55,0.047,6.813,0.143,0.076,0.55,0.186,0.05,0,0.049,0.539,0.873,49.25,0.083,0.763,17.05,0.144,73.74,98.87,2.967,0.542,22.12,"Approximate; raw foods reference-style, prepared foods recipe estimate"
660,Lalmohan,Lalmohan,लालमोहन,Lalmohan (Lalmohan - लालमोहन),Sweet,Syrup-soaked milk sweet,per 100 g edible portion,334.4,11.15,3.943,3.318,2.126,64.74,37.81,3.972,1.004,11.37,80.97,22.4,20.33,0.051,6.86,0.132,0.068,0.492,0.178,0.053,0,0.054,0.536,0.955,45.48,0.082,0.769,16.62,0.154,70.9,100.4,2.709,0.505,22.89,"Approximate; raw foods reference-style, prepared foods recipe estimate"
661,Barfi,Barfi,बर्फी,Barfi (Barfi - बर्फी),Sweet,Milk-based fudge,per 100 g edible portion,387.5,10.84,4.047,3.253,1.973,58.46,45.9,3.822,1.027,11.61,81.63,24.44,22.21,0.048,7.052,0.169,0.072,0.538,0.192,0.055,0,0.051,0.511,1.142,48.3,0.072,0.726,16.53,0.14,68.23,103.2,2.89,0.494,21.65,"Approximate; raw foods reference-style, prepared foods recipe estimate"
662,Kaju Katli,Kaju Katli,काजु कतली,Kaju Katli (Kaju Katli - काजु कतली),Sweet,Cashew sweet,per 100 g edible portion,341.6,9.763,3.873,3.217,1.845,63.27,37.49,4.079,0.919,11.98,93.16,21.79,21.82,0.047,7.315,0.17,0.073,0.54,0.204,0.05,0,0.046,0.512,1.009,47.7,0.076,0.806,19.17,0.157,71.83,100.7,3.223,0.493,23.08,"Approximate; raw foods reference-style, prepared foods recipe estimate"
663,Soan Papdi,Soan Papdi,सोअन पापडी,Soan Papdi (Soan Papdi - सोअन पापडी),Sweet,Flaky gram-flour sweet,per 100 g edible portion,320.6,10.74,3.768,3.302,1.881,60.8,36.94,4.037,1.116,13.23,89.4,22.16,22.46,0.055,8.957,0.138,0.076,0.468,0.219,0.05,0,0.046,0.47,1.047,41.7,0.086,0.851,19.96,0.151,73.37,111.3,3.316,0.54,24.19,"Approximate; raw foods reference-style, prepared foods recipe estimate"
664,Milk Cake,Milk Cake,मिल्क केक,Milk Cake (Milk Cake - मिल्क केक),Sweet,Reduced milk sweet,per 100 g edible portion,378.1,11.04,3.835,3.115,2.02,59.15,39.67,4.405,0.887,13.23,94.86,23.96,22.44,0.047,7.563,0.153,0.076,0.477,0.196,0.052,0,0.048,0.46,0.875,49.38,0.075,0.798,19.33,0.166,83.74,111.1,3.086,0.505,23.64,"Approximate; raw foods reference-style, prepared foods recipe estimate"
665,Chhena Poda,Chhena Poda,छेना पोडा,Chhena Poda (Chhena Poda - छेना पोडा),Sweet,Baked cheese sweet,per 100 g edible portion,331.9,10.63,3.548,3.697,2.013,62.5,39.18,3.934,0.934,11.71,98.05,21.07,18.03,0.049,7.318,0.167,0.067,0.492,0.179,0.056,0,0.054,0.519,0.957,46.52,0.075,0.813,17.56,0.167,71.97,92.83,3.057,0.481,22.59,"Approximate; raw foods reference-style, prepared foods recipe estimate"
666,Chhena Jalebi,Chhena Jeri,छेना जेरी,Chhena Jalebi (Chhena Jeri - छेना जेरी),Sweet,Cheese-based syrup sweet,per 100 g edible portion,366.1,10.7,3.652,3.71,1.871,51.8,44.4,3.983,0.905,12.53,95.58,21.47,19.48,0.048,7.506,0.157,0.065,0.545,0.207,0.052,0,0.049,0.554,1.02,41.55,0.076,0.725,16.28,0.162,70.56,106.3,2.923,0.52,21.7,"Approximate; raw foods reference-style, prepared foods recipe estimate"
667,Mohanthal,Mohanthal,मोहनथाल,Mohanthal (Mohanthal - मोहनथाल),Sweet,Gram flour fudge,per 100 g edible portion,362.3,11.43,3.572,3.712,2.099,62.61,37.4,3.581,1.025,11.95,106.9,24.2,20.11,0.052,6.897,0.148,0.064,0.525,0.197,0.055,0,0.049,0.55,0.913,49.93,0.072,0.86,17.61,0.138,74.15,105.8,3.341,0.529,21.7,"Approximate; raw foods reference-style, prepared foods recipe estimate"
668,Besan Ladoo,Besan Laddu,बेसन लड्डु,Besan Ladoo (Besan Laddu - बेसन लड्डु),Sweet,Gram flour sweet ball,per 100 g edible portion,369.6,10.98,4.11,3.499,2.221,58.8,42.41,4.224,0.947,11.17,90.38,23.37,18.54,0.049,6.957,0.16,0.069,0.538,0.191,0.051,0,0.045,0.531,1.097,46.08,0.072,0.776,16.66,0.157,72.41,102.7,3.132,0.455,22.98,"Approximate; raw foods reference-style, prepared foods recipe estimate"
669,Boondi Ladoo,Boondi Laddu,बुन्दी लड्डु,Boondi Ladoo (Boondi Laddu - बुन्दी लड्डु),Sweet,Fried gram pearl sweet,per 100 g edible portion,373.1,13.01,3.816,3.588,1.809,57.73,41.78,3.548,0.941,13.41,85.78,23.53,20.48,0.05,7.279,0.137,0.068,0.457,0.183,0.045,0,0.052,0.517,0.961,41.02,0.084,0.736,18.17,0.156,72.56,109.8,3.066,0.55,20.41,"Approximate; raw foods reference-style, prepared foods recipe estimate"
670,Coconut Ladoo,Nariwal Laddu,नरिवल लड्डु,Coconut Ladoo (Nariwal Laddu - नरिवल लड्डु),Sweet,Coconut sweet ball,per 100 g edible portion,346.3,10.06,3.976,3.476,2.072,55.84,40.16,4.3,1.075,11.31,101.3,19.88,19.63,0.044,6.986,0.15,0.077,0.542,0.193,0.053,0,0.052,0.458,0.974,44.52,0.082,0.745,19.41,0.136,71.12,99.29,2.866,0.459,24.19,"Approximate; raw foods reference-style, prepared foods recipe estimate"
671,Dry Fruit Ladoo,Dry Fruit Laddu,ड्राइफ्रुट लड्डु,Dry Fruit Ladoo (Dry Fruit Laddu - ड्राइफ्रुट लड्डु),Sweet,Mixed nut sweet ball,per 100 g edible portion,337.0,11.69,4.18,3.546,2.114,63.29,44.86,3.892,0.931,13.07,94.53,24.53,18.91,0.052,7.074,0.159,0.076,0.547,0.201,0.054,0,0.051,0.497,1.122,49.92,0.081,0.846,19.14,0.145,75.3,98.57,3.269,0.556,22.73,"Approximate; raw foods reference-style, prepared foods recipe estimate"
672,Makhana Kheer,Makhana Khir,मखाना खीर,Makhana Kheer (Makhana Khir - मखाना खीर),Sweet,Fox nut milk pudding,per 100 g edible portion,356.4,11.77,3.567,3.387,1.831,58.85,39.06,3.897,1.031,11.16,106.5,24.5,19.43,0.047,9.089,0.139,0.062,0.483,0.223,0.055,0,0.053,0.491,0.902,46.19,0.071,0.822,19.82,0.134,74.49,105.1,2.772,0.489,22.78,"Approximate; raw foods reference-style, prepared foods recipe estimate"
673,Carrot Halwa,Gajar Haluwa,गाजर हलुवा,Carrot Halwa (Gajar Haluwa - गाजर हलुवा),Sweet,Carrot milk halwa,per 100 g edible portion,370.9,11.19,3.541,3.545,1.78,60.89,43.11,4.318,1.111,12.4,108.9,19.9,19.45,0.055,6.881,0.142,0.074,0.47,0.223,0.044,0,0.05,0.499,0.964,49.72,0.074,0.856,17.67,0.143,74.99,98.73,3.327,0.546,24.4,"Approximate; raw foods reference-style, prepared foods recipe estimate"
674,Pumpkin Halwa,Farsi Haluwa,फर्सी हलुवा,Pumpkin Halwa (Farsi Haluwa - फर्सी हलुवा),Sweet,Pumpkin halwa,per 100 g edible portion,310.8,11.3,4.449,3.738,1.868,59.96,46.15,4.438,1.115,12.52,92.01,19.42,18.91,0.056,7.738,0.16,0.075,0.466,0.216,0.052,0,0.048,0.502,0.999,44.16,0.075,0.87,16.02,0.141,67.02,95.26,3.21,0.482,25.48,"Approximate; raw foods reference-style, prepared foods recipe estimate"
675,Zucchini,Zucchini,जुकीनी,Zucchini (Zucchini - जुकीनी),Vegetable,Cooked zucchini,per 100 g edible portion,37.75,0.472,0.072,0.093,0.195,8.273,2.797,2.164,2.85,0,17.75,83.88,99.05,0.058,39.69,0,0.067,0.678,0.266,0.131,16.39,0,0.458,24.36,31.24,0.098,0.827,21.9,0.255,46.33,232.4,0.669,0.406,31.61,"Approximate; raw foods reference-style, prepared foods recipe estimate"
676,Zucchini Curry,Zucchini Tarkari,जुकीनी तरकारी,Zucchini Curry (Zucchini Tarkari - जुकीनी तरकारी),Vegetable,Zucchini curry,per 100 g edible portion,42.43,0.537,0.08,0.109,0.214,7.085,3.086,1.972,2.544,0,15.38,92.9,87.34,0.061,38.79,0,0.066,0.657,0.297,0.132,15.98,0,0.515,22.36,38.63,0.09,0.736,24.38,0.23,47.91,242.0,0.728,0.427,29.83,"Approximate; raw foods reference-style, prepared foods recipe estimate"
677,Red Bell Pepper,Rato Bhende Khursani,रातो भेडे खुर्सानी,Red Bell Pepper (Rato Bhende Khursani - रातो भेडे खुर्सानी),Vegetable,Raw red bell pepper,per 100 g edible portion,43.61,0.554,0.074,0.09,0.205,7.564,3.082,1.888,2.541,0,15.76,88.61,80.0,0.058,34.88,0,0.068,0.647,0.315,0.129,19.46,0,0.494,22.65,36.84,0.094,0.85,23.99,0.264,47.87,236.4,0.669,0.401,30.43,"Approximate; raw foods reference-style, prepared foods recipe estimate"
678,Yellow Bell Pepper,Pahelo Bhende Khursani,पहेंलो भेडे खुर्सानी,Yellow Bell Pepper (Pahelo Bhende Khursani - पहेंलो भेडे खुर्सानी),Vegetable,Raw yellow bell pepper,per 100 g edible portion,42.76,0.491,0.085,0.109,0.218,8.525,2.996,1.878,2.525,0,20.65,92.58,92.39,0.06,31.27,0,0.066,0.679,0.289,0.14,17.96,0,0.516,26.04,35.5,0.089,0.873,23.64,0.266,47.96,256.2,0.624,0.399,30.17,"Approximate; raw foods reference-style, prepared foods recipe estimate"
679,Green Bell Pepper,Hariyo Bhende Khursani,हरियो भेडे खुर्सानी,Green Bell Pepper (Hariyo Bhende Khursani - हरियो भेडे खुर्सानी),Vegetable,Raw green bell pepper,per 100 g edible portion,37.35,0.554,0.089,0.109,0.203,7.774,2.999,1.846,2.583,0,19.79,89.89,95.08,0.053,31.68,0,0.067,0.723,0.327,0.12,16.99,0,0.494,23.13,34.12,0.104,0.852,20.42,0.261,40.6,244.5,0.759,0.419,29.67,"Approximate; raw foods reference-style, prepared foods recipe estimate"
680,Red Cabbage,Rato Banda,रातो बन्दा,Red Cabbage (Rato Banda - रातो बन्दा),Vegetable,Raw red cabbage,per 100 g edible portion,40.88,0.445,0.079,0.101,0.218,7.164,2.825,2.172,2.559,0,17.36,81.68,102.1,0.059,33.02,0,0.075,0.671,0.29,0.139,19.67,0,0.5,25.18,35.22,0.097,0.744,20.13,0.227,43.4,236.9,0.714,0.37,31.0,"Approximate; raw foods reference-style, prepared foods recipe estimate"
681,Chinese Cabbage,Chinese Banda,चाइनिज बन्दा,Chinese Cabbage (Chinese Banda - चाइनिज बन्दा),Vegetable,Cooked napa cabbage,per 100 g edible portion,39.83,0.45,0.077,0.098,0.194,7.432,2.818,1.768,2.851,0,19.52,85.52,89.96,0.062,31.85,0,0.062,0.757,0.318,0.141,17.64,0,0.533,23.15,37.15,0.093,0.745,24.23,0.25,46.18,250.2,0.631,0.361,30.97,"Approximate; raw foods reference-style, prepared foods recipe estimate"
682,Bok Choy,Bok Choy,बोक चोय,Bok Choy (Bok Choy - बोक चोय),Leafy Vegetable,Cooked bok choy,per 100 g edible portion,38.62,0.582,0.1,0.093,0.244,5.483,1.067,3.351,3.67,0,48.62,84.09,349.2,0.072,106.3,0,0.148,0.998,0.333,0.182,26.5,0,1.191,232.9,100.7,0.19,2.184,51.89,0.742,64.75,372.3,0.909,0.665,51.46,"Approximate; raw foods reference-style, prepared foods recipe estimate"
683,Kohlrabi,Gaanth Gobi,गाँठ गोभी,Kohlrabi (Gaanth Gobi - गाँठ गोभी),Vegetable,Cooked kohlrabi,per 100 g edible portion,42.98,0.506,0.075,0.09,0.191,7.37,2.817,2.125,2.966,0,15.48,82.48,86.84,0.067,38.16,0,0.074,0.743,0.333,0.14,16.73,0,0.546,24.27,36.97,0.109,0.748,22.4,0.228,41.65,279.3,0.755,0.4,32.74,"Approximate; raw foods reference-style, prepared foods recipe estimate"
684,Kohlrabi Curry,Gaanth Gobi Tarkari,गाँठ गोभी तरकारी,Kohlrabi Curry (Gaanth Gobi Tarkari - गाँठ गोभी तरकारी),Vegetable,Kohlrabi curry,per 100 g edible portion,37.26,0.532,0.076,0.102,0.177,8.588,2.77,2.166,2.443,0,17.08,90.65,79.28,0.058,33.46,0,0.07,0.712,0.316,0.132,19.4,0,0.487,21.95,38.94,0.092,0.852,22.93,0.264,49.2,250.6,0.639,0.364,31.12,"Approximate; raw foods reference-style, prepared foods recipe estimate"
685,Brussels Sprouts,Brussels Sprouts,ब्रसेल्स स्प्राउट्स,Brussels Sprouts (Brussels Sprouts - ब्रसेल्स स्प्राउट्स),Vegetable,Cooked Brussels sprouts,per 100 g edible portion,37.92,0.513,0.078,0.108,0.206,7.4,2.784,1.936,2.568,0,20.68,84.9,86.52,0.056,31.76,0,0.077,0.703,0.284,0.134,19.51,0,0.558,22.26,31.98,0.103,0.866,21.63,0.256,42.31,252.7,0.675,0.434,30.59,"Approximate; raw foods reference-style, prepared foods recipe estimate"
686,Artichoke,Artichoke,आर्टिचोक,Artichoke (Artichoke - आर्टिचोक),Vegetable,Cooked artichoke,per 100 g edible portion,42.69,0.515,0.079,0.09,0.188,8.09,3.193,1.973,2.526,0,19.83,87.07,86.89,0.061,40.14,0,0.078,0.656,0.316,0.145,16.76,0,0.48,28.54,33.02,0.102,0.852,24.12,0.227,40.21,243.5,0.655,0.435,29.95,"Approximate; raw foods reference-style, prepared foods recipe estimate"
687,Green Asparagus,Hariyo Kurilo,हरियो कुरिलो,Green Asparagus (Hariyo Kurilo - हरियो कुरिलो),Vegetable,Steamed green asparagus,per 100 g edible portion,39.45,0.453,0.085,0.111,0.18,7.952,3.144,2.211,2.618,0,17.18,80.21,88.92,0.058,32.6,0,0.078,0.777,0.276,0.141,19.62,0,0.518,21.58,39.1,0.088,0.715,23.32,0.257,42.81,272.1,0.719,0.4,32.1,"Approximate; raw foods reference-style, prepared foods recipe estimate"
688,White Radish,Seto Mula,सेतो मूला,White Radish (Seto Mula - सेतो मूला),Vegetable,Raw white radish,per 100 g edible portion,39.89,0.454,0.087,0.11,0.217,8.915,2.875,1.884,2.561,0,19.17,81.83,85.8,0.061,33.4,0,0.078,0.66,0.326,0.138,17.14,0,0.444,26.63,37.44,0.11,0.879,23.65,0.23,48.28,227.0,0.619,0.377,29.94,"Approximate; raw foods reference-style, prepared foods recipe estimate"
689,Red Radish,Rato Mula,रातो मूला,Red Radish (Rato Mula - रातो मूला),Vegetable,Raw red radish,per 100 g edible portion,43.35,0.489,0.085,0.095,0.195,8.703,2.887,1.848,2.778,0,17.52,93.61,90.72,0.058,30.41,0,0.078,0.721,0.286,0.117,18.52,0,0.528,26.65,33.57,0.1,0.743,19.48,0.259,46.72,244.0,0.746,0.355,30.59,"Approximate; raw foods reference-style, prepared foods recipe estimate"
690,Daikon Pickle,Seto Mula Achar,सेतो मूला अचार,Daikon Pickle (Seto Mula Achar - सेतो मूला अचार),Pickle/Side,Daikon pickle,per 100 g edible portion,70.81,3.128,0.641,1.083,1.27,8.15,3.238,1.521,2.131,0,929.7,80.39,62.3,0.052,19.05,0,0.05,0.7,0.234,0.124,13.15,0,0.698,9.884,39.85,0.111,0.764,26.83,0.242,47.09,225.3,0.767,0.418,25.8,"Approximate; raw foods reference-style, prepared foods recipe estimate"
691,Baby Corn,Baby Makai,बेबी मकै,Baby Corn (Baby Makai - बेबी मकै),Vegetable,Cooked baby corn,per 100 g edible portion,41.36,0.51,0.087,0.093,0.202,8.049,3.04,1.972,2.865,0,19.75,82.06,80.04,0.062,35.35,0,0.075,0.734,0.287,0.119,20.04,0,0.462,26.41,35.26,0.104,0.819,20.71,0.253,48.06,266.2,0.712,0.374,32.35,"Approximate; raw foods reference-style, prepared foods recipe estimate"
692,Corn Curry,Makai Tarkari,मकै तरकारी,Corn Curry (Makai Tarkari - मकै तरकारी),Vegetable,Corn kernel curry,per 100 g edible portion,35.35,0.538,0.073,0.105,0.182,7.467,3.271,2.018,2.403,0,16.41,94.27,100.0,0.054,31.11,0,0.077,0.678,0.325,0.125,19.69,0,0.519,27.22,34.7,0.093,0.776,22.36,0.236,46.92,237.8,0.664,0.371,29.95,"Approximate; raw foods reference-style, prepared foods recipe estimate"
693,Green Soybean,Edamame,एडामामे,Green Soybean (Edamame - एडामामे),Pulse,Boiled green soybeans,per 100 g edible portion,167.3,2.103,0.288,0.455,0.843,21.93,1.768,10.01,7.385,0,10.05,69.16,5.288,0.153,129.6,0,0.074,1.266,0.436,0.19,1.78,0,0.324,3.244,48.23,0.284,3.059,53.03,0.749,152.6,387.8,2.921,1.416,85.68,"Approximate; raw foods reference-style, prepared foods recipe estimate"
694,Pea Shoots,Kerau ko Munta,केराउको मुन्टा,Pea Shoots (Kerau ko Munta - केराउको मुन्टा),Leafy Vegetable,Cooked pea shoots,per 100 g edible portion,31.84,0.656,0.102,0.107,0.249,4.816,1.079,2.875,3.482,0,52.24,98.11,374.7,0.071,91.93,0,0.168,1.009,0.319,0.219,22.01,0,1.381,274.8,99.52,0.2,2.318,49.33,0.628,55.45,387.7,0.888,0.623,48.2,"Approximate; raw foods reference-style, prepared foods recipe estimate"
695,Mustard Flower,Tori ko Phool,तोरीको फूल,Mustard Flower (Tori ko Phool - तोरीको फूल),Vegetable,Cooked mustard flowers,per 100 g edible portion,38.43,0.522,0.08,0.092,0.181,7.527,3.118,1.808,2.749,0,18.72,84.96,99.34,0.064,31.79,0,0.066,0.771,0.328,0.135,18.21,0,0.549,27.52,34.68,0.099,0.857,23.56,0.224,42.49,253.7,0.686,0.397,30.91,"Approximate; raw foods reference-style, prepared foods recipe estimate"
696,Pumpkin Flower,Farsi ko Phool,फर्सीको फूल,Pumpkin Flower (Farsi ko Phool - फर्सीको फूल),Vegetable,Cooked pumpkin flowers,per 100 g edible portion,37.28,0.448,0.08,0.105,0.209,8.931,2.812,2.115,2.79,0,18.66,93.6,87.32,0.058,35.18,0,0.078,0.697,0.32,0.126,17.54,0,0.527,22.68,36.67,0.09,0.737,21.81,0.265,46.9,275.1,0.763,0.365,31.96,"Approximate; raw foods reference-style, prepared foods recipe estimate"
697,Pumpkin Flower Pakora,Farsi Phool Pakoda,फर्सी फूल पकौडा,Pumpkin Flower Pakora (Farsi Phool Pakoda - फर्सी फूल पकौडा),Snack,Pumpkin flower fritter,per 100 g edible portion,283.4,16.05,2.037,3.611,4.28,29.97,3.87,5.56,3.013,5.514,400.7,36.25,18.34,0.124,28.72,0.043,0.077,1.54,0.335,0.15,4.197,0,1.084,4.91,35.06,0.183,2.013,45.03,0.605,129.5,251.4,4.721,0.956,45.17,"Approximate; raw foods reference-style, prepared foods recipe estimate"
698,Banana Flower,Kera ko Phool,केराको फूल,Banana Flower (Kera ko Phool - केराको फूल),Vegetable,Cooked banana blossom,per 100 g edible portion,42.51,0.522,0.087,0.09,0.2,7.431,3.147,1.927,2.898,0,19.32,84.4,99.11,0.058,31.11,0,0.064,0.778,0.332,0.125,17.71,0,0.537,21.44,32.65,0.091,0.894,22.31,0.255,47.62,230.3,0.691,0.375,31.54,"Approximate; raw foods reference-style, prepared foods recipe estimate"
699,Banana Flower Curry,Kera Phool Tarkari,केरा फूल तरकारी,Banana Flower Curry (Kera Phool Tarkari - केरा फूल तरकारी),Vegetable,Banana blossom curry,per 100 g edible portion,44.21,0.456,0.088,0.106,0.2,7.086,2.778,1.855,2.655,0,19.95,95.41,84.47,0.061,36.24,0,0.065,0.73,0.316,0.139,16.44,0,0.538,27.23,33.95,0.104,0.712,24.57,0.261,41.99,272.9,0.669,0.363,30.14,"Approximate; raw foods reference-style, prepared foods recipe estimate"
700,Raw Mango,Kacho Aap,काँचो आँप,Raw Mango (Kacho Aap - काँचो आँप),Fruit,Raw green mango,per 100 g edible portion,61.02,0.439,0.075,0.075,0.149,15.7,10.22,0.87,2.47,0,2.228,92.4,28.5,0.04,18.76,0,0.036,0.377,0.2,0.088,26.81,0,0.358,2.762,18.52,0.073,0.369,14.89,0.126,21.83,191.5,0.309,0.144,25.29,"Approximate; raw foods reference-style, prepared foods recipe estimate"
701,Green Mango Salad,Kacho Aap Salad,काँचो आँप सलाद,Green Mango Salad (Kacho Aap Salad - काँचो आँप सलाद),Snack,Green mango salad,per 100 g edible portion,203.2,6.406,2.033,4.091,4.3,32.12,4.195,6.298,3.33,6.247,445.0,85,21.07,0.133,29.0,0.044,0.078,1.772,0.306,0.159,4.15,0,1.104,5.573,37.78,0.178,1.915,41.16,0.508,134.2,215.7,4.412,1.096,48.99,"Approximate; raw foods reference-style, prepared foods recipe estimate"
702,Raw Papaya Salad,Kacho Mewa Salad,काँचो मेवा सलाद,Raw Papaya Salad (Kacho Mewa Salad - काँचो मेवा सलाद),Snack,Green papaya salad,per 100 g edible portion,211.9,6.377,2.078,4.391,4.436,32.7,4.469,6.325,3.345,6.673,526.9,85,21.15,0.113,25.55,0.044,0.073,1.559,0.283,0.165,4.21,0,1.161,4.776,35.73,0.177,1.687,37.68,0.568,130.7,259.0,4.555,1.033,48.84,"Approximate; raw foods reference-style, prepared foods recipe estimate"
703,Pineapple Salad,Bhuikatahar Salad,भुइँकटहर सलाद,Pineapple Salad (Bhuikatahar Salad - भुइँकटहर सलाद),Snack,Fresh pineapple salad,per 100 g edible portion,200.6,6.622,1.989,4.02,4.821,29.05,4.035,5.377,2.793,5.996,518.0,85,22.42,0.134,30.36,0.047,0.082,1.503,0.272,0.144,4.342,0,1.127,5.237,34.91,0.19,1.861,42.23,0.529,129.8,236.8,4.74,0.947,43.44,"Approximate; raw foods reference-style, prepared foods recipe estimate"
704,Fruit Salad,Falful Salad,फलफूल सलाद,Fruit Salad (Falful Salad - फलफूल सलाद),Snack,Mixed fresh fruit salad,per 100 g edible portion,174.2,7.471,2.025,3.845,4.485,31.82,4.316,6.672,2.647,5.283,415.6,85,19.19,0.117,31.12,0.05,0.083,1.495,0.318,0.136,3.806,0,1.191,5.38,33.12,0.164,1.805,37.16,0.524,113.3,223.1,4.592,1.118,46.45,"Approximate; raw foods reference-style, prepared foods recipe estimate"
705,Lychee Juice,Lichi Juice,लिची जुस,Lychee Juice (Lichi Juice - लिची जुस),Beverage,Fresh lychee juice,per 100 g edible portion,48.64,1.497,1.007,0.422,0.109,7.701,5.632,1.218,0.104,4.823,23.94,89.06,15.75,0.018,2.955,0.177,0.073,0.097,0.209,0.019,2.175,0.051,0.054,0.173,49.77,0.011,0.053,6.46,0.031,36.66,65.19,0.895,0.204,8.71,"Approximate; raw foods reference-style, prepared foods recipe estimate"
706,Mango Juice,Aap ko Juice,आँपको जुस,Mango Juice (Aap ko Juice - आँपको जुस),Beverage,Fresh mango juice,per 100 g edible portion,49.38,1.64,0.994,0.41,0.109,7.109,6.179,1.146,0.101,4.5,27.47,85,17.23,0.021,3.388,0.187,0.07,0.091,0.2,0.018,1.955,0.048,0.047,0.192,40.43,0.011,0.052,6.481,0.03,36.42,72.13,1.086,0.186,8.05,"Approximate; raw foods reference-style, prepared foods recipe estimate"
707,Orange Juice,Suntala ko Juice,सुन्तलाको जुस,Orange Juice (Suntala ko Juice - सुन्तलाको जुस),Beverage,Fresh orange juice,per 100 g edible portion,39.69,1.496,0.926,0.363,0.108,7.569,5.586,1.118,0.092,4.701,26.58,97.39,13.45,0.019,2.976,0.175,0.069,0.089,0.209,0.021,1.916,0.05,0.054,0.177,43.22,0.01,0.053,6.182,0.033,33.7,57.5,0.94,0.193,7.85,"Approximate; raw foods reference-style, prepared foods recipe estimate"
708,Pomegranate Juice,Anar ko Juice,अनारको जुस,Pomegranate Juice (Anar ko Juice - अनारको जुस),Beverage,Fresh pomegranate juice,per 100 g edible portion,45.08,1.556,0.834,0.448,0.099,6.707,5.503,1.08,0.1,4.745,23.02,85,15.74,0.021,2.629,0.178,0.078,0.098,0.212,0.018,2.168,0.047,0.055,0.204,50.35,0.009,0.047,7.026,0.028,32.84,62.98,0.964,0.213,8.24,"Approximate; raw foods reference-style, prepared foods recipe estimate"
709,Watermelon Juice,Kharbuja Juice,खरबुजा जुस,Watermelon Juice (Kharbuja Juice - खरबुजा जुस),Beverage,Fresh watermelon juice,per 100 g edible portion,43.33,1.506,0.86,0.383,0.095,6.177,6.103,1.125,0.102,4.728,25.75,90.8,14.55,0.02,2.714,0.175,0.073,0.09,0.198,0.021,1.949,0.052,0.044,0.202,47.02,0.01,0.052,6.319,0.032,37.76,61.62,0.991,0.196,8.15,"Approximate; raw foods reference-style, prepared foods recipe estimate"
710,Sugarcane Lemon Juice,Ukhu Kagati Ras,उखु कागती रस,Sugarcane Lemon Juice (Ukhu Kagati Ras - उखु कागती रस),Beverage,Sugarcane juice with lemon,per 100 g edible portion,50.31,1.488,0.998,0.365,0.101,6.404,6.336,1.111,0.101,4.826,26.39,87.08,14.42,0.019,3.173,0.173,0.078,0.098,0.205,0.02,1.911,0.05,0.048,0.205,44.05,0.01,0.054,7.498,0.03,39.1,61.48,0.907,0.199,8.03,"Approximate; raw foods reference-style, prepared foods recipe estimate"
711,Amla Juice,Amala ko Juice,अमलाको जुस,Amla Juice (Amala ko Juice - अमलाको जुस),Beverage,Indian gooseberry juice,per 100 g edible portion,42.9,1.569,0.974,0.353,0.094,6.485,5.94,1.145,0.107,4.453,25.15,91.95,14.04,0.021,2.737,0.183,0.065,0.111,0.2,0.021,2.028,0.044,0.044,0.192,42.39,0.009,0.054,7.108,0.033,35.77,64.91,0.91,0.195,8.14,"Approximate; raw foods reference-style, prepared foods recipe estimate"
712,Bael Pulp,Bel ko Gudi,बेलको गुदी,Bael Pulp (Bel ko Gudi - बेलको गुदी),Fruit,Bael fruit pulp,per 100 g edible portion,56.59,0.359,0.083,0.078,0.163,13.82,10.84,0.708,2.748,0,1.929,82.24,26.98,0.037,19.12,0,0.035,0.386,0.194,0.081,22.89,0,0.363,3.0,19.07,0.071,0.311,14.91,0.118,24.3,174.4,0.27,0.157,24.8,"Approximate; raw foods reference-style, prepared foods recipe estimate"
713,Tamarillo,Rukh Golbheda,रुख गोलभेँडा,Tamarillo (Rukh Golbheda - रुख गोलभेँडा),Fruit,Raw tamarillo,per 100 g edible portion,66.26,0.368,0.086,0.074,0.143,14.46,11.53,0.849,2.584,0,1.896,74.67,23.74,0.045,18.78,0,0.039,0.379,0.198,0.071,23.96,0,0.417,2.971,19.58,0.076,0.346,16.51,0.123,21.34,172.5,0.312,0.14,24.96,"Approximate; raw foods reference-style, prepared foods recipe estimate"
714,Cape Gooseberry,Rasbhari,रसभरी,Cape Gooseberry (Rasbhari - रसभरी),Fruit,Raw cape gooseberry,per 100 g edible portion,56.29,0.369,0.087,0.085,0.138,13.35,9.705,0.755,2.577,0,2.19,88.58,22.13,0.044,19.4,0,0.039,0.435,0.213,0.088,22.01,0,0.403,2.604,18.35,0.087,0.336,13.42,0.109,23.6,190.7,0.318,0.152,24.1,"Approximate; raw foods reference-style, prepared foods recipe estimate"
715,Hog Plum,Lapsi,लप्सी,Hog Plum (Lapsi - लप्सी),Fruit,Raw hog plum,per 100 g edible portion,64.11,0.38,0.071,0.071,0.142,14.24,12.21,0.894,2.459,0,1.998,76.56,27.99,0.044,17.04,0,0.036,0.388,0.178,0.073,27.97,0,0.388,3.295,16.96,0.084,0.371,15.97,0.121,21.3,177.9,0.319,0.167,25.42,"Approximate; raw foods reference-style, prepared foods recipe estimate"
716,Lapsi Candy,Lapsi Candy,लप्सी क्यान्डी,Lapsi Candy (Lapsi Candy - लप्सी क्यान्डी),Sweet,Sweetened hog plum candy,per 100 g edible portion,336.6,9.697,4.225,3.605,1.983,56.32,41.84,4.151,1.006,13.35,86.35,24.53,17.45,0.05,6.845,0.143,0.075,0.53,0.181,0.048,0,0.055,0.548,1.053,48.89,0.089,0.865,15.94,0.153,66.07,108.8,2.87,0.442,23.91,"Approximate; raw foods reference-style, prepared foods recipe estimate"
717,Lapsi Achar,Lapsi ko Achar,लप्सीको अचार,Lapsi Achar (Lapsi ko Achar - लप्सीको अचार),Pickle/Side,Hog plum pickle,per 100 g edible portion,63.61,3.105,0.604,1.215,1.505,7.701,3.246,1.469,2.189,0,892.4,88.72,51.17,0.055,21.39,0,0.054,0.734,0.222,0.119,10.87,0,0.684,8.825,44.53,0.133,0.89,23.36,0.236,42.11,222.0,0.774,0.492,25.63,"Approximate; raw foods reference-style, prepared foods recipe estimate"
718,Lapsi Chutney,Lapsi Chutney,लप्सी चट्नी,Lapsi Chutney (Lapsi Chutney - लप्सी चट्नी),Condiment,Hog plum chutney,per 100 g edible portion,106.2,4.959,0.756,1.934,2.202,10.86,4.367,2.306,2.419,0,441.7,76.79,69.64,0.069,27.55,0,0.054,0.992,0.284,0.144,10.63,0,0.864,12.31,48.37,0.26,1.122,42.51,0.429,75.31,267.0,1.21,0.728,31.85,"Approximate; raw foods reference-style, prepared foods recipe estimate"
719,Nepali Hog Plum Powder,Lapsi Dhulo,लप्सी धुलो,Nepali Hog Plum Powder (Lapsi Dhulo - लप्सी धुलो),Condiment,Dried hog plum powder,per 100 g edible portion,110.4,5.535,0.852,1.757,1.933,10.99,3.665,2.686,2.792,0,474.0,75.65,79.44,0.069,26.37,0,0.063,0.884,0.284,0.146,11.65,0,0.713,13.79,49.14,0.243,1.266,38.4,0.409,77.61,258.7,1.121,0.71,35.15,"Approximate; raw foods reference-style, prepared foods recipe estimate"
720,Wild Berry,Aiselu,ऐँसेलु,Wild Berry (Aiselu - ऐँसेलु),Fruit,Raw Himalayan raspberry,per 100 g edible portion,55.4,0.391,0.074,0.073,0.154,15.6,11.72,0.848,2.748,0,1.751,81.98,23.75,0.045,19.02,0,0.037,0.418,0.212,0.081,25.24,0,0.389,2.96,17.61,0.077,0.341,14.28,0.112,20.66,176.5,0.3,0.168,25.81,"Approximate; raw foods reference-style, prepared foods recipe estimate"
721,Barberry,Chutro,चुत्रो,Barberry (Chutro - चुत्रो),Fruit,Raw barberry,per 100 g edible portion,53.2,0.385,0.081,0.074,0.16,16.15,11.95,0.76,2.531,0,1.984,84.82,24.59,0.038,19.66,0,0.037,0.399,0.187,0.088,24.93,0,0.409,3.416,18.65,0.079,0.313,14.59,0.106,21.48,187.8,0.325,0.143,24.57,"Approximate; raw foods reference-style, prepared foods recipe estimate"
722,Sea Buckthorn Berry,Sea Buckthorn,सी बकथोर्न,Sea Buckthorn Berry (Sea Buckthorn - सी बकथोर्न),Fruit,Raw sea buckthorn berry,per 100 g edible portion,63.51,0.374,0.082,0.087,0.14,15.25,11.95,0.768,2.372,0,2.057,75.5,28.08,0.036,19.08,0,0.038,0.392,0.195,0.075,22.7,0,0.448,3.402,17.29,0.071,0.315,16.56,0.119,24.26,198.2,0.266,0.166,23.53,"Approximate; raw foods reference-style, prepared foods recipe estimate"
723,Sea Buckthorn Juice,Sea Buckthorn Juice,सी बकथोर्न जुस,Sea Buckthorn Juice (Sea Buckthorn Juice - सी बकथोर्न जुस),Beverage,Sea buckthorn juice,per 100 g edible portion,42.31,1.484,0.808,0.394,0.093,7.824,5.989,1.082,0.101,4.806,23.83,97.31,13.18,0.02,3.356,0.183,0.076,0.098,0.209,0.022,1.888,0.051,0.045,0.225,42.35,0.011,0.05,6.494,0.031,30.84,65.09,1.115,0.21,7.82,"Approximate; raw foods reference-style, prepared foods recipe estimate"
724,Rhododendron Juice,Laligurans Juice,लालीगुराँस जुस,Rhododendron Juice (Laligurans Juice - लालीगुराँस जुस),Beverage,Rhododendron flower drink,per 100 g edible portion,47.91,1.61,0.862,0.432,0.091,6.351,6.02,1.065,0.098,4.748,21.51,85,14.42,0.02,3.254,0.22,0.064,0.107,0.205,0.018,1.964,0.046,0.047,0.176,43.97,0.01,0.044,7.821,0.029,36.7,71.86,1.055,0.182,7.98,"Approximate; raw foods reference-style, prepared foods recipe estimate"
725,Rhododendron Squash,Laligurans Squash,लालीगुराँस स्क्वास,Rhododendron Squash (Laligurans Squash - लालीगुराँस स्क्वास),Beverage,Sweetened rhododendron drink,per 100 g edible portion,39.93,1.553,0.965,0.353,0.093,6.849,6.678,1.239,0.105,5.37,23.53,87.28,15.32,0.02,2.833,0.193,0.074,0.1,0.178,0.02,2.154,0.052,0.054,0.19,40.83,0.011,0.049,7.626,0.034,34.09,57.96,0.991,0.187,8.35,"Approximate; raw foods reference-style, prepared foods recipe estimate"
726,Mulberry Juice,Kimbu Juice,किम्बु जुस,Mulberry Juice (Kimbu Juice - किम्बु जुस),Beverage,Fresh mulberry juice,per 100 g edible portion,49.51,1.361,0.836,0.442,0.098,6.253,6.176,1.132,0.112,4.695,25.34,86.95,15.09,0.02,2.776,0.174,0.075,0.105,0.221,0.019,2.131,0.05,0.054,0.21,46.36,0.009,0.05,7.11,0.029,36.74,69.12,0.979,0.196,8.36,"Approximate; raw foods reference-style, prepared foods recipe estimate"
727,Wood Apple Drink,Bel Pana,बेल पना,Wood Apple Drink (Bel Pana - बेल पना),Beverage,Wood apple drink,per 100 g edible portion,44.89,1.498,0.859,0.372,0.107,6.422,6.322,1.334,0.092,4.681,26.92,100.1,16.84,0.022,2.618,0.186,0.07,0.095,0.198,0.022,2.209,0.051,0.055,0.2,41.32,0.009,0.053,6.234,0.03,32.2,65.08,0.936,0.196,8.66,"Approximate; raw foods reference-style, prepared foods recipe estimate"
728,Cucumber Lemon Drink,Kakro Kagati Pani,काँक्रो कागती पानी,Cucumber Lemon Drink (Kakro Kagati Pani - काँक्रो कागती पानी),Beverage,Cucumber lemon drink,per 100 g edible portion,49.79,1.402,0.819,0.438,0.093,6.994,5.991,1.086,0.106,4.945,21.68,93.4,13.99,0.02,2.738,0.177,0.075,0.11,0.194,0.019,1.775,0.045,0.054,0.213,39.96,0.011,0.054,6.975,0.028,36.57,59.98,1.09,0.188,7.69,"Approximate; raw foods reference-style, prepared foods recipe estimate"
729,Mint Lemon Drink,Pudina Kagati Pani,पुदिना कागती पानी,Mint Lemon Drink (Pudina Kagati Pani - पुदिना कागती पानी),Beverage,Mint lemon drink,per 100 g edible portion,46.01,1.418,0.896,0.371,0.088,6.644,5.428,1.251,0.098,5.574,28.43,85,15.08,0.022,2.9,0.199,0.076,0.106,0.178,0.018,2.082,0.051,0.05,0.196,41.78,0.011,0.053,6.663,0.032,36.32,69.99,1.054,0.211,8.48,"Approximate; raw foods reference-style, prepared foods recipe estimate"
730,Veg Sandwich,Veg Sandwich,भेज स्यान्डविच,Veg Sandwich (Veg Sandwich - भेज स्यान्डविच),Snack,Vegetable sandwich,per 100 g edible portion,304.7,13.21,2.082,3.725,4.588,32.34,4.337,5.684,2.76,6.219,496.2,35.83,22.99,0.128,34.14,0.053,0.071,1.701,0.277,0.145,4.03,0,0.983,4.795,34.21,0.194,1.88,42.84,0.594,127.2,236.4,5.383,1.028,43.4,"Approximate; raw foods reference-style, prepared foods recipe estimate"
731,Chicken Sandwich,Chicken Sandwich,चिकेन स्यान्डविच,Chicken Sandwich (Chicken Sandwich - चिकेन स्यान्डविच),Snack,Chicken sandwich,per 100 g edible portion,252.4,12.98,2.367,3.814,4.864,32.2,4.074,6.542,3.105,5.488,468.4,43.12,19.61,0.129,29.93,0.051,0.086,1.715,0.282,0.16,3.982,0,0.997,4.78,35.96,0.18,1.859,44.52,0.584,127.2,233.8,4.586,1.036,48.9,"Approximate; raw foods reference-style, prepared foods recipe estimate"
732,Egg Sandwich,Anda Sandwich,अण्डा स्यान्डविच,Egg Sandwich (Anda Sandwich - अण्डा स्यान्डविच),Snack,Egg sandwich,per 100 g edible portion,292.4,11.12,2.029,4.098,4.657,33.57,4.402,6.384,3.109,6.47,585.7,39.61,19.08,0.114,27.17,0.051,0.074,1.592,0.329,0.16,4.165,0,1.17,4.808,31.22,0.188,1.754,40.34,0.57,105.9,267.8,4.628,0.932,47.45,"Approximate; raw foods reference-style, prepared foods recipe estimate"
733,Cheese Sandwich,Cheese Sandwich,चिज स्यान्डविच,Cheese Sandwich (Cheese Sandwich - चिज स्यान्डविच),Snack,Cheese sandwich,per 100 g edible portion,264.2,11.31,2.312,3.728,4.846,32.25,4.332,5.702,3.061,6.599,615.5,43.77,21.92,0.122,31.93,0.045,0.078,1.46,0.296,0.136,3.997,0,1.002,4.881,33.5,0.169,1.9,45.88,0.596,111.7,235.2,5.259,0.952,45.69,"Approximate; raw foods reference-style, prepared foods recipe estimate"
734,Veg Burger,Veg Burger,भेज बर्गर,Veg Burger (Veg Burger - भेज बर्गर),Snack,Vegetable burger,per 100 g edible portion,260.8,11.97,2.304,4.026,4.673,32.68,3.654,5.976,2.731,5.917,462.0,38.53,19.72,0.116,28.53,0.045,0.089,1.573,0.284,0.149,3.636,0,1.154,5.274,34.64,0.162,1.983,39.21,0.494,107.3,232.3,5.213,0.924,44.92,"Approximate; raw foods reference-style, prepared foods recipe estimate"
735,Chicken Burger,Chicken Burger,चिकेन बर्गर,Chicken Burger (Chicken Burger - चिकेन बर्गर),Snack,Chicken burger,per 100 g edible portion,314.1,12.29,2.229,3.699,4.707,31.4,4.357,6.641,2.946,6.369,564.0,38.84,18.71,0.107,29.54,0.052,0.084,1.411,0.333,0.133,4.474,0,1.198,5.468,32.39,0.178,1.813,38.21,0.601,113.3,252.2,4.768,1.084,47.18,"Approximate; raw foods reference-style, prepared foods recipe estimate"
736,Buff Burger,Buff Burger,बफ बर्गर,Buff Burger (Buff Burger - बफ बर्गर),Snack,Buffalo burger,per 100 g edible portion,259.5,12.81,2.424,4.187,4.201,29.65,3.761,6.251,2.941,5.394,484.6,41.74,21.46,0.108,31.86,0.043,0.083,1.474,0.29,0.155,3.752,0,1.219,5.243,36.96,0.159,1.748,42.36,0.598,117.9,267.6,5.389,1.11,47.03,"Approximate; raw foods reference-style, prepared foods recipe estimate"
737,French Fries,French Fries,फ्रेन्च फ्राइज,French Fries (French Fries - फ्रेन्च फ्राइज),Snack,Deep-fried potato,per 100 g edible portion,327.7,16.08,2.275,4.325,4.379,29.38,3.649,5.862,3.06,6.129,445.7,37.79,22.83,0.128,28.74,0.043,0.072,1.634,0.285,0.135,4.329,0,1.003,5.746,31.69,0.164,1.723,38.99,0.55,134.1,264.0,4.876,1.102,44.7,"Approximate; raw foods reference-style, prepared foods recipe estimate"
738,Potato Wedges,Aalu Wedges,आलु वेजेस,Potato Wedges (Aalu Wedges - आलु वेजेस),Snack,Baked/fried potato wedges,per 100 g edible portion,279.2,17.32,2.188,4.253,4.106,32.51,4.328,5.9,3.238,6.412,538.2,35.84,17.78,0.129,27.65,0.049,0.082,1.651,0.292,0.154,4.413,0,1.076,4.79,32.7,0.168,1.941,40.95,0.601,110.2,267.9,4.862,0.921,47.18,"Approximate; raw foods reference-style, prepared foods recipe estimate"
739,Masala Fries,Masala Fries,मसला फ्राइज,Masala Fries (Masala Fries - मसला फ्राइज),Snack,Seasoned fries,per 100 g edible portion,305.2,16.31,2.448,3.999,4.284,32.35,3.535,5.53,3.175,5.457,533.5,40.85,22.75,0.114,30.01,0.056,0.087,1.433,0.302,0.137,4.048,0,1.0,4.797,39.18,0.162,1.898,45.48,0.557,119.0,218.7,5.424,1.021,45.0,"Approximate; raw foods reference-style, prepared foods recipe estimate"
740,Veg Pizza,Veg Pizza,भेज पिज्जा,Veg Pizza (Veg Pizza - भेज पिज्जा),Prepared Meal,Vegetable pizza,per 100 g edible portion,202.1,7.888,1.236,2.34,1.837,22.41,2.497,7.302,2.294,19.81,522.6,61.17,47.9,0.084,38.31,0.193,0.082,1.431,0.382,0.16,5.355,0.096,0.64,6.662,33.41,0.157,1.489,30.0,0.372,109.0,178.5,6.13,1.103,45.72,"Approximate; raw foods reference-style, prepared foods recipe estimate"
741,Chicken Pizza,Chicken Pizza,चिकेन पिज्जा,Chicken Pizza (Chicken Pizza - चिकेन पिज्जा),Prepared Meal,Chicken pizza,per 100 g edible portion,205.1,7.123,1.32,2.207,2.039,22.41,2.681,6.802,2.373,18.68,470.5,62.52,62.05,0.083,38.66,0.187,0.089,1.337,0.359,0.155,5.558,0.098,0.558,5.593,31.8,0.13,1.248,32.1,0.36,120.3,212.4,5.842,1.026,44.28,"Approximate; raw foods reference-style, prepared foods recipe estimate"
742,Paneer Pizza,Paneer Pizza,पनीर पिज्जा,Paneer Pizza (Paneer Pizza - पनीर पिज्जा),Prepared Meal,Paneer pizza,per 100 g edible portion,173.7,6.87,1.21,2.167,2.003,26.18,2.352,7.006,2.198,18.51,527.0,52.85,58.08,0.089,39.08,0.195,0.083,1.386,0.39,0.153,6.054,0.106,0.615,6.159,30.99,0.152,1.249,31.55,0.348,97.22,200.6,6.687,0.974,44.1,"Approximate; raw foods reference-style, prepared foods recipe estimate"
743,Cheese Pizza,Cheese Pizza,चिज पिज्जा,Cheese Pizza (Cheese Pizza - चिज पिज्जा),Prepared Meal,Cheese pizza,per 100 g edible portion,181.8,6.636,1.445,2.239,2.032,23.82,2.455,7.694,2.572,19.26,508.7,53.21,58.01,0.1,35.44,0.189,0.083,1.594,0.371,0.167,5.463,0.107,0.554,5.864,26.87,0.147,1.405,26.9,0.33,104.2,180.4,5.387,0.935,47.72,"Approximate; raw foods reference-style, prepared foods recipe estimate"
744,Veg Pasta,Veg Pasta,भेज पास्ता,Veg Pasta (Veg Pasta - भेज पास्ता),Prepared Meal,Vegetable pasta,per 100 g edible portion,165.2,5.745,1.414,2.293,1.768,25.63,2.545,6.167,2.192,17.77,390.4,63.46,52.17,0.1,38.0,0.185,0.085,1.592,0.381,0.164,5.312,0.106,0.582,5.333,27.58,0.125,1.297,26.48,0.361,99.19,202.5,5.29,0.998,40.68,"Approximate; raw foods reference-style, prepared foods recipe estimate"
745,Chicken Pasta,Chicken Pasta,चिकेन पास्ता,Chicken Pasta (Chicken Pasta - चिकेन पास्ता),Prepared Meal,Chicken pasta,per 100 g edible portion,186.1,5.727,1.33,1.865,1.878,24.43,2.508,7.487,2.18,18.52,372.4,63.93,52.76,0.098,32.28,0.189,0.081,1.335,0.38,0.145,6.542,0.105,0.542,6.62,26.96,0.148,1.468,28.06,0.378,118.8,179.0,5.563,1.077,45.65,"Approximate; raw foods reference-style, prepared foods recipe estimate"
746,White Sauce Pasta,White Sauce Pasta,ह्वाइट सस पास्ता,White Sauce Pasta (White Sauce Pasta - ह्वाइट सस पास्ता),Prepared Meal,Creamy white sauce pasta,per 100 g edible portion,194.9,5.489,1.165,1.896,1.973,25.07,2.608,7.239,2.684,19.76,432.8,66.5,57.48,0.098,31.59,0.212,0.083,1.327,0.336,0.142,6.297,0.096,0.625,5.762,29.65,0.151,1.517,32.74,0.331,112.9,203.1,6.447,0.934,47.84,"Approximate; raw foods reference-style, prepared foods recipe estimate"
747,Red Sauce Pasta,Red Sauce Pasta,रेड सस पास्ता,Red Sauce Pasta (Red Sauce Pasta - रेड सस पास्ता),Prepared Meal,Tomato sauce pasta,per 100 g edible portion,190.8,5.885,1.43,2.15,2.188,22.48,2.568,6.81,2.551,20.05,358.6,60.58,60.86,0.09,39.72,0.196,0.073,1.378,0.313,0.158,5.33,0.112,0.569,6.153,27.57,0.149,1.327,32.6,0.324,114.7,203.8,6.694,1.035,44.99,"Approximate; raw foods reference-style, prepared foods recipe estimate"
748,Macaroni Veg,Veg Macaroni,भेज म्याकरोनी,Macaroni Veg (Veg Macaroni - भेज म्याकरोनी),Prepared Meal,Vegetable macaroni,per 100 g edible portion,157.1,5.552,1.149,1.948,2.216,23.39,2.711,6.273,2.214,19.85,420.4,55.17,54.95,0.095,34.94,0.197,0.088,1.383,0.317,0.134,6.695,0.099,0.606,6.021,30.27,0.149,1.242,28.11,0.369,109.1,199.8,6.69,0.898,41.53,"Approximate; raw foods reference-style, prepared foods recipe estimate"
749,Macaroni Chicken,Chicken Macaroni,चिकेन म्याकरोनी,Macaroni Chicken (Chicken Macaroni - चिकेन म्याकरोनी),Prepared Meal,Chicken macaroni,per 100 g edible portion,194.4,6.528,1.255,2.325,2.149,26.29,2.455,6.423,2.324,16.16,364.9,65.07,50.91,0.088,38.33,0.179,0.078,1.328,0.344,0.163,6.1,0.099,0.592,5.518,30.31,0.125,1.567,28.95,0.343,109.8,219.5,5.594,0.974,43.44,"Approximate; raw foods reference-style, prepared foods recipe estimate"
750,Veg Roll,Veg Roll,भेज रोल,Veg Roll (Veg Roll - भेज रोल),Snack,Flatbread vegetable roll,per 100 g edible portion,258.2,11.18,1.971,4.124,4.596,29.57,3.77,5.511,2.697,5.482,573.8,36.44,17.78,0.13,27.09,0.047,0.071,1.572,0.281,0.156,4.455,0,1.074,5.711,39.07,0.183,1.901,41.17,0.522,109.8,212.1,5.159,0.896,43.29,"Approximate; raw foods reference-style, prepared foods recipe estimate"
751,Chicken Roll,Chicken Roll,चिकेन रोल,Chicken Roll (Chicken Roll - चिकेन रोल),Snack,Flatbread chicken roll,per 100 g edible portion,261.2,12.43,1.983,3.644,4.639,29.9,4.445,6.316,3.045,6.343,517.5,42.83,18.22,0.129,25.54,0.057,0.079,1.585,0.285,0.136,4.114,0,1.133,4.834,39.0,0.184,1.909,43.03,0.557,113.4,266.2,4.766,0.945,48.27,"Approximate; raw foods reference-style, prepared foods recipe estimate"
752,Egg Roll,Egg Roll,अण्डा रोल,Egg Roll (Egg Roll - अण्डा रोल),Snack,Flatbread egg roll,per 100 g edible portion,262.7,11.77,2.051,3.602,4.201,34.99,4.316,6.53,2.812,6.465,460.1,36.31,19.4,0.133,33.59,0.052,0.081,1.438,0.282,0.166,3.536,0,1.199,5.606,37.37,0.191,1.847,43.39,0.559,134.1,247.1,5.307,1.06,47.37,"Approximate; raw foods reference-style, prepared foods recipe estimate"
753,Paneer Roll,Paneer Roll,पनीर रोल,Paneer Roll (Paneer Roll - पनीर रोल),Snack,Flatbread paneer roll,per 100 g edible portion,253.2,13.3,2.058,4.045,4.385,29.2,4.379,6.53,3.005,6.548,606.2,36.57,17.96,0.124,25.55,0.055,0.079,1.568,0.306,0.159,4.459,0,1.172,4.31,38.19,0.197,1.811,38.81,0.488,127.3,252.7,5.152,0.909,48.38,"Approximate; raw foods reference-style, prepared foods recipe estimate"
754,Buff Roll,Buff Roll,बफ रोल,Buff Roll (Buff Roll - बफ रोल),Snack,Flatbread buffalo roll,per 100 g edible portion,250.4,12.74,2.162,3.586,4.519,34.21,3.723,5.388,3.327,5.496,597.4,43.89,21.66,0.122,30.0,0.055,0.071,1.622,0.271,0.145,4.239,0,1.106,4.469,33.17,0.184,1.911,42.58,0.541,119.9,236.8,4.767,1.022,45.95,"Approximate; raw foods reference-style, prepared foods recipe estimate"
755,Veg Cutlet,Veg Cutlet,भेज कटलेट,Veg Cutlet (Veg Cutlet - भेज कटलेट),Snack,Vegetable cutlet,per 100 g edible portion,237.3,11.71,2.146,4.058,4.022,34.24,3.907,5.294,3.247,5.323,513.7,37.01,22.26,0.122,31.02,0.056,0.079,1.73,0.276,0.148,4.112,0,1.15,5.203,32.18,0.161,1.665,41.6,0.594,131.7,227.4,4.915,1.042,44.46,"Approximate; raw foods reference-style, prepared foods recipe estimate"
756,Chicken Cutlet,Chicken Cutlet,चिकेन कटलेट,Chicken Cutlet (Chicken Cutlet - चिकेन कटलेट),Snack,Chicken cutlet,per 100 g edible portion,237.8,12.08,2.189,3.869,4.041,28.81,4.4,5.694,2.847,6.676,488.5,36.69,19.42,0.107,27.36,0.048,0.071,1.421,0.333,0.154,4.107,0,1.029,4.693,39.13,0.169,1.607,44.08,0.551,128.9,259.7,5.383,1.116,44.7,"Approximate; raw foods reference-style, prepared foods recipe estimate"
757,Fish Cutlet,Fish Cutlet,फिस कटलेट,Fish Cutlet (Fish Cutlet - फिस कटलेट),Snack,Fish cutlet,per 100 g edible portion,282.7,11.01,2.262,3.719,4.789,32.3,3.702,5.287,2.708,6.683,523.0,39.19,17.46,0.115,32.85,0.044,0.074,1.737,0.307,0.158,3.914,0,1.054,5.747,31.79,0.184,1.918,44.85,0.532,130.5,261.6,5.078,0.947,42.52,"Approximate; raw foods reference-style, prepared foods recipe estimate"
758,Aloo Tikki,Aalu Tikki,आलु टिक्की,Aloo Tikki (Aalu Tikki - आलु टिक्की),Snack,Spiced potato patty,per 100 g edible portion,229.7,10.9,1.972,3.792,4.232,28.9,4.004,6.203,2.809,5.79,532.2,44.72,22.35,0.12,28.97,0.051,0.086,1.466,0.33,0.14,4.122,0,1.179,4.434,35.47,0.201,1.804,46.97,0.544,110.0,220.6,4.526,1.052,46.29,"Approximate; raw foods reference-style, prepared foods recipe estimate"
759,Chana Chaat,Chana Chaat,चना चाट,Chana Chaat (Chana Chaat - चना चाट),Snack,Spiced chickpea salad,per 100 g edible portion,272.7,11.06,2.005,3.76,4.984,30.29,3.95,6.661,2.764,5.307,510.0,35.82,18.94,0.126,28.05,0.052,0.075,1.578,0.306,0.144,4.219,0,0.993,4.589,33.97,0.193,1.758,45.72,0.548,132.6,246.9,5.512,1.067,47.36,"Approximate; raw foods reference-style, prepared foods recipe estimate"
760,Fruit Chaat,Falful Chaat,फलफूल चाट,Fruit Chaat (Falful Chaat - फलफूल चाट),Snack,Spiced fruit mix,per 100 g edible portion,232.0,11.63,2.059,3.663,4.412,33.11,3.7,6.132,3.302,5.738,531.1,44.24,19.11,0.132,26.12,0.048,0.088,1.79,0.323,0.143,4.435,0,1.171,4.814,38.7,0.198,1.956,44.29,0.538,114.9,256.7,4.779,0.99,49.14,"Approximate; raw foods reference-style, prepared foods recipe estimate"
761,Papdi Chaat,Papdi Chaat,पापडी चाट,Papdi Chaat (Papdi Chaat - पापडी चाट),Snack,Crisp chaat with yogurt/chutney,per 100 g edible portion,279.3,12.65,2.117,4.256,4.298,29.59,3.75,5.681,3.021,6.642,436.3,44.54,20.55,0.117,26.67,0.052,0.088,1.443,0.322,0.151,3.885,0,1.193,4.916,35.3,0.195,1.704,47.03,0.594,105.6,218.6,5.217,0.923,44.66,"Approximate; raw foods reference-style, prepared foods recipe estimate"
762,Dahi Vada,Dahi Bara,दही बारा,Dahi Vada (Dahi Bara - दही बारा),Snack,Lentil fritter in yogurt,per 100 g edible portion,283.1,13.93,2.393,3.937,4.197,30.53,4.461,6.101,3.257,6.443,464.1,36.37,21.38,0.113,27.31,0.048,0.081,1.539,0.318,0.134,3.716,0,1.196,5.106,31.5,0.164,1.793,43.61,0.553,107.8,237.1,4.784,1.111,47.14,"Approximate; raw foods reference-style, prepared foods recipe estimate"
763,Vada Pav,Vada Pav,वडा पाव,Vada Pav (Vada Pav - वडा पाव),Snack,Potato fritter bun,per 100 g edible portion,319.9,15.9,2.456,3.77,4.025,32.04,3.965,6.142,2.665,6.024,456.1,37.77,17.77,0.106,26.74,0.044,0.083,1.507,0.33,0.163,3.663,0,1.181,4.854,31.54,0.193,1.956,39.62,0.569,108.7,217.1,4.609,1.038,43.85,"Approximate; raw foods reference-style, prepared foods recipe estimate"
764,Pav Bhaji,Pav Bhaji,पाव भाजी,Pav Bhaji (Pav Bhaji - पाव भाजी),Prepared Meal,Spiced vegetable mash with bread,per 100 g edible portion,166.6,5.948,1.386,2.09,2.053,21.22,2.575,6.592,2.237,19.16,388.9,63.84,49.26,0.097,38.96,0.201,0.087,1.444,0.38,0.147,5.475,0.111,0.572,6.706,28.6,0.147,1.271,30.22,0.331,103.5,190.7,6.012,0.945,42.46,"Approximate; raw foods reference-style, prepared foods recipe estimate"
765,Chole Bhature,Chole Bhature,छोले भटुरे,Chole Bhature (Chole Bhature - छोले भटुरे),Prepared Meal,Chickpea curry with fried bread,per 100 g edible portion,187.8,7.01,1.41,2.312,2.182,23.22,2.372,6.699,2.63,18.33,434.2,63.25,51.23,0.097,36.24,0.207,0.083,1.409,0.344,0.167,5.523,0.107,0.611,5.8,33.4,0.145,1.42,30.86,0.338,117.5,212.8,5.556,1.022,45.5,"Approximate; raw foods reference-style, prepared foods recipe estimate"
766,Chole Kulche,Chole Kulche,छोले कुल्चे,Chole Kulche (Chole Kulche - छोले कुल्चे),Prepared Meal,Chickpea curry with kulcha,per 100 g edible portion,155.5,6.292,1.428,2.173,2.08,22.93,2.325,7.098,2.459,16.65,422.6,60.2,60.36,0.085,35.23,0.212,0.086,1.651,0.338,0.148,5.886,0.096,0.573,5.533,27.52,0.129,1.466,28.09,0.35,119.7,205.7,6.356,0.889,45.77,"Approximate; raw foods reference-style, prepared foods recipe estimate"
767,Rajma Rice,Rajma Bhat,राजमा भात,Rajma Rice (Rajma Bhat - राजमा भात),Prepared Meal,Kidney bean curry with rice,per 100 g edible portion,164.8,6.123,1.294,1.938,2.025,24.55,2.644,7.059,2.411,17.36,391.2,63.18,57.53,0.098,40.07,0.203,0.075,1.673,0.391,0.157,5.461,0.093,0.529,5.605,26.55,0.135,1.562,32.28,0.389,118.0,199.7,6.623,0.948,45.67,"Approximate; raw foods reference-style, prepared foods recipe estimate"
768,Chana Rice,Chana Bhat,चना भात,Chana Rice (Chana Bhat - चना भात),Prepared Meal,Chickpea curry with rice,per 100 g edible portion,186.1,6.241,1.151,2.222,2.114,25.83,2.62,7.509,2.172,18.15,339.5,61.8,62.87,0.092,32.71,0.21,0.071,1.54,0.39,0.155,6.366,0.097,0.629,5.801,26.78,0.134,1.277,32.57,0.339,102.0,216.7,5.281,1.007,45.89,"Approximate; raw foods reference-style, prepared foods recipe estimate"
769,Egg Fried Rice,Anda Fried Rice,अण्डा फ्राइड राइस,Egg Fried Rice (Anda Fried Rice - अण्डा फ्राइड राइस),Prepared Meal,Egg fried rice,per 100 g edible portion,181.5,7.173,1.41,2.079,1.973,25.64,2.262,6.314,2.398,19.37,386.6,56.6,59.43,0.084,38.53,0.194,0.077,1.523,0.391,0.143,6.11,0.106,0.63,6.554,28.85,0.148,1.329,31.52,0.368,117.4,189.6,6.483,1.005,42.6,"Approximate; raw foods reference-style, prepared foods recipe estimate"
770,Chicken Fried Rice,Chicken Fried Rice,चिकेन फ्राइड राइस,Chicken Fried Rice (Chicken Fried Rice - चिकेन फ्राइड राइस),Prepared Meal,Chicken fried rice,per 100 g edible portion,206.0,8.223,1.33,2.227,2.15,26.25,2.293,6.442,2.524,19.59,361.5,64.36,46.84,0.084,34.71,0.187,0.081,1.559,0.319,0.139,5.494,0.104,0.58,5.572,33.23,0.147,1.358,27.14,0.356,120.0,204.4,5.693,1.069,43.66,"Approximate; raw foods reference-style, prepared foods recipe estimate"
771,Buff Fried Rice,Buff Fried Rice,बफ फ्राइड राइस,Buff Fried Rice (Buff Fried Rice - बफ फ्राइड राइस),Prepared Meal,Buffalo fried rice,per 100 g edible portion,186.7,7.35,1.148,2.149,1.892,23.07,2.345,6.238,2.371,19.35,372.3,64.26,58.45,0.089,38.55,0.201,0.079,1.588,0.354,0.162,6.206,0.097,0.541,6.378,26.94,0.124,1.389,33.18,0.358,96.99,210.5,6.225,1.087,42.62,"Approximate; raw foods reference-style, prepared foods recipe estimate"
772,Veg Fried Rice,Veg Fried Rice,भेज फ्राइड राइस,Veg Fried Rice (Veg Fried Rice - भेज फ्राइड राइस),Prepared Meal,Vegetable fried rice,per 100 g edible portion,208.0,7.624,1.158,2.313,1.76,23.67,2.267,6.887,2.653,18.82,431.7,55.06,49.16,0.081,35.85,0.183,0.073,1.555,0.367,0.168,6.127,0.109,0.616,6.498,30.5,0.134,1.316,30.38,0.314,118.2,205.5,6.493,0.96,45.91,"Approximate; raw foods reference-style, prepared foods recipe estimate"
773,Mixed Fried Rice,Mixed Fried Rice,मिक्स फ्राइड राइस,Mixed Fried Rice (Mixed Fried Rice - मिक्स फ्राइड राइस),Prepared Meal,Mixed meat/veg fried rice,per 100 g edible portion,221.2,8.581,1.251,2.333,2.123,23.95,2.311,6.606,2.132,16.12,417.8,54.69,51.19,0.098,33.18,0.205,0.079,1.61,0.313,0.144,6.569,0.111,0.597,6.547,26.92,0.151,1.525,29.2,0.332,120.1,206.9,5.389,0.984,42.91,"Approximate; raw foods reference-style, prepared foods recipe estimate"
774,Schezwan Fried Rice,Schezwan Fried Rice,सेजवान फ्राइड राइस,Schezwan Fried Rice (Schezwan Fried Rice - सेजवान फ्राइड राइस),Prepared Meal,Spicy Schezwan fried rice,per 100 g edible portion,220.8,6.905,1.254,2.075,1.921,21.12,2.546,7.324,2.395,19.12,395.9,54.38,56.16,0.096,33.23,0.217,0.083,1.511,0.34,0.153,6.164,0.108,0.629,6.112,30.0,0.142,1.501,31.14,0.337,100.3,201.9,6.217,0.943,46.65,"Approximate; raw foods reference-style, prepared foods recipe estimate"
775,Schezwan Noodles,Schezwan Noodles,सेजवान नुडल्स,Schezwan Noodles (Schezwan Noodles - सेजवान नुडल्स),Prepared Meal,Spicy Schezwan noodles,per 100 g edible portion,192.2,5.721,1.144,1.955,2.03,25.18,2.374,6.311,2.219,18.22,416.5,58.29,49.93,0.084,34.13,0.18,0.071,1.431,0.309,0.151,5.874,0.094,0.556,5.692,28.68,0.141,1.372,32.22,0.367,112.2,191.4,6.146,1.116,41.86,"Approximate; raw foods reference-style, prepared foods recipe estimate"
776,Chili Paneer,Chilli Paneer,चिल्ली पनीर,Chili Paneer (Chilli Paneer - चिल्ली पनीर),Prepared Meal,Paneer in chili sauce,per 100 g edible portion,154.2,5.901,1.296,2.296,2.198,24.03,2.361,7.469,2.52,16.83,396.4,54.0,52.3,0.086,34.47,0.176,0.075,1.624,0.311,0.151,5.575,0.101,0.647,5.831,29.31,0.126,1.352,29.11,0.378,97.09,207.5,6.202,1.043,47.16,"Approximate; raw foods reference-style, prepared foods recipe estimate"
777,Chili Chicken,Chilli Chicken,चिल्ली चिकेन,Chili Chicken (Chilli Chicken - चिल्ली चिकेन),Prepared Meal,Chicken in chili sauce,per 100 g edible portion,168.7,5.959,1.313,1.933,1.935,22.3,2.24,6.957,2.261,19.31,410.0,66.45,62.2,0.098,30.33,0.185,0.082,1.581,0.322,0.147,6.048,0.098,0.632,5.147,27.73,0.132,1.459,26.43,0.326,122.9,178.7,6.57,1.046,44.0,"Approximate; raw foods reference-style, prepared foods recipe estimate"
778,Chili Buff,Chilli Buff,चिल्ली बफ,Chili Buff (Chilli Buff - चिल्ली बफ),Prepared Meal,Buffalo in chili sauce,per 100 g edible portion,194.5,6.528,1.319,2.271,1.954,23.65,2.405,7.0,2.679,16.26,330.4,62.32,62.45,0.101,30.74,0.215,0.077,1.323,0.363,0.168,6.247,0.099,0.533,6.875,29.5,0.127,1.277,31.94,0.339,105.6,193.6,5.895,0.93,46.27,"Approximate; raw foods reference-style, prepared foods recipe estimate"
779,Manchurian Veg,Veg Manchurian,भेज मन्चुरियन,Manchurian Veg (Veg Manchurian - भेज मन्चुरियन),Prepared Meal,Vegetable balls in sauce,per 100 g edible portion,174.4,5.701,1.275,2.065,1.849,23.88,2.211,7.627,2.148,19.04,391.2,55.23,53.22,0.096,39.67,0.214,0.077,1.349,0.317,0.16,5.287,0.09,0.545,6.435,27.31,0.143,1.232,29.24,0.371,98.21,214.9,6.558,0.961,45.65,"Approximate; raw foods reference-style, prepared foods recipe estimate"
780,Manchurian Chicken,Chicken Manchurian,चिकेन मन्चुरियन,Manchurian Chicken (Chicken Manchurian - चिकेन मन्चुरियन),Prepared Meal,Chicken in Manchurian sauce,per 100 g edible portion,167.0,6.647,1.256,2.284,2.17,25.0,2.323,6.887,2.216,19.88,376.9,64.31,63.08,0.093,37.13,0.188,0.087,1.646,0.331,0.136,6.41,0.104,0.637,6.855,28.05,0.135,1.356,33.51,0.347,122.5,216.8,5.668,0.928,44.26,"Approximate; raw foods reference-style, prepared foods recipe estimate"
781,Hot and Sour Soup Veg,Veg Hot Sour Soup,भेज हट सावर सूप,Hot and Sour Soup Veg (Veg Hot Sour Soup - भेज हट सावर सूप),Prepared Meal,Vegetable hot and sour soup,per 100 g edible portion,102.7,5.804,1.257,2.258,2.166,21.99,2.284,7.531,2.272,18.09,414.7,82,57.32,0.097,37.2,0.222,0.073,1.56,0.326,0.16,6.413,0.103,0.636,6.864,30.6,0.133,1.355,32.7,0.334,103.9,195.2,5.85,1.089,46.56,"Approximate; raw foods reference-style, prepared foods recipe estimate"
782,Hot and Sour Soup Chicken,Chicken Hot Sour Soup,चिकेन हट सावर सूप,Hot and Sour Soup Chicken (Chicken Hot Sour Soup - चिकेन हट सावर सूप),Prepared Meal,Chicken hot and sour soup,per 100 g edible portion,126.4,6.588,1.176,1.97,1.976,23.45,2.537,6.51,2.512,19.68,380.5,82,56.63,0.088,34.2,0.204,0.078,1.596,0.351,0.135,5.581,0.097,0.613,6.43,32.83,0.124,1.488,32.22,0.364,115.7,199.2,5.949,0.885,44.37,"Approximate; raw foods reference-style, prepared foods recipe estimate"
783,Sweet Corn Soup Veg,Veg Sweet Corn Soup,भेज स्वीट कर्न सूप,Sweet Corn Soup Veg (Veg Sweet Corn Soup - भेज स्वीट कर्न सूप),Prepared Meal,Vegetable sweet corn soup,per 100 g edible portion,116.1,6.428,1.267,2.271,1.818,22.37,2.644,6.194,2.497,17.02,391.5,82,55.3,0.094,39.43,0.222,0.072,1.348,0.361,0.157,6.513,0.097,0.667,5.992,27.91,0.136,1.535,28.47,0.364,120.0,195.8,5.654,1.014,43.06,"Approximate; raw foods reference-style, prepared foods recipe estimate"
784,Sweet Corn Soup Chicken,Chicken Sweet Corn Soup,चिकेन स्वीट कर्न सूप,Sweet Corn Soup Chicken (Chicken Sweet Corn Soup - चिकेन स्वीट कर्न सूप),Prepared Meal,Chicken sweet corn soup,per 100 g edible portion,113.8,5.756,1.45,1.95,2.164,25.19,2.634,6.273,2.553,16.92,388.2,82,54.46,0.096,37.29,0.176,0.085,1.49,0.371,0.134,6.65,0.101,0.562,5.807,26.82,0.134,1.4,27.45,0.376,109.0,219.3,5.384,0.96,43.47,"Approximate; raw foods reference-style, prepared foods recipe estimate"
785,Corn Toast,Makai Toast,मकै टोस्ट,Corn Toast (Makai Toast - मकै टोस्ट),Bread,Corn bread toast,per 100 g edible portion,282.4,4.821,0.983,1.429,1.825,44.95,3.024,8.693,4.343,0,378.3,29.22,4.109,0.162,25.74,0,0.076,2.747,0.389,0.137,0,0,0.546,1.778,31.26,0.203,2.283,52.26,1.006,181.8,200.0,17.1,1.315,61.42,"Approximate; raw foods reference-style, prepared foods recipe estimate"
786,Multigrain Bread,Multigrain Pauroti,मल्टिग्रेन पाउरोटी,Multigrain Bread (Multigrain Pauroti - मल्टिग्रेन पाउरोटी),Bread,Multigrain bread,per 100 g edible portion,235.7,4.418,0.989,1.474,2.172,41.05,3.043,7.46,4.364,0,333.9,32.45,3.993,0.177,32.51,0,0.083,2.534,0.327,0.154,0,0,0.614,1.844,31.2,0.18,2.109,60.42,0.935,185.4,198.0,14.26,1.323,57.85,"Approximate; raw foods reference-style, prepared foods recipe estimate"
787,Oat Bread,Oats Pauroti,ओट्स पाउरोटी,Oat Bread (Oats Pauroti - ओट्स पाउरोटी),Bread,Oat bread,per 100 g edible portion,265.9,4.877,0.917,1.51,2.073,44.71,3.036,8.064,3.747,0,329.7,33.38,4.094,0.178,32.3,0,0.078,2.561,0.348,0.135,0,0,0.546,2.196,29.92,0.223,2.303,51.65,0.957,177.7,197.1,15.0,1.243,56.7,"Approximate; raw foods reference-style, prepared foods recipe estimate"
788,Rye Bread,Rye Pauroti,राई पाउरोटी,Rye Bread (Rye Pauroti - राई पाउरोटी),Bread,Rye bread,per 100 g edible portion,265.2,4.968,1.04,1.682,2.02,50.53,3.191,7.414,3.671,0,339.3,31.46,4.23,0.191,33.21,0,0.076,2.697,0.381,0.141,0,0,0.648,1.769,29.25,0.201,2.2,55.97,1.043,195.4,200.7,17.71,1.378,54.15,"Approximate; raw foods reference-style, prepared foods recipe estimate"
789,Cheese Toast,Cheese Toast,चिज टोस्ट,Cheese Toast (Cheese Toast - चिज टोस्ट),Snack,Toast with cheese,per 100 g edible portion,287.3,11.5,2.112,4.154,4.406,32.5,3.849,5.63,2.738,5.302,506.6,43.29,20.95,0.122,34.27,0.052,0.089,1.497,0.297,0.134,3.811,0,1.115,5.162,33.53,0.2,1.592,45.0,0.573,106.4,227.7,4.884,1.105,42.69,"Approximate; raw foods reference-style, prepared foods recipe estimate"
790,Egg Toast,Anda Toast,अण्डा टोस्ट,Egg Toast (Anda Toast - अण्डा टोस्ट),Snack,Toast with egg,per 100 g edible portion,287.3,13.14,2.088,3.599,5.029,29.85,4.382,6.703,2.658,6.611,475.2,43.54,19.47,0.127,32.29,0.046,0.084,1.541,0.293,0.151,3.652,0,1.069,5.729,33.46,0.184,1.73,41.89,0.577,127.6,245.1,5.159,0.902,46.31,"Approximate; raw foods reference-style, prepared foods recipe estimate"
791,French Toast,French Toast,फ्रेन्च टोस्ट,French Toast (French Toast - फ्रेन्च टोस्ट),Snack,Egg-milk fried bread,per 100 g edible portion,303.1,16.04,2.387,4.2,4.052,28.99,3.782,6.563,2.757,6.381,505.4,43.14,21.25,0.11,26.33,0.051,0.087,1.626,0.267,0.166,3.974,0,1.226,5.189,36.43,0.186,1.785,43.01,0.569,129.0,214.5,5.146,1.036,46.07,"Approximate; raw foods reference-style, prepared foods recipe estimate"
792,Pancake Plain,Plain Pancake,प्लेन प्यानकेक,Pancake Plain (Plain Pancake - प्लेन प्यानकेक),Sweet,Plain pancake,per 100 g edible portion,383.0,11.48,3.764,3.574,2.154,58.87,43.37,3.947,0.923,11.35,102.6,21.08,19.84,0.045,7.605,0.151,0.065,0.523,0.195,0.048,0,0.051,0.534,1.004,43.06,0.074,0.882,17.1,0.133,66.97,92.88,2.972,0.486,21.71,"Approximate; raw foods reference-style, prepared foods recipe estimate"
793,Banana Pancake,Kera Pancake,केरा प्यानकेक,Banana Pancake (Kera Pancake - केरा प्यानकेक),Sweet,Banana pancake,per 100 g edible portion,357.9,11.36,3.848,3.83,1.921,51.69,45.73,4.055,0.965,12.2,86.56,21.32,19.51,0.052,7.196,0.148,0.075,0.493,0.19,0.047,0,0.044,0.505,1.052,50.24,0.072,0.709,18.7,0.161,73.24,99.51,3.139,0.53,22.79,"Approximate; raw foods reference-style, prepared foods recipe estimate"
794,Honey Pancake,Maha Pancake,मह प्यानकेक,Honey Pancake (Maha Pancake - मह प्यानकेक),Sweet,Pancake with honey,per 100 g edible portion,375.4,10.51,4.214,3.861,2.091,58.08,42.22,4.022,1.096,13.28,81.93,20.86,21.94,0.056,8.014,0.128,0.075,0.555,0.182,0.047,0,0.054,0.46,1.133,39.98,0.075,0.819,17.42,0.139,66.94,88.21,3.045,0.515,22.57,"Approximate; raw foods reference-style, prepared foods recipe estimate"
795,Oatmeal with Milk,Dudh Oats,दूध ओट्स,Oatmeal with Milk (Dudh Oats - दूध ओट्स),Prepared Meal,Oats cooked with milk,per 100 g edible portion,158.3,6.123,1.286,1.974,1.762,22.24,2.657,6.556,2.35,18.57,333.0,54.2,50.47,0.081,38.93,0.203,0.087,1.61,0.386,0.155,6.231,0.101,0.562,5.102,30.89,0.151,1.292,32.42,0.308,107.5,179.8,5.625,1.116,43.19,"Approximate; raw foods reference-style, prepared foods recipe estimate"
796,Oatmeal with Banana,Kera Oats,केरा ओट्स,Oatmeal with Banana (Kera Oats - केरा ओट्स),Prepared Meal,Oats with banana,per 100 g edible portion,187.6,6.44,1.247,2.062,2.103,25.07,2.203,6.795,2.236,16.29,417.3,56.62,62.87,0.08,37.73,0.189,0.087,1.473,0.388,0.161,5.412,0.108,0.591,6.792,26.89,0.126,1.5,27.79,0.38,115.9,214.1,5.992,1.051,43.72,"Approximate; raw foods reference-style, prepared foods recipe estimate"
797,Muesli with Milk,Dudh Muesli,दूध म्युज्ली,Muesli with Milk (Dudh Muesli - दूध म्युज्ली),Prepared Meal,Muesli with milk,per 100 g edible portion,163.9,5.671,1.29,2.163,1.938,24.39,2.3,7.071,2.307,19.13,373.1,52.84,48.04,0.097,37.0,0.19,0.073,1.469,0.355,0.141,5.569,0.102,0.659,6.697,32.33,0.143,1.545,31.96,0.354,102.6,195.7,5.871,1.062,45.42,"Approximate; raw foods reference-style, prepared foods recipe estimate"
798,Cornflakes with Milk,Dudh Cornflakes,दूध कर्नफ्लेक्स,Cornflakes with Milk (Dudh Cornflakes - दूध कर्नफ्लेक्स),Prepared Meal,Cornflakes with milk,per 100 g edible portion,161.9,5.653,1.294,2.047,1.792,22.25,2.648,7.071,2.357,18.54,344.1,54.41,53.94,0.085,33.58,0.223,0.086,1.624,0.378,0.155,6.151,0.111,0.622,6.222,26.75,0.137,1.543,26.76,0.35,103.2,190.8,6.206,0.901,45.16,"Approximate; raw foods reference-style, prepared foods recipe estimate"
799,Boiled Corn Chaat,Makai Chaat,मकै चाट,Boiled Corn Chaat (Makai Chaat - मकै चाट),Snack,Boiled corn with spices,per 100 g edible portion,274.5,11.24,2.28,3.98,4.419,32.27,4.32,6.097,3.045,6.296,409.5,39.27,22.28,0.133,27.82,0.044,0.076,1.58,0.282,0.133,3.778,0,0.974,5.594,31.62,0.169,1.818,46.1,0.572,117.3,218.1,5.103,0.983,46.3,"Approximate; raw foods reference-style, prepared foods recipe estimate"
800,Popcorn Plain,Sada Popcorn,सादा पपकर्न,Popcorn Plain (Sada Popcorn - सादा पपकर्न),Snack,Air-popped popcorn,per 100 g edible portion,287.0,12.89,2.391,3.861,4.017,33.41,4.366,5.725,2.738,6.627,531.9,43.14,17.66,0.124,31.67,0.046,0.077,1.623,0.293,0.162,3.811,0,0.99,5.076,37.33,0.168,1.713,39.96,0.582,123.5,217.8,4.407,1.028,43.06,"Approximate; raw foods reference-style, prepared foods recipe estimate"
801,Butter Popcorn,Butter Popcorn,बटर पपकर्न,Butter Popcorn (Butter Popcorn - बटर पपकर्न),Snack,Butter popcorn,per 100 g edible portion,279.5,12.23,2.378,3.869,4.018,31.22,3.648,5.29,3.057,5.842,415.5,37.74,20.61,0.124,25.81,0.045,0.079,1.735,0.291,0.14,3.726,0,1.192,5.543,37.06,0.192,1.71,44.41,0.565,125.9,261.1,5.04,1.063,43.87,"Approximate; raw foods reference-style, prepared foods recipe estimate"
802,Masala Popcorn,Masala Popcorn,मसला पपकर्न,Masala Popcorn (Masala Popcorn - मसला पपकर्न),Snack,Spiced popcorn,per 100 g edible portion,234.2,10.9,2.136,3.888,4.127,34.8,3.91,6.442,3.141,6.429,501.8,36.96,20.53,0.124,32.24,0.045,0.072,1.451,0.275,0.144,4.097,0,1.126,4.58,36.8,0.198,1.937,39.52,0.574,120.7,211.6,5.183,1.104,48.47,"Approximate; raw foods reference-style, prepared foods recipe estimate"
803,Potato Chips,Aalu Chips,आलु चिप्स,Potato Chips (Aalu Chips - आलु चिप्स),Snack,Packaged potato chips,per 100 g edible portion,333.6,13.77,2.278,4.466,4.252,33.63,3.555,5.518,3.184,5.589,440.6,40.47,20.98,0.117,29.42,0.046,0.087,1.516,0.302,0.161,4.328,0,1.072,5.394,31.22,0.198,1.839,38.26,0.589,110.8,217.3,4.989,0.947,43.65,"Approximate; raw foods reference-style, prepared foods recipe estimate"
804,Banana Chips,Kera Chips,केरा चिप्स,Banana Chips (Kera Chips - केरा चिप्स),Snack,Fried banana chips,per 100 g edible portion,297.0,17.25,2.459,4.181,4.666,29.12,3.963,6.676,2.74,5.827,508.1,43.74,19.26,0.124,30.91,0.046,0.081,1.732,0.328,0.142,3.741,0,1.218,4.699,32.43,0.171,1.841,39.93,0.492,119.2,254.5,5.096,0.979,46.66,"Approximate; raw foods reference-style, prepared foods recipe estimate"
805,Cassava Chips,Simal Tarul Chips,सिमल तरुल चिप्स,Cassava Chips (Simal Tarul Chips - सिमल तरुल चिप्स),Snack,Fried cassava chips,per 100 g edible portion,319.2,16.01,2.089,3.809,4.368,31.29,4.334,5.338,3.18,6.654,516.9,37.1,21.92,0.123,29.39,0.052,0.073,1.601,0.322,0.139,4.094,0,1.003,5.58,37.08,0.178,1.733,41.13,0.549,108.0,229.5,4.884,1.036,43.53,"Approximate; raw foods reference-style, prepared foods recipe estimate"
806,Corn Chips,Makai Chips,मकै चिप्स,Corn Chips (Makai Chips - मकै चिप्स),Snack,Corn chips,per 100 g edible portion,302.7,15.14,2.335,4.219,4.95,32.44,3.69,6.465,2.763,6.313,540.1,40.41,18.41,0.133,25.59,0.043,0.082,1.738,0.276,0.138,4.428,0,1.152,5.069,30.83,0.178,1.836,41.88,0.493,107.3,233.5,4.604,1.055,45.89,"Approximate; raw foods reference-style, prepared foods recipe estimate"
807,Rice Crackers,Chamal Crackers,चामल क्र्याकर,Rice Crackers (Chamal Crackers - चामल क्र्याकर),Snack,Rice crackers,per 100 g edible portion,282.3,13.31,2.418,4.009,4.981,34.28,3.744,6.693,3.109,6.54,489.7,37.75,18.53,0.128,29.5,0.054,0.086,1.696,0.272,0.136,3.755,0,1.065,4.928,31.31,0.197,1.69,40.57,0.6,128.6,213.6,5.405,0.94,47.83,"Approximate; raw foods reference-style, prepared foods recipe estimate"
808,Namkeen Mix,Namkeen,नमकिन,Namkeen Mix (Namkeen - नमकिन),Snack,Mixed savory snack,per 100 g edible portion,290.0,12.1,2.285,3.97,4.386,34.17,3.83,6.299,3.238,6.6,523.9,36.6,17.58,0.132,29.96,0.051,0.088,1.602,0.28,0.168,4.023,0,1.064,5.032,34.66,0.201,1.655,45.91,0.5,127.2,244.4,5.002,1.096,47.73,"Approximate; raw foods reference-style, prepared foods recipe estimate"
809,Bhujia,Bhujia,भुजिया,Bhujia (Bhujia - भुजिया),Snack,Fried gram flour snack,per 100 g edible portion,295.3,14.6,2.194,4.301,4.596,28.44,4.03,6.069,3.348,5.679,415.6,43.75,18.32,0.133,29.39,0.05,0.073,1.726,0.318,0.138,3.916,0,0.993,4.824,33.92,0.161,1.814,40.93,0.613,115.9,237.4,4.962,0.917,47.3,"Approximate; raw foods reference-style, prepared foods recipe estimate"
810,Sev,Sev,सेव,Sev (Sev - सेव),Snack,Fried gram flour noodles,per 100 g edible portion,318.2,15.88,2.077,3.569,4.425,30.1,3.701,6.064,3.202,6.588,476.6,39.93,21.29,0.131,32.33,0.046,0.085,1.684,0.319,0.165,3.997,0,1.122,5.296,37.68,0.177,1.987,41.91,0.536,109.3,227.2,4.733,1.003,46.76,"Approximate; raw foods reference-style, prepared foods recipe estimate"
811,Instant Noodles Cooked,Pakako Chau Chau,पकाएको चाउचाउ,Instant Noodles Cooked (Pakako Chau Chau - पकाएको चाउचाउ),Prepared Meal,Cooked instant noodles,per 100 g edible portion,156.5,6.484,1.289,2.238,2.151,25.95,2.404,7.064,2.603,16.59,407.9,65.79,61.42,0.09,31.67,0.214,0.088,1.481,0.36,0.161,6.622,0.1,0.647,5.243,29.68,0.129,1.527,28.43,0.366,97.69,180.8,6.271,1.043,46.46,"Approximate; raw foods reference-style, prepared foods recipe estimate"
812,Instant Noodles Dry,Sukha Chau Chau,सुक्खा चाउचाउ,Instant Noodles Dry (Sukha Chau Chau - सुक्खा चाउचाउ),Snack,Dry instant noodles,per 100 g edible portion,277.9,11.4,2.364,3.803,4.854,34.63,4.309,6.341,3.003,6.415,493.1,36.27,19.96,0.115,25.6,0.05,0.079,1.779,0.286,0.136,4.117,0,0.985,4.571,32.54,0.173,1.729,46.01,0.498,106.7,226.9,4.577,1.079,46.9,"Approximate; raw foods reference-style, prepared foods recipe estimate"
813,Milk Tea Less Sugar,Kam Chini Chiya,कम चिनी चिया,Milk Tea Less Sugar (Kam Chini Chiya - कम चिनी चिया),Beverage,Milk tea with less sugar,per 100 g edible portion,35.16,1.343,0.963,0.417,0.101,6.926,3.028,1.183,0.091,5.134,26.08,97.64,14.26,0.019,3.069,0.173,0.062,0.101,0.194,0.018,2.05,0.055,0.045,0.185,49.94,0.011,0.054,7.445,0.031,32.6,66.06,1.035,0.201,8.58,"Approximate; raw foods reference-style, prepared foods recipe estimate"
814,Milk Tea No Sugar,Chini Bina Chiya,चिनी बिना चिया,Milk Tea No Sugar (Chini Bina Chiya - चिनी बिना चिया),Beverage,Milk tea without sugar,per 100 g edible portion,27.08,1.637,0.799,0.354,0.096,7.539,0.991,1.134,0.109,5.418,26.33,98.97,16.8,0.018,3.415,0.225,0.069,0.096,0.191,0.02,2.169,0.055,0.044,0.179,49.87,0.011,0.046,6.532,0.031,32.93,65.43,0.884,0.193,8.44,"Approximate; raw foods reference-style, prepared foods recipe estimate"
815,Black Tea Sugar,Chini Kalo Chiya,चिनी कालो चिया,Black Tea Sugar (Chini Kalo Chiya - चिनी कालो चिया),Beverage,Black tea with sugar,per 100 g edible portion,47.0,1.407,0.8,0.38,0.101,6.9,5.337,1.196,0.099,5.542,28.27,94.97,12.78,0.018,3.266,0.2,0.075,0.11,0.193,0.02,1.774,0.047,0.053,0.184,46.82,0.01,0.046,6.399,0.028,37.22,60.23,1.008,0.193,8.31,"Approximate; raw foods reference-style, prepared foods recipe estimate"
816,Green Tea Honey,Maha Green Tea,मह ग्रीन टी,Green Tea Honey (Maha Green Tea - मह ग्रीन टी),Beverage,Green tea with honey,per 100 g edible portion,47.32,1.449,0.846,0.437,0.111,7.611,5.547,1.319,0.092,5.297,27.81,96.21,12.8,0.021,3.3,0.187,0.065,0.096,0.181,0.019,1.973,0.046,0.049,0.17,40.92,0.011,0.052,7.339,0.033,33.53,63.13,0.986,0.212,8.58,"Approximate; raw foods reference-style, prepared foods recipe estimate"
817,Lemon Honey Tea,Kagati Maha Chiya,कागती मह चिया,Lemon Honey Tea (Kagati Maha Chiya - कागती मह चिया),Beverage,Tea with lemon and honey,per 100 g edible portion,40.55,1.394,0.891,0.418,0.094,6.331,5.607,1.206,0.104,5.557,24.44,100.7,16.13,0.018,2.629,0.175,0.074,0.106,0.197,0.018,1.899,0.054,0.052,0.174,43.85,0.009,0.046,7.171,0.028,37.43,67.25,1.049,0.214,8.38,"Approximate; raw foods reference-style, prepared foods recipe estimate"
818,Ginger Honey Tea,Aduwa Maha Chiya,अदुवा मह चिया,Ginger Honey Tea (Aduwa Maha Chiya - अदुवा मह चिया),Beverage,Tea with ginger and honey,per 100 g edible portion,50.29,1.374,0.948,0.369,0.091,7.073,6.595,1.267,0.103,5.362,21.35,95.59,14.71,0.021,2.872,0.215,0.077,0.099,0.206,0.022,2.184,0.047,0.055,0.21,48.92,0.01,0.054,6.945,0.029,31.57,61.11,0.981,0.201,8.83,"Approximate; raw foods reference-style, prepared foods recipe estimate"
819,Cardamom Tea,Sukumel Chiya,सुकुमेल चिया,Cardamom Tea (Sukumel Chiya - सुकुमेल चिया),Beverage,Milk tea with cardamom,per 100 g edible portion,47.09,1.479,0.935,0.415,0.103,7.472,6.54,1.223,0.097,4.506,26.05,93.52,13.91,0.02,2.881,0.209,0.071,0.095,0.181,0.018,2.219,0.049,0.055,0.178,45.9,0.01,0.053,7.711,0.033,32.71,67.82,0.884,0.185,8.63,"Approximate; raw foods reference-style, prepared foods recipe estimate"
820,Cinnamon Tea,Dalchini Chiya,दालचिनी चिया,Cinnamon Tea (Dalchini Chiya - दालचिनी चिया),Beverage,Tea with cinnamon,per 100 g edible portion,44.72,1.641,0.93,0.392,0.106,7.731,5.407,1.212,0.107,4.836,23.01,90.16,16.41,0.018,2.868,0.221,0.076,0.101,0.185,0.019,1.817,0.056,0.052,0.212,47.76,0.011,0.047,6.699,0.03,39.15,63.04,0.956,0.197,8.51,"Approximate; raw foods reference-style, prepared foods recipe estimate"
821,Black Coffee Sugar,Chini Kalo Coffee,चिनी कालो कफी,Black Coffee Sugar (Chini Kalo Coffee - चिनी कालो कफी),Beverage,Black coffee with sugar,per 100 g edible portion,41.52,1.504,0.841,0.352,0.106,6.299,6.636,1.287,0.108,4.748,22.1,85.05,14.04,0.02,2.911,0.211,0.071,0.104,0.176,0.018,1.909,0.053,0.055,0.189,49.72,0.009,0.054,7.102,0.03,36.65,67.08,0.984,0.222,8.97,"Approximate; raw foods reference-style, prepared foods recipe estimate"
822,Cappuccino,Cappuccino,क्यापुचिनो,Cappuccino (Cappuccino - क्यापुचिनो),Beverage,Milk coffee,per 100 g edible portion,47.92,1.505,0.879,0.369,0.111,6.172,5.565,1.2,0.106,4.499,25.7,90.01,16.94,0.019,2.995,0.18,0.072,0.095,0.183,0.022,2.105,0.047,0.046,0.191,42.16,0.011,0.045,6.581,0.028,33.23,65.71,1.014,0.223,8.29,"Approximate; raw foods reference-style, prepared foods recipe estimate"
823,Latte,Latte,लाटे,Latte (Latte - लाटे),Beverage,Milk-heavy coffee,per 100 g edible portion,49.3,1.617,0.954,0.397,0.093,6.242,6.39,1.075,0.104,4.704,21.72,87.79,14.14,0.022,3.284,0.212,0.065,0.093,0.217,0.02,1.807,0.046,0.048,0.202,44.54,0.009,0.046,6.743,0.032,36.89,68.87,0.973,0.209,7.94,"Approximate; raw foods reference-style, prepared foods recipe estimate"
824,Mocha,Mocha,मोका,Mocha (Mocha - मोका),Beverage,Coffee with milk and cocoa,per 100 g edible portion,47.46,1.467,0.826,0.399,0.092,7.698,5.559,1.157,0.097,4.827,21.52,95.13,17.25,0.021,3.093,0.201,0.062,0.09,0.217,0.02,2.164,0.05,0.05,0.182,49.95,0.009,0.047,6.42,0.029,35.93,61.25,0.94,0.185,8.41,"Approximate; raw foods reference-style, prepared foods recipe estimate"
825,Espresso,Espresso,एस्प्रेसो,Espresso (Espresso - एस्प्रेसो),Beverage,Single espresso coffee,per 100 g edible portion,9,0.2,0.05,0.05,0.08,1.7,0,0.1,0,0,4,97,15.33,0.019,2.846,0.182,0.073,0.103,0.215,0.022,1.762,0.049,0.045,0.176,47.3,0.009,0.056,7.226,0.034,37.75,63.53,1.093,0.221,4.2,"Approximate; raw foods reference-style, prepared foods recipe estimate"
826,Americano,Americano,अमेरिकानो,Americano (Americano - अमेरिकानो),Beverage,Espresso diluted with hot water,per 100 g edible portion,3,0.05,0,0.01,0.02,0.5,0,0.1,0,0,3,99,16.13,0.021,2.812,0.182,0.074,0.107,0.22,0.021,1.942,0.044,0.048,0.207,49.12,0.011,0.052,6.659,0.033,37.73,58.9,0.931,0.184,4.23,"Approximate; raw foods reference-style, prepared foods recipe estimate"
827,Iced Coffee,Chiso Coffee,चिसो कफी,Iced Coffee (Chiso Coffee - चिसो कफी),Beverage,Cold coffee with milk and sugar,per 100 g edible portion,48.85,1.429,0.982,0.434,0.093,7.566,6.318,1.095,0.106,5.294,27.83,95.12,14.23,0.018,3.161,0.183,0.065,0.099,0.205,0.021,1.947,0.045,0.048,0.19,48.57,0.009,0.046,7.718,0.032,38.39,69.78,0.945,0.191,8.3,"Approximate; raw foods reference-style, prepared foods recipe estimate"
828,Iced Tea Lemon,Chiso Kagati Chiya,चिसो कागती चिया,Iced Tea Lemon (Chiso Kagati Chiya - चिसो कागती चिया),Beverage,Cold lemon tea,per 100 g edible portion,42.35,1.494,0.969,0.4,0.093,7.668,5.526,1.059,0.096,5.162,21.31,94.81,17.17,0.02,3.057,0.206,0.073,0.093,0.213,0.018,1.849,0.051,0.055,0.19,47.49,0.011,0.055,6.681,0.028,37.41,59.07,0.985,0.201,7.89,"Approximate; raw foods reference-style, prepared foods recipe estimate"
829,Cold Cocoa Milk,Chiso Chocolate Dudh,चिसो चकलेट दूध,Cold Cocoa Milk (Chiso Chocolate Dudh - चिसो चकलेट दूध),Beverage,Cold cocoa milk,per 100 g edible portion,48.64,1.514,1.002,0.438,0.11,6.32,5.328,1.262,0.105,4.969,22.36,95.21,15.09,0.019,2.992,0.175,0.073,0.108,0.181,0.019,2.237,0.052,0.056,0.219,48.05,0.011,0.046,7.075,0.027,33.31,63.27,0.963,0.186,8.8,"Approximate; raw foods reference-style, prepared foods recipe estimate"
830,Rose Milk,Gulab Dudh,गुलाब दूध,Rose Milk (Gulab Dudh - गुलाब दूध),Beverage,Sweetened rose-flavored milk,per 100 g edible portion,46.53,1.619,0.854,0.435,0.093,6.694,5.33,1.082,0.109,5.139,27.69,88.61,13.16,0.021,2.929,0.208,0.066,0.104,0.195,0.02,2.173,0.045,0.047,0.18,39.77,0.011,0.052,7.142,0.031,36.32,59.1,0.989,0.208,7.77,"Approximate; raw foods reference-style, prepared foods recipe estimate"
831,Badam Milk,Badam Dudh,बदाम दूध,Badam Milk (Badam Dudh - बदाम दूध),Beverage,Almond-flavored milk,per 100 g edible portion,48.73,1.629,0.808,0.425,0.11,6.398,5.616,1.139,0.108,4.573,21.37,85,13.53,0.021,2.822,0.173,0.074,0.105,0.22,0.019,1.997,0.052,0.046,0.207,40.6,0.009,0.049,6.907,0.028,36.47,72.14,1.069,0.222,8.09,"Approximate; raw foods reference-style, prepared foods recipe estimate"
832,Kesar Milk,Kesar Dudh,केसर दूध,Kesar Milk (Kesar Dudh - केसर दूध),Beverage,Saffron-flavored milk,per 100 g edible portion,43.7,1.43,0.824,0.433,0.091,7.407,5.771,1.187,0.095,5.224,26.94,85,13.31,0.02,3.262,0.194,0.072,0.089,0.221,0.018,1.893,0.044,0.054,0.192,40.43,0.011,0.05,6.283,0.032,33.97,71.28,1.039,0.216,8.12,"Approximate; raw foods reference-style, prepared foods recipe estimate"
833,Chaas Spiced,Masala Mohi,मसला मोही,Chaas Spiced (Masala Mohi - मसला मोही),Beverage,Spiced buttermilk,per 100 g edible portion,43.99,1.343,0.9,0.357,0.108,6.795,5.291,1.301,0.095,5.108,25.31,94.93,14.06,0.021,3.414,0.22,0.075,0.107,0.203,0.02,2.048,0.046,0.052,0.209,50.28,0.01,0.055,6.477,0.032,37.7,64.63,1.118,0.195,8.95,"Approximate; raw foods reference-style, prepared foods recipe estimate"
834,Plain Whey,Dahi ko Pani,दहीको पानी,Plain Whey (Dahi ko Pani - दहीको पानी),Beverage,Yogurt whey,per 100 g edible portion,47.56,1.478,0.8,0.387,0.112,7.541,5.772,1.319,0.089,5.478,27.92,85,15.85,0.021,3.312,0.182,0.063,0.111,0.216,0.022,2.229,0.045,0.049,0.2,45.09,0.009,0.051,6.669,0.032,31.4,62.95,0.933,0.185,8.77,"Approximate; raw foods reference-style, prepared foods recipe estimate"
835,Rice Kanji,Chamal Kanji,चामल कांजी,Rice Kanji (Chamal Kanji - चामल कांजी),Prepared Meal,Thin rice porridge,per 100 g edible portion,108.7,5.78,1.338,2.254,2.005,25.46,2.778,6.695,2.344,19.52,372.3,82,53.69,0.091,39.22,0.211,0.08,1.672,0.378,0.136,5.922,0.104,0.549,5.925,29.12,0.154,1.533,29.54,0.357,107.6,221.4,5.388,0.971,44.35,"Approximate; raw foods reference-style, prepared foods recipe estimate"
836,Millet Kanji,Kodo Kanji,कोदो कांजी,Millet Kanji (Kodo Kanji - कोदो कांजी),Prepared Meal,Thin millet porridge,per 100 g edible portion,113.3,6.621,1.4,2.03,1.854,22.93,2.391,7.734,2.507,17.94,406.7,82,59.54,0.088,33.38,0.186,0.08,1.615,0.383,0.147,6.51,0.088,0.665,5.268,27.58,0.155,1.534,26.45,0.36,122.3,204.6,5.455,0.908,48.38,"Approximate; raw foods reference-style, prepared foods recipe estimate"
837,Barley Kanji,Jau Kanji,जौ कांजी,Barley Kanji (Jau Kanji - जौ कांजी),Prepared Meal,Thin barley porridge,per 100 g edible portion,121.3,5.778,1.148,2.09,2.133,22.8,2.758,6.994,2.668,16.66,373.1,82,56.48,0.084,39.95,0.216,0.074,1.62,0.323,0.15,5.43,0.1,0.641,6.809,33.07,0.132,1.382,27.0,0.342,102.5,207.4,5.446,0.9,46.29,"Approximate; raw foods reference-style, prepared foods recipe estimate"
838,Chicken Khichdi,Chicken Khichadi,चिकेन खिचडी,Chicken Khichdi (Chicken Khichadi - चिकेन खिचडी),Prepared Meal,Rice-lentil porridge with chicken,per 100 g edible portion,156.6,5.599,1.331,1.967,2.036,21.43,2.253,7.298,2.584,19.68,381.9,66.99,62.19,0.097,34.13,0.173,0.08,1.532,0.353,0.136,6.489,0.108,0.658,6.071,30.44,0.143,1.413,33.07,0.334,119.4,205.2,5.445,1.092,47.47,"Approximate; raw foods reference-style, prepared foods recipe estimate"
839,Vegetable Khichdi,Veg Khichadi,भेज खिचडी,Vegetable Khichdi (Veg Khichadi - भेज खिचडी),Prepared Meal,Rice-lentil porridge with vegetables,per 100 g edible portion,178.0,6.125,1.186,2.281,2.078,22.8,2.491,7.822,2.664,19.83,396.2,55.09,51.33,0.086,32.27,0.209,0.088,1.441,0.317,0.154,6.217,0.109,0.644,6.812,33.49,0.142,1.428,33.23,0.349,101.2,222.3,6.687,1.044,49.96,"Approximate; raw foods reference-style, prepared foods recipe estimate"
840,Mung Khichdi,Mung Khichadi,मुङ खिचडी,Mung Khichdi (Mung Khichadi - मुङ खिचडी),Prepared Meal,Rice and mung dal porridge,per 100 g edible portion,176.6,6.334,1.165,1.931,2.016,26.19,2.607,7.121,2.375,19.33,367.8,61.28,57.51,0.095,30.59,0.175,0.083,1.381,0.331,0.132,6.006,0.09,0.652,5.982,28.88,0.133,1.277,28.72,0.353,97.76,219.3,5.499,1.076,45.31,"Approximate; raw foods reference-style, prepared foods recipe estimate"
841,Daliya,Daliya,दलिया,Daliya (Daliya - दलिया),Staple,Cooked broken wheat porridge,per 100 g edible portion,263.0,2.696,0.517,0.529,1.029,48.63,1.028,6.236,3.722,0,7.415,35.06,2.173,0.208,28.52,0,0.072,2.522,0.443,0.209,0,0,0.48,2.118,26.27,0.23,2.321,61.99,1.349,180.8,235.9,13.0,1.629,51.24,"Approximate; raw foods reference-style, prepared foods recipe estimate"
842,Milk Daliya,Dudh Daliya,दूध दलिया,Milk Daliya (Dudh Daliya - दूध दलिया),Prepared Meal,Broken wheat porridge with milk,per 100 g edible portion,164.5,5.33,1.233,1.899,1.969,24.58,2.645,6.918,2.371,15.85,384.9,61.72,55.35,0.093,35.82,0.202,0.076,1.339,0.392,0.16,5.286,0.108,0.615,5.87,28.33,0.126,1.368,33.02,0.348,99.26,197.9,5.674,1.106,44.61,"Approximate; raw foods reference-style, prepared foods recipe estimate"
843,Vegetable Daliya,Veg Daliya,भेज दलिया,Vegetable Daliya (Veg Daliya - भेज दलिया),Prepared Meal,Savory broken wheat with vegetables,per 100 g edible portion,168.4,5.577,1.344,2.334,1.983,25.3,2.545,7.673,2.157,19.11,366.1,61.25,62.97,0.1,38.58,0.196,0.082,1.633,0.378,0.137,6.405,0.094,0.627,5.91,31.23,0.155,1.281,27.33,0.342,116.3,184.5,6.437,0.921,45.94,"Approximate; raw foods reference-style, prepared foods recipe estimate"
844,Poha,Poha,पोहा,Poha (Poha - पोहा),Prepared Meal,Seasoned beaten rice,per 100 g edible portion,182.7,6.377,1.263,1.939,1.903,22.13,2.483,6.807,2.226,17.03,416.4,64.86,54.56,0.091,35.67,0.209,0.078,1.535,0.362,0.155,6.072,0.096,0.622,5.568,29.52,0.144,1.259,33.1,0.35,105.3,177.4,5.552,1.058,43.32,"Approximate; raw foods reference-style, prepared foods recipe estimate"
845,Vegetable Poha,Veg Poha,भेज पोहा,Vegetable Poha (Veg Poha - भेज पोहा),Prepared Meal,Beaten rice with vegetables,per 100 g edible portion,182.6,6.379,1.4,2.246,2.168,22.63,2.679,6.457,2.218,17.59,375.6,60.63,48.45,0.096,33.52,0.183,0.077,1.358,0.355,0.163,5.676,0.102,0.53,6.702,33.31,0.127,1.292,29.95,0.351,101.2,223.1,6.516,1.031,42.58,"Approximate; raw foods reference-style, prepared foods recipe estimate"
846,Peanut Poha,Badam Poha,बदाम पोहा,Peanut Poha (Badam Poha - बदाम पोहा),Prepared Meal,Beaten rice with peanuts,per 100 g edible portion,171.9,6.462,1.323,2.129,2.229,23.41,2.69,6.722,2.166,18.99,389.4,53.56,59.96,0.099,32.94,0.206,0.071,1.508,0.368,0.147,6.461,0.099,0.585,6.403,33.49,0.141,1.544,29.17,0.338,101.0,212.2,5.989,1.028,43.85,"Approximate; raw foods reference-style, prepared foods recipe estimate"
847,Upma,Upma,उपमा,Upma (Upma - उपमा),Prepared Meal,Semolina savory porridge,per 100 g edible portion,190.1,6.467,1.329,2.102,1.905,25.31,2.617,6.182,2.346,15.9,411.4,61.16,48.92,0.085,30.0,0.215,0.089,1.529,0.328,0.16,6.281,0.106,0.558,5.449,26.7,0.136,1.276,32.15,0.353,99.98,178.5,5.875,0.986,41.63,"Approximate; raw foods reference-style, prepared foods recipe estimate"
848,Vegetable Upma,Veg Upma,भेज उपमा,Vegetable Upma (Veg Upma - भेज उपमा),Prepared Meal,Semolina with vegetables,per 100 g edible portion,189.2,6.433,1.426,2.149,2.07,22.77,2.472,6.71,2.25,17.04,395.1,56.08,47.17,0.084,31.27,0.2,0.083,1.405,0.336,0.138,6.577,0.09,0.665,6.153,26.81,0.149,1.481,30.57,0.346,110.2,222.9,5.301,0.949,43.97,"Approximate; raw foods reference-style, prepared foods recipe estimate"
849,Idli,Idli,इडली,Idli (Idli - इडली),Prepared Meal,Steamed fermented rice-lentil cake,per 100 g edible portion,176.9,5.881,1.199,2.129,1.915,21.72,2.489,6.807,2.504,16.85,390.0,63.83,52.75,0.095,33.16,0.187,0.073,1.571,0.336,0.165,5.538,0.101,0.648,6.233,29.16,0.129,1.479,26.63,0.34,103.0,204.2,6.037,1.11,44.9,"Approximate; raw foods reference-style, prepared foods recipe estimate"
850,Dosa Plain,Sada Dosa,सादा डोसा,Dosa Plain (Sada Dosa - सादा डोसा),Prepared Meal,Fermented rice-lentil crepe,per 100 g edible portion,158.2,5.511,1.377,1.902,2.036,24.81,2.332,7.414,2.518,16.73,380.4,56.77,52.36,0.083,33.25,0.207,0.078,1.516,0.331,0.153,6.446,0.093,0.557,6.503,32.48,0.148,1.259,27.68,0.369,119.9,186.5,6.672,0.968,46.77,"Approximate; raw foods reference-style, prepared foods recipe estimate"
851,Masala Dosa,Masala Dosa,मसला डोसा,Masala Dosa (Masala Dosa - मसला डोसा),Prepared Meal,Dosa with spiced potato filling,per 100 g edible portion,195.7,5.292,1.407,2.014,2.213,24.14,2.273,7.678,2.154,16.11,372.8,53.92,47.97,0.083,30.08,0.18,0.071,1.55,0.351,0.134,6.102,0.099,0.637,6.649,27.87,0.151,1.535,28.47,0.38,120.1,204.2,5.533,0.887,46.6,"Approximate; raw foods reference-style, prepared foods recipe estimate"
852,Uttapam,Uttapam,उत्तपम,Uttapam (Uttapam - उत्तपम),Prepared Meal,Thick fermented rice-lentil pancake,per 100 g edible portion,169.9,5.862,1.404,2.125,1.933,23.18,2.201,6.95,2.246,18.07,327.4,59.43,48.48,0.085,37.85,0.187,0.078,1.552,0.376,0.133,6.025,0.088,0.67,6.135,31.27,0.148,1.399,28.12,0.311,115.8,200.1,5.685,0.952,44.27,"Approximate; raw foods reference-style, prepared foods recipe estimate"
853,Medu Vada,Medu Vada,मेदु वडा,Medu Vada (Medu Vada - मेदु वडा),Snack,Fried urad dal fritter,per 100 g edible portion,283.2,14.99,2.126,4.459,4.509,30.78,4.161,5.652,2.911,5.533,486.0,41.23,19.71,0.118,26.02,0.045,0.072,1.721,0.303,0.157,4.269,0,1.035,5.423,33.15,0.177,1.591,38.36,0.577,113.5,217.6,5.059,0.973,43.21,"Approximate; raw foods reference-style, prepared foods recipe estimate"
854,Sambar,Sambar,साम्बर,Sambar (Sambar - साम्बर),Prepared Meal,Lentil vegetable stew,per 100 g edible portion,173.0,5.607,1.174,2.024,1.945,22.29,2.521,6.498,2.481,20.0,366.0,57.34,59.07,0.099,31.63,0.211,0.078,1.428,0.313,0.145,5.622,0.108,0.611,5.916,28.97,0.156,1.476,29.59,0.338,111.5,201.0,6.495,1.004,43.86,"Approximate; raw foods reference-style, prepared foods recipe estimate"
855,Coconut Chutney,Nariwal Chutney,नरिवल चट्नी,Coconut Chutney (Nariwal Chutney - नरिवल चट्नी),Condiment,Coconut chutney,per 100 g edible portion,98.99,4.678,0.731,1.804,1.849,10.74,3.869,2.371,2.309,0,388.0,74.05,71.91,0.07,23.78,0,0.055,0.898,0.317,0.16,12.99,0,0.73,11.79,42.95,0.228,1.098,36.45,0.462,83.37,255.1,1.206,0.849,31.32,"Approximate; raw foods reference-style, prepared foods recipe estimate"
856,Tomato Soup,Golbheda Soup,गोलभेँडा सूप,Tomato Soup (Golbheda Soup - गोलभेँडा सूप),Prepared Meal,Tomato soup,per 100 g edible portion,115.0,6.433,1.171,1.908,2.172,23.88,2.8,6.774,2.286,19.89,433.8,82,56.09,0.099,31.33,0.226,0.078,1.381,0.37,0.133,6.101,0.103,0.58,6.722,31.68,0.152,1.489,33.13,0.343,109.4,176.8,6.423,1.0,44.11,"Approximate; raw foods reference-style, prepared foods recipe estimate"
857,Mushroom Soup,Chyau Soup,च्याउ सूप,Mushroom Soup (Chyau Soup - च्याउ सूप),Prepared Meal,Mushroom soup,per 100 g edible portion,116.3,6.23,1.238,2.01,1.793,26.29,2.429,6.958,2.445,18.2,391.1,82,47.63,0.084,36.25,0.199,0.086,1.616,0.352,0.147,6.446,0.096,0.654,6.326,26.88,0.153,1.412,29.19,0.325,111.8,185.3,6.527,1.033,45.03,"Approximate; raw foods reference-style, prepared foods recipe estimate"
858,Pumpkin Soup,Farsi Soup,फर्सी सूप,Pumpkin Soup (Farsi Soup - फर्सी सूप),Prepared Meal,Pumpkin soup,per 100 g edible portion,107.3,5.525,1.343,2.147,2.232,24.93,2.445,7.768,2.373,19.14,402.7,82,60.88,0.092,33.75,0.187,0.089,1.561,0.356,0.159,5.597,0.096,0.531,5.737,26.45,0.138,1.526,28.8,0.37,111.3,199.7,5.55,0.986,47.68,"Approximate; raw foods reference-style, prepared foods recipe estimate"
859,Spinach Soup,Palungo Soup,पालुङ्गो सूप,Spinach Soup (Palungo Soup - पालुङ्गो सूप),Prepared Meal,Spinach soup,per 100 g edible portion,116.7,5.507,1.41,2.157,1.801,26.41,2.726,6.251,2.383,17.71,368.9,82,56.45,0.093,38.11,0.216,0.075,1.387,0.334,0.164,5.3,0.089,0.637,5.592,27.42,0.128,1.561,33.58,0.343,103.8,216.3,6.322,0.912,43.02,"Approximate; raw foods reference-style, prepared foods recipe estimate"
860,Lentil Vegetable Soup,Dal Tarkari Soup,दाल तरकारी सूप,Lentil Vegetable Soup (Dal Tarkari Soup - दाल तरकारी सूप),Prepared Meal,Lentil and vegetable soup,per 100 g edible portion,113.5,5.829,1.192,1.958,1.985,25.98,2.26,7.689,2.502,19.99,395.8,82,58.4,0.088,35.02,0.207,0.081,1.64,0.324,0.155,6.254,0.106,0.614,5.981,28.77,0.149,1.484,27.63,0.371,121.1,207.3,6.503,1.085,48.18,"Approximate; raw foods reference-style, prepared foods recipe estimate"
861,Roasted Makhana Masala,Masala Makhana,मसला मखाना,Roasted Makhana Masala (Masala Makhana - मसला मखाना),Snack,Roasted seasoned fox nuts,per 100 g edible portion,241.3,11.62,2.386,4.317,4.504,31.8,3.995,6.321,3.182,6.331,520.3,44.24,19.72,0.111,33.32,0.043,0.079,1.521,0.27,0.153,3.997,0,0.99,5.705,32.0,0.179,1.904,41.94,0.523,127.4,239.4,5.303,1.051,48.38,"Approximate; raw foods reference-style, prepared foods recipe estimate"
862,Roasted Cashew,Bhuteko Kaju,भुटेको काजु,Roasted Cashew (Bhuteko Kaju - भुटेको काजु),Nut/Seed,Dry roasted cashews,per 100 g edible portion,494.5,45.35,6.343,14.12,20.05,17.83,2.969,20.65,9.739,0,8.088,5.584,1.115,0.512,94.76,0,0.214,4.04,0.768,0.542,0.99,0,6.365,4.018,143.8,1.266,5.512,231.7,1.816,508.9,648.3,12.59,3.941,100,"Approximate; raw foods reference-style, prepared foods recipe estimate"
863,Roasted Almond,Bhuteko Badam,भुटेको बदाम,Roasted Almond (Bhuteko Badam - भुटेको बदाम),Nut/Seed,Dry roasted almonds,per 100 g edible portion,561.3,48.83,5.786,16.5,20.04,17.7,2.711,19.13,9.322,0,7.952,5.173,1.092,0.464,91.8,0,0.218,3.904,0.749,0.51,1.003,0,7.428,4.007,160.8,1.226,4.694,257.6,1.851,498.7,632.3,11.55,3.882,100,"Approximate; raw foods reference-style, prepared foods recipe estimate"
864,Mixed Nuts,Mishrit Badam,मिश्रित बदाम,Mixed Nuts (Mishrit Badam - मिश्रित बदाम),Nut/Seed,Mixed nuts,per 100 g edible portion,573.8,46.9,5.923,17.82,17.9,19.79,2.703,18.16,10.01,0,8.641,5.245,1.059,0.475,87.06,0,0.214,4.431,0.842,0.525,1.0,0,6.712,4.516,150.8,1.154,5.563,244.9,2.133,445.0,587.2,11.5,4.09,100,"Approximate; raw foods reference-style, prepared foods recipe estimate"
